genmodel_id,year,entry_price
2_1,2016.0,29365.0
2_1,2017.0,26665.0
2_1,2018.0,26665.0
2_1,2019.0,29515.0
2_2,2009.0,13400.0
2_2,2010.0,13945.0
2_2,2011.0,13945.0
2_2,2012.0,13750.0
2_2,2013.0,13975.0
2_2,2014.0,13975.0
2_2,2015.0,14325.0
2_2,2016.0,14325.0
2_3,2010.0,17290.0
2_3,2011.0,16636.0
2_3,2012.0,16636.0
2_3,2013.0,15775.0
2_3,2014.0,15775.0
2_3,2015.0,16325.0
2_3,2016.0,16325.0
2_4,2012.0,17500.0
2_4,2013.0,17675.0
2_4,2014.0,14425.0
2_4,2015.0,14425.0
2_4,2016.0,14425.0
2_4,2017.0,14425.0
2_4,2018.0,15255.0
2_6,2016.0,20105.0
2_6,2017.0,20105.0
2_6,2018.0,20105.0
2_8,2008.0,13355.0
2_8,2009.0,13355.0
2_8,2010.0,14195.0
2_8,2011.0,14195.0
2_9,2010.0,16320.0
2_9,2011.0,16320.0
2_9,2012.0,16662.0
2_9,2013.0,16662.0
2_9,2014.0,16662.0
4_1,2001.0,12805.0
4_1,2002.0,12995.0
4_1,2003.0,13120.0
4_1,2004.0,13152.0
4_1,2005.0,13152.0
4_1,2006.0,13462.0
4_1,2007.0,13195.0
4_1,2008.0,13195.0
4_1,2009.0,13195.0
4_1,2010.0,14090.0
4_10,2016.0,28995.0
4_10,2017.0,28995.0
4_10,2018.0,29620.0
4_11,2010.0,16815.0
4_11,2011.0,16815.0
4_11,2012.0,17570.0
4_11,2013.0,17570.0
4_11,2014.0,17570.0
4_11,2015.0,18040.0
4_11,2016.0,18250.0
4_11,2017.0,18500.0
4_11,2018.0,19460.0
4_12,2004.0,20802.0
4_12,2005.0,21302.0
4_12,2006.0,19737.0
4_12,2007.0,16725.0
4_12,2008.0,16725.0
4_12,2009.0,18317.0
4_12,2010.0,19720.0
4_12,2011.0,19720.0
4_13,1998.0,21769.0
4_13,1999.0,22008.0
4_13,2000.0,19313.0
4_13,2001.0,19313.0
4_13,2002.0,19535.0
4_13,2003.0,19985.0
4_13,2004.0,20182.0
4_13,2005.0,20182.0
4_14,2009.0,10570.0
4_14,2010.0,11770.0
4_14,2011.0,11770.0
4_14,2012.0,12120.0
4_14,2013.0,12445.0
4_14,2014.0,12445.0
4_14,2015.0,12615.0
4_14,2016.0,12615.0
4_14,2017.0,12905.0
4_14,2018.0,12905.0
4_15,1998.0,23156.0
4_15,1999.0,23409.0
4_15,2000.0,19812.0
4_15,2001.0,19812.0
4_15,2002.0,19930.0
4_15,2003.0,20120.0
4_15,2004.0,20592.0
4_15,2005.0,20592.0
4_15,2006.0,25767.0
4_15,2007.0,25235.0
4_15,2008.0,25235.0
4_15,2009.0,25109.0
4_15,2010.0,26725.0
4_15,2011.0,26725.0
4_16,2017.0,33775.0
4_16,2018.0,33775.0
4_2,1998.0,17423.0
4_2,1999.0,13695.0
4_2,2000.0,13695.0
4_2,2001.0,13695.0
4_2,2002.0,14295.0
4_2,2003.0,14295.0
4_2,2004.0,14612.0
4_2,2005.0,14612.0
4_2,2006.0,17247.0
4_4,2006.0,18347.0
4_4,2007.0,18335.0
4_4,2008.0,18335.0
4_4,2009.0,18270.0
4_4,2010.0,18270.0
4_4,2011.0,20205.0
4_4,2012.0,22330.0
4_6,1998.0,23196.0
4_6,1999.0,21696.0
4_6,2000.0,19796.0
4_6,2001.0,20230.0
4_6,2002.0,20230.0
4_6,2003.0,20635.0
4_6,2004.0,20635.0
4_6,2005.0,20635.0
4_6,2006.0,21552.0
4_7,2014.0,44765.0
4_7,2015.0,44765.0
4_7,2016.0,51265.0
4_7,2017.0,52265.0
4_7,2018.0,52265.0
4_9,2006.0,22572.0
4_9,2007.0,22572.0
4_9,2008.0,22572.0
4_9,2009.0,23152.0
4_9,2010.0,24725.0
4_9,2011.0,24725.0
6_10,2010.0,149995.0
6_10,2011.0,149995.0
6_10,2012.0,149995.0
6_10,2013.0,149995.0
6_2,2016.0,157900.0
6_2,2017.0,144900.0
6_2,2018.0,144900.0
6_3,1998.0,84950.0
6_3,1999.0,84950.0
6_3,2000.0,84950.0
6_3,2001.0,78500.0
6_3,2002.0,94500.0
6_3,2003.0,97561.0
6_3,2004.0,97561.0
6_4,2004.0,103711.0
6_4,2005.0,103711.0
6_4,2006.0,107561.0
6_4,2007.0,110637.0
6_4,2008.0,111737.0
6_4,2009.0,109360.0
6_4,2010.0,120337.0
6_4,2011.0,123332.0
6_4,2012.0,125937.0
6_4,2013.0,125937.0
6_4,2014.0,132882.0
6_4,2015.0,134382.0
6_4,2016.0,140887.0
6_4,2017.0,152887.0
6_4,2018.0,152887.0
6_5,2008.0,160887.0
6_5,2009.0,159911.0
6_5,2010.0,171387.0
6_5,2011.0,171387.0
6_5,2012.0,171387.0
6_5,2013.0,181699.0
6_6,2010.0,140837.0
6_6,2011.0,145837.0
6_6,2012.0,146144.0
6_6,2013.0,146144.0
6_6,2014.0,146144.0
6_6,2015.0,146144.0
6_6,2016.0,150694.0
6_6,2017.0,150694.0
6_6,2018.0,150694.0
6_8,2001.0,158711.0
6_8,2002.0,158711.0
6_8,2003.0,158711.0
6_8,2004.0,164311.0
6_8,2005.0,164311.0
6_8,2006.0,164311.0
6_8,2007.0,177987.0
6_8,2012.0,189995.0
6_8,2013.0,189995.0
6_8,2014.0,189995.0
6_8,2015.0,189995.0
6_8,2016.0,195950.0
6_8,2017.0,195950.0
6_8,2018.0,198945.0
6_9,2005.0,80706.0
6_9,2006.0,80706.0
6_9,2007.0,83687.0
6_9,2008.0,83887.0
6_9,2009.0,82102.0
6_9,2010.0,89882.0
6_9,2011.0,89882.0
6_9,2012.0,86189.0
6_9,2013.0,86189.0
6_9,2014.0,86189.0
6_9,2015.0,86189.0
6_9,2016.0,88689.0
6_9,2017.0,88689.0
6_9,2018.0,120900.0
7_1,2010.0,13090.0
7_1,2011.0,13090.0
7_1,2012.0,13365.0
7_1,2013.0,13585.0
7_1,2014.0,14060.0
7_1,2015.0,14060.0
7_1,2016.0,14060.0
7_1,2017.0,14475.0
7_1,2018.0,15385.0
7_11,1998.0,22970.0
7_11,1999.0,22970.0
7_11,2000.0,20585.0
7_11,2001.0,20320.0
7_11,2002.0,20320.0
7_11,2003.0,20320.0
7_11,2004.0,20927.0
7_11,2005.0,22677.0
7_11,2006.0,24337.0
7_11,2007.0,25077.0
7_11,2008.0,24625.0
7_11,2009.0,24105.0
7_11,2010.0,25645.0
7_11,2011.0,26215.0
7_11,2012.0,26770.0
7_11,2013.0,30755.0
7_11,2014.0,30930.0
7_11,2015.0,30930.0
7_11,2016.0,32240.0
7_11,2017.0,32240.0
7_11,2018.0,32945.0
7_15,2010.0,42760.0
7_15,2011.0,39825.0
7_15,2012.0,39825.0
7_15,2013.0,40815.0
7_15,2014.0,40990.0
7_15,2015.0,40990.0
7_15,2016.0,46360.0
7_15,2017.0,46810.0
7_15,2018.0,46880.0
7_16,1998.0,36420.0
7_16,1999.0,36420.0
7_16,2000.0,36265.0
7_16,2001.0,34499.0
7_16,2002.0,38120.0
7_16,2003.0,38120.0
7_16,2004.0,45977.0
7_16,2005.0,45977.0
7_16,2006.0,48477.0
7_16,2007.0,49405.0
7_16,2008.0,49405.0
7_16,2009.0,48685.0
7_16,2010.0,50790.0
7_16,2011.0,50790.0
7_16,2012.0,51858.0
7_16,2013.0,53460.0
7_16,2014.0,53460.0
7_16,2015.0,59345.0
7_16,2016.0,59385.0
7_16,2017.0,60035.0
7_16,2018.0,64620.0
7_18,2016.0,20175.0
7_18,2017.0,20175.0
7_18,2018.0,21445.0
7_19,2011.0,24390.0
7_19,2012.0,24390.0
7_19,2013.0,23690.0
7_19,2014.0,23690.0
7_19,2015.0,23690.0
7_19,2016.0,25595.0
7_19,2017.0,26095.0
7_19,2018.0,26095.0
7_2,2000.0,13770.0
7_2,2001.0,13020.0
7_2,2002.0,13020.0
7_2,2003.0,13020.0
7_2,2004.0,12572.0
7_2,2005.0,12572.0
7_20,2008.0,26845.0
7_20,2009.0,25475.0
7_20,2010.0,26330.0
7_20,2011.0,26330.0
7_20,2012.0,27500.0
7_20,2013.0,29850.0
7_20,2014.0,30605.0
7_20,2015.0,31025.0
7_20,2016.0,31025.0
7_20,2017.0,32380.0
7_20,2018.0,38505.0
7_21,2006.0,37077.0
7_21,2007.0,37077.0
7_21,2008.0,37725.0
7_21,2009.0,37950.0
7_21,2010.0,37950.0
7_21,2011.0,39455.0
7_21,2012.0,39495.0
7_21,2013.0,39495.0
7_21,2014.0,43355.0
7_21,2015.0,44455.0
7_21,2016.0,44455.0
7_21,2017.0,48255.0
7_21,2018.0,50855.0
7_23,2007.0,76475.0
7_23,2008.0,77845.0
7_23,2009.0,76950.0
7_23,2010.0,82095.0
7_23,2011.0,84095.0
7_23,2012.0,86880.0
7_23,2013.0,86880.0
7_23,2014.0,91590.0
7_23,2015.0,92590.0
7_23,2016.0,118345.0
7_23,2017.0,107945.0
7_23,2018.0,110395.0
7_3,1998.0,15051.0
7_3,1999.0,15051.0
7_3,2000.0,15050.0
7_3,2001.0,14475.0
7_3,2002.0,14475.0
7_3,2003.0,14475.0
7_3,2004.0,14475.0
7_3,2005.0,14877.0
7_3,2006.0,14877.0
7_3,2007.0,14780.0
7_3,2008.0,14770.0
7_3,2009.0,14480.0
7_3,2010.0,15565.0
7_3,2011.0,15875.0
7_3,2012.0,16400.0
7_3,2013.0,17160.0
7_3,2014.0,18225.0
7_3,2015.0,18225.0
7_3,2016.0,18810.0
7_3,2017.0,18810.0
7_3,2018.0,20170.0
7_3,2019.0,21610.0
7_3,2020.0,22500.0
7_46,1999.0,26470.0
7_46,2000.0,23870.0
7_46,2001.0,23870.0
7_46,2002.0,21270.0
7_46,2003.0,21270.0
7_46,2004.0,20527.0
7_46,2005.0,20527.0
7_46,2006.0,20887.0
7_46,2007.0,21087.0
7_46,2008.0,23710.0
7_46,2009.0,23710.0
7_46,2010.0,24230.0
7_46,2011.0,23885.0
7_46,2012.0,23885.0
7_46,2013.0,24165.0
7_46,2014.0,24435.0
7_46,2015.0,26965.0
7_46,2016.0,26965.0
7_46,2017.0,27400.0
7_46,2018.0,28595.0
7_49,2018.0,63745.0
7_5,1998.0,16879.0
7_5,1999.0,16879.0
7_5,2000.0,16015.0
7_5,2001.0,17510.0
7_5,2002.0,17510.0
7_5,2003.0,17510.0
7_5,2004.0,18017.0
7_5,2005.0,18317.0
7_5,2006.0,18997.0
7_5,2007.0,18997.0
7_5,2008.0,19670.0
7_5,2009.0,19260.0
7_5,2010.0,21105.0
7_5,2011.0,21525.0
7_5,2012.0,21980.0
7_5,2013.0,21980.0
7_5,2014.0,23730.0
7_5,2015.0,24450.0
7_5,2016.0,24450.0
7_5,2017.0,26295.0
7_5,2018.0,27595.0
7_9,2007.0,25975.0
7_9,2008.0,24480.0
7_9,2009.0,23505.0
7_9,2010.0,24020.0
7_9,2011.0,24720.0
7_9,2012.0,25245.0
7_9,2013.0,25245.0
7_9,2014.0,26245.0
7_9,2015.0,26595.0
7_9,2016.0,26595.0
7_9,2017.0,29135.0
7_9,2018.0,31320.0
10_1,1998.0,145000.0
10_1,1999.0,145000.0
10_1,2000.0,145000.0
10_1,2001.0,145000.0
10_1,2002.0,149000.0
10_1,2003.0,151500.0
10_1,2004.0,159802.0
10_1,2005.0,159802.0
10_1,2006.0,160000.0
10_1,2007.0,166000.0
10_1,2008.0,168500.0
10_1,2009.0,164900.0
10_1,2010.0,174400.0
10_3,2015.0,160200.0
10_3,2016.0,135800.0
10_3,2017.0,135800.0
10_3,2018.0,135800.0
10_4,2007.0,230000.0
10_4,2008.0,230000.0
10_4,2009.0,225100.0
10_4,2010.0,241539.0
10_5,2003.0,110000.0
10_5,2004.0,110000.0
10_5,2005.0,113370.0
10_5,2006.0,115620.0
10_5,2007.0,117500.0
10_5,2008.0,120500.0
10_5,2009.0,117900.0
10_5,2010.0,123800.0
10_5,2011.0,123800.0
10_5,2012.0,123850.0
10_5,2013.0,125000.0
10_5,2014.0,130000.0
10_5,2015.0,136500.0
10_5,2016.0,140300.0
10_5,2017.0,140300.0
10_5,2018.0,140300.0
10_6,2012.0,140900.0
10_6,2013.0,136000.0
10_6,2014.0,136000.0
10_6,2015.0,142800.0
10_6,2016.0,132800.0
10_6,2017.0,132800.0
10_6,2018.0,132800.0
10_6,2019.0,132800.0
10_6,2020.0,132800.0
10_7,2010.0,220000.0
10_7,2011.0,220000.0
10_7,2012.0,224700.0
10_7,2013.0,225900.0
10_7,2014.0,228200.0
10_7,2015.0,229360.0
10_7,2016.0,229360.0
10_7,2017.0,229360.0
10_7,2018.0,229360.0
10_7,2019.0,229360.0
10_7,2020.0,238700.0
10_7,2021.0,238700.0
8_1,2004.0,15507.0
8_1,2005.0,15507.0
8_1,2006.0,15807.0
8_1,2007.0,15807.0
8_1,2008.0,15955.0
8_1,2009.0,16235.0
8_1,2010.0,16605.0
8_1,2011.0,17430.0
8_1,2012.0,17125.0
8_1,2013.0,17455.0
8_1,2014.0,17720.0
8_1,2015.0,17720.0
8_1,2016.0,20190.0
8_1,2017.0,21205.0
8_1,2018.0,21205.0
8_1,2019.0,22790.0
8_11,2004.0,45057.0
8_11,2005.0,45057.0
8_11,2006.0,46082.0
8_11,2007.0,46822.0
8_11,2008.0,47720.0
8_11,2009.0,50720.0
8_11,2010.0,50720.0
8_11,2011.0,55050.0
8_11,2012.0,59195.0
8_11,2013.0,59490.0
8_11,2014.0,60230.0
8_11,2015.0,59025.0
8_11,2016.0,59025.0
8_11,2017.0,46555.0
8_11,2018.0,43525.0
8_11,2019.0,43525.0
8_11,2020.0,43645.0
8_11,2021.0,43645.0
8_14,1998.0,36300.0
8_14,1999.0,37370.0
8_14,2000.0,37370.0
8_14,2001.0,37370.0
8_14,2002.0,38495.0
8_14,2003.0,44370.0
8_14,2004.0,44627.0
8_14,2005.0,45747.0
8_14,2006.0,47942.0
8_14,2007.0,48492.0
8_14,2008.0,51595.0
8_14,2009.0,51595.0
8_14,2010.0,55030.0
8_14,2011.0,55030.0
8_14,2012.0,57050.0
8_14,2013.0,57925.0
8_14,2014.0,58075.0
8_14,2015.0,58075.0
8_14,2016.0,58075.0
8_14,2017.0,61085.0
8_14,2018.0,61085.0
8_16,2012.0,55285.0
8_16,2013.0,54560.0
8_16,2014.0,54560.0
8_16,2015.0,54560.0
8_16,2016.0,57060.0
8_16,2017.0,57060.0
8_16,2018.0,57060.0
8_18,2010.0,69695.0
8_18,2011.0,69695.0
8_18,2012.0,71055.0
8_18,2013.0,74255.0
8_18,2014.0,74255.0
8_18,2015.0,74255.0
8_18,2016.0,74255.0
8_18,2017.0,74255.0
8_18,2018.0,74255.0
8_19,2011.0,92005.0
8_19,2012.0,92005.0
8_19,2013.0,92175.0
8_19,2014.0,95175.0
8_19,2015.0,95175.0
8_19,2016.0,95175.0
8_19,2017.0,95175.0
8_19,2018.0,95175.0
8_2,2013.0,24210.0
8_2,2014.0,22070.0
8_2,2015.0,22070.0
8_2,2016.0,22300.0
8_2,2017.0,23315.0
8_2,2018.0,23315.0
8_23,2011.0,55730.0
8_23,2012.0,55730.0
8_23,2013.0,56720.0
8_23,2014.0,56715.0
8_23,2015.0,56715.0
8_23,2016.0,56720.0
8_23,2017.0,56720.0
8_23,2018.0,56720.0
8_27,2013.0,30625.0
8_27,2014.0,30625.0
8_27,2015.0,30925.0
8_27,2016.0,30925.0
8_27,2017.0,30925.0
8_27,2018.0,33015.0
8_28,2014.0,99790.0
8_28,2015.0,99790.0
8_28,2016.0,104485.0
8_28,2017.0,104605.0
8_28,2018.0,106255.0
8_28,2019.0,114880.0
8_28,2020.0,115050.0
8_35,2009.0,23150.0
8_35,2010.0,23150.0
8_35,2011.0,23150.0
8_35,2012.0,23875.0
8_35,2013.0,23875.0
8_35,2014.0,24175.0
8_35,2015.0,24175.0
8_35,2016.0,24175.0
8_35,2017.0,26685.0
8_35,2018.0,26685.0
8_36,2017.0,29780.0
8_36,2018.0,29780.0
8_37,2004.0,25972.0
8_37,2005.0,24807.0
8_37,2006.0,24807.0
8_37,2007.0,25057.0
8_37,2008.0,27665.0
8_37,2009.0,27665.0
8_37,2010.0,28480.0
8_37,2011.0,28480.0
8_37,2012.0,28405.0
8_37,2013.0,28790.0
8_37,2014.0,28790.0
8_37,2015.0,31110.0
8_37,2016.0,31110.0
8_37,2017.0,33900.0
8_37,2018.0,34590.0
8_38,2014.0,36395.0
8_38,2015.0,36695.0
8_38,2016.0,37345.0
8_38,2017.0,37435.0
8_38,2018.0,38285.0
8_39,2000.0,32820.0
8_39,2001.0,32820.0
8_39,2002.0,32960.0
8_39,2003.0,32960.0
8_39,2004.0,33770.0
8_39,2005.0,35252.0
8_39,2006.0,35987.0
8_39,2007.0,36527.0
8_39,2008.0,39645.0
8_39,2009.0,39875.0
8_39,2010.0,41445.0
8_39,2011.0,41445.0
8_39,2012.0,44555.0
8_39,2013.0,42395.0
8_39,2014.0,42395.0
8_39,2015.0,42745.0
8_39,2016.0,43545.0
8_39,2017.0,46985.0
8_39,2018.0,47885.0
8_41,2008.0,41700.0
8_41,2009.0,42090.0
8_41,2010.0,43325.0
8_41,2011.0,44800.0
8_41,2012.0,45885.0
8_41,2013.0,46700.0
8_41,2014.0,47160.0
8_41,2015.0,48830.0
8_41,2016.0,51575.0
8_41,2017.0,51575.0
8_41,2018.0,58505.0
8_41,2019.0,60940.0
8_43,1998.0,21330.0
8_43,1999.0,19815.0
8_43,2000.0,18810.0
8_43,2001.0,18810.0
8_43,2002.0,18810.0
8_45,2003.0,24070.0
8_45,2004.0,22567.0
8_45,2005.0,22567.0
8_45,2006.0,22567.0
8_45,2007.0,22757.0
8_45,2008.0,23995.0
8_45,2009.0,23582.0
8_45,2010.0,29215.0
8_45,2011.0,29215.0
8_45,2012.0,27385.0
8_45,2013.0,27385.0
8_45,2014.0,27505.0
8_45,2015.0,27505.0
8_45,2016.0,27505.0
8_45,2017.0,29455.0
8_45,2018.0,29455.0
8_5,1998.0,14520.0
8_5,1999.0,13650.0
8_5,2000.0,13970.0
8_5,2001.0,14520.0
8_5,2002.0,16100.0
8_5,2003.0,15825.0
8_5,2004.0,15812.0
8_5,2005.0,15812.0
8_5,2006.0,19712.0
8_5,2007.0,19807.0
8_5,2008.0,20520.0
8_5,2009.0,21175.0
8_5,2010.0,21975.0
8_5,2011.0,21975.0
8_5,2012.0,22510.0
8_5,2013.0,23005.0
8_5,2014.0,23370.0
8_5,2015.0,23370.0
8_5,2016.0,24070.0
8_5,2017.0,25525.0
8_5,2018.0,26575.0
8_5,2019.0,27540.0
8_5,2020.0,34370.0
8_7,2013.0,29005.0
8_7,2014.0,29225.0
8_7,2015.0,29225.0
8_7,2016.0,30075.0
8_7,2017.0,30075.0
8_7,2018.0,30425.0
8_9,1998.0,24230.0
8_9,1999.0,24230.0
8_9,2000.0,23180.0
8_9,2001.0,22950.0
8_9,2002.0,23360.0
8_9,2003.0,23360.0
8_9,2004.0,25297.0
8_9,2005.0,25752.0
8_9,2006.0,25752.0
8_9,2007.0,25752.0
8_9,2008.0,26810.0
8_9,2009.0,27255.0
8_9,2010.0,27860.0
8_9,2011.0,27990.0
8_9,2012.0,29975.0
8_9,2013.0,29775.0
8_9,2014.0,30210.0
8_9,2015.0,30210.0
8_9,2016.0,31060.0
8_9,2017.0,31060.0
8_9,2018.0,35620.0
14_1,2005.0,20500.0
14_1,2006.0,20500.0
14_1,2007.0,20475.0
14_1,2008.0,20475.0
14_1,2009.0,20778.0
14_1,2010.0,21730.0
14_2,2005.0,24625.0
14_2,2006.0,24625.0
14_2,2007.0,24647.0
14_2,2008.0,24647.0
14_2,2009.0,24647.0
14_2,2010.0,27117.0
14_3,2005.0,44647.0
14_3,2006.0,44647.0
14_3,2007.0,44647.0
14_3,2008.0,44647.0
14_3,2009.0,45653.0
14_3,2010.0,55215.0
14_4,2006.0,29647.0
14_4,2007.0,27747.0
14_4,2008.0,27620.0
14_4,2009.0,27057.0
14_5,2008.0,33540.0
14_5,2009.0,32826.0
14_5,2010.0,35291.0
16_10,2004.0,6832.0
16_10,2005.0,6832.0
16_10,2006.0,6932.0
16_10,2007.0,7032.0
16_10,2008.0,7100.0
16_10,2009.0,6949.0
16_11,2004.0,9312.0
16_11,2005.0,8807.0
16_11,2006.0,8807.0
16_11,2007.0,9607.0
16_11,2008.0,9770.0
16_11,2009.0,9587.0
16_11,2010.0,10740.0
16_11,2011.0,10740.0
16_11,2012.0,10970.0
16_12,2004.0,5832.0
16_12,2005.0,5832.0
16_12,2006.0,5832.0
16_13,2010.0,16090.0
16_13,2011.0,16090.0
16_13,2012.0,16090.0
16_13,2013.0,17270.0
16_13,2014.0,17815.0
16_13,2015.0,17815.0
16_13,2016.0,17815.0
16_14,2010.0,6890.0
16_14,2011.0,6890.0
16_14,2012.0,7320.0
16_14,2013.0,7320.0
16_14,2014.0,8820.0
16_14,2015.0,8820.0
16_14,2016.0,8820.0
16_16,2005.0,10792.0
16_16,2006.0,10792.0
16_16,2007.0,11067.0
16_16,2008.0,11240.0
16_16,2009.0,11187.0
16_18,2012.0,15265.0
16_18,2013.0,15265.0
16_18,2014.0,15265.0
16_18,2015.0,15265.0
16_18,2016.0,15265.0
16_19,2012.0,34940.0
16_19,2013.0,34940.0
16_19,2014.0,35200.0
16_19,2015.0,35200.0
16_19,2016.0,35200.0
16_2,2008.0,7520.0
16_2,2009.0,7360.0
16_2,2010.0,8370.0
16_2,2011.0,8830.0
16_2,2012.0,9140.0
16_2,2013.0,10240.0
16_2,2014.0,10690.0
16_2,2015.0,10690.0
16_2,2016.0,10690.0
16_3,1999.0,22075.0
16_3,2000.0,22925.0
16_3,2001.0,22925.0
16_3,2002.0,22925.0
16_3,2003.0,22925.0
16_3,2004.0,22925.0
16_4,2011.0,33940.0
16_4,2012.0,33940.0
16_4,2013.0,33940.0
16_4,2014.0,34200.0
16_4,2015.0,34200.0
16_4,2016.0,34200.0
16_5,2007.0,16740.0
16_5,2008.0,15730.0
16_5,2009.0,15730.0
16_5,2010.0,17925.0
16_5,2011.0,18540.0
16_5,2012.0,21675.0
16_5,2013.0,21070.0
16_5,2014.0,21070.0
16_5,2015.0,21070.0
16_5,2016.0,21070.0
16_7,2009.0,11790.0
16_7,2010.0,12590.0
16_7,2011.0,13185.0
16_7,2012.0,13585.0
16_7,2013.0,14050.0
16_7,2014.0,14340.0
16_7,2015.0,14565.0
16_7,2016.0,14565.0
16_8,2008.0,13330.0
16_8,2009.0,13438.0
16_8,2010.0,14325.0
17_1,2005.0,25542.0
17_1,2006.0,25542.0
17_1,2007.0,26002.0
17_1,2008.0,27240.0
17_1,2009.0,23725.0
17_1,2010.0,23725.0
17_1,2011.0,26390.0
17_1,2012.0,35615.0
17_1,2013.0,35610.0
17_1,2014.0,29465.0
17_1,2015.0,29480.0
17_1,2016.0,29480.0
17_10,2011.0,10640.0
17_10,2012.0,10640.0
17_10,2013.0,9840.0
17_10,2014.0,9840.0
17_10,2015.0,9940.0
17_10,2016.0,9940.0
17_2,2003.0,27075.0
17_2,2004.0,27082.0
17_2,2005.0,24792.0
17_2,2006.0,24792.0
17_2,2007.0,24645.0
17_2,2008.0,24645.0
17_3,2011.0,16510.0
17_3,2012.0,16510.0
17_3,2013.0,15805.0
17_3,2014.0,15805.0
17_4,1998.0,21745.0
17_4,1999.0,21745.0
17_4,2000.0,21745.0
17_4,2001.0,21745.0
17_4,2002.0,23710.0
17_4,2003.0,23910.0
17_4,2004.0,23917.0
17_4,2005.0,25517.0
17_4,2006.0,25587.0
17_4,2007.0,25740.0
17_4,2008.0,25545.0
17_4,2009.0,25001.0
17_4,2010.0,26120.0
17_4,2011.0,26390.0
17_4,2012.0,27360.0
17_4,2013.0,27590.0
17_4,2014.0,27590.0
17_4,2015.0,27620.0
17_4,2016.0,27620.0
17_5,1998.0,11820.0
17_5,1999.0,10815.0
17_5,2000.0,10815.0
17_5,2001.0,10815.0
17_5,2002.0,10815.0
17_5,2003.0,12515.0
17_7,2000.0,14815.0
17_7,2001.0,14815.0
17_7,2002.0,13315.0
17_7,2003.0,12810.0
17_7,2004.0,12797.0
17_7,2005.0,12792.0
17_7,2006.0,12792.0
17_7,2007.0,12740.0
17_7,2008.0,12740.0
17_7,2009.0,15870.0
17_8,2001.0,22815.0
17_8,2002.0,22815.0
17_8,2007.0,17780.0
17_8,2008.0,18080.0
17_8,2009.0,17695.0
17_8,2010.0,18170.0
17_9,1998.0,18245.0
17_9,1999.0,18245.0
17_9,2000.0,18245.0
17_9,2001.0,17835.0
17_9,2002.0,18315.0
17_9,2003.0,18297.0
17_9,2004.0,18297.0
17_9,2005.0,18292.0
17_9,2006.0,18292.0
17_9,2007.0,18502.0
17_9,2008.0,18505.0
18_10,2009.0,11290.0
18_10,2010.0,12240.0
18_10,2011.0,12515.0
18_10,2012.0,13010.0
18_10,2013.0,12800.0
18_10,2014.0,12800.0
18_10,2015.0,12880.0
18_10,2016.0,12880.0
18_10,2017.0,16920.0
18_10,2018.0,17290.0
18_11,2003.0,11845.0
18_11,2004.0,11932.0
18_11,2005.0,12032.0
18_11,2006.0,12232.0
18_11,2007.0,12332.0
18_11,2008.0,12332.0
18_11,2009.0,12851.0
18_11,2010.0,14535.0
18_12,2004.0,10932.0
18_12,2005.0,10932.0
18_12,2006.0,10932.0
18_12,2007.0,11332.0
18_12,2008.0,11905.0
18_12,2009.0,11936.0
18_12,2010.0,13090.0
18_12,2011.0,14335.0
18_12,2012.0,13820.0
18_12,2013.0,13815.0
18_12,2014.0,13815.0
18_12,2015.0,14055.0
18_12,2016.0,14590.0
18_12,2017.0,15540.0
18_12,2018.0,15540.0
18_13,2014.0,12935.0
18_13,2015.0,12935.0
18_13,2016.0,12935.0
18_13,2017.0,13205.0
18_13,2018.0,13575.0
18_13,2019.0,17070.0
18_13,2020.0,19370.0
18_13,2021.0,20205.0
18_14,2007.0,14267.0
18_14,2008.0,13730.0
18_14,2009.0,13477.0
18_14,2010.0,13765.0
18_14,2011.0,16135.0
18_14,2012.0,16830.0
18_14,2013.0,16830.0
18_14,2014.0,17305.0
18_14,2015.0,17560.0
18_14,2016.0,17560.0
18_14,2017.0,18940.0
18_14,2018.0,20905.0
18_14,2019.0,21475.0
18_14,2020.0,23260.0
18_15,2001.0,14430.0
18_15,2002.0,14430.0
18_15,2003.0,14530.0
18_15,2004.0,14597.0
18_15,2005.0,14170.0
18_15,2006.0,13942.0
18_15,2007.0,14042.0
18_15,2008.0,14170.0
18_15,2009.0,15297.0
18_15,2010.0,16925.0
18_15,2011.0,19140.0
18_15,2012.0,19840.0
18_15,2013.0,19840.0
18_15,2014.0,20400.0
18_15,2015.0,20675.0
18_15,2016.0,21615.0
18_15,2017.0,24340.0
18_16,2006.0,27847.0
18_16,2007.0,27847.0
18_16,2008.0,26770.0
18_16,2009.0,26770.0
18_16,2010.0,28525.0
18_16,2011.0,34515.0
18_16,2012.0,39660.0
18_17,2003.0,18115.0
18_17,2004.0,18397.0
18_17,2005.0,18752.0
18_17,2006.0,18792.0
18_17,2007.0,19407.0
18_17,2008.0,19435.0
18_17,2009.0,19800.0
18_17,2010.0,23365.0
18_18,2006.0,18379.0
18_18,2007.0,18379.0
18_18,2008.0,18639.0
18_18,2009.0,19065.0
18_18,2010.0,20955.0
18_18,2011.0,21305.0
18_18,2012.0,21990.0
18_18,2013.0,22610.0
18_18,2014.0,23090.0
18_18,2015.0,23505.0
18_18,2016.0,23505.0
18_18,2019.0,26695.0
18_18,2020.0,26320.0
18_2,1998.0,10660.0
18_2,1999.0,10660.0
18_2,2000.0,9315.0
18_2,2001.0,8830.0
18_2,2002.0,8830.0
18_2,2003.0,9130.0
18_2,2004.0,9312.0
18_2,2005.0,9712.0
18_2,2006.0,9927.0
18_2,2007.0,10127.0
18_2,2008.0,10420.0
18_2,2009.0,10394.0
18_2,2010.0,10665.0
18_2,2018.0,18630.0
18_24,2007.0,14767.0
18_24,2008.0,14730.0
18_24,2009.0,14456.0
18_24,2010.0,14765.0
18_24,2011.0,17535.0
18_24,2012.0,18230.0
18_24,2013.0,18230.0
18_24,2014.0,19005.0
18_24,2015.0,19260.0
18_24,2016.0,19260.0
18_24,2017.0,20640.0
18_24,2018.0,23205.0
18_25,2008.0,9795.0
18_25,2009.0,9790.0
18_25,2010.0,10185.0
18_25,2011.0,10185.0
18_25,2012.0,12390.0
18_25,2013.0,12390.0
18_26,1998.0,6845.0
18_26,1999.0,6820.0
18_26,2000.0,5830.0
18_26,2001.0,5830.0
18_26,2002.0,5830.0
18_26,2003.0,6670.0
18_27,2016.0,27750.0
18_27,2017.0,28350.0
18_27,2018.0,29120.0
18_28,1998.0,16200.0
18_28,1999.0,16200.0
18_28,2000.0,16200.0
18_28,2001.0,17060.0
18_28,2002.0,17505.0
18_29,1998.0,9845.0
18_29,1999.0,9815.0
18_29,2000.0,9815.0
18_29,2001.0,9515.0
18_29,2002.0,9850.0
18_29,2003.0,9850.0
18_29,2004.0,10432.0
18_3,2008.0,10730.0
18_3,2009.0,10697.0
18_3,2010.0,11305.0
18_3,2011.0,11305.0
18_3,2012.0,12570.0
18_3,2013.0,12570.0
18_3,2014.0,12730.0
18_3,2015.0,13050.0
18_3,2016.0,13050.0
18_30,2000.0,13420.0
18_30,2001.0,12630.0
18_30,2002.0,12630.0
18_30,2003.0,12830.0
18_30,2004.0,13112.0
18_30,2005.0,11062.0
18_30,2006.0,11062.0
18_30,2007.0,11162.0
18_30,2008.0,11780.0
18_30,2009.0,12009.0
18_30,2010.0,17390.0
18_31,1998.0,11370.0
18_31,1999.0,11370.0
18_31,2000.0,12815.0
18_31,2001.0,11815.0
18_4,2007.0,19730.0
18_4,2008.0,19730.0
18_4,2009.0,19604.0
18_4,2010.0,20075.0
18_4,2011.0,23990.0
18_4,2012.0,25330.0
18_4,2013.0,25330.0
18_5,2010.0,33100.0
18_5,2011.0,33100.0
18_5,2012.0,26161.0
18_5,2013.0,26161.0
18_5,2014.0,26161.0
18_5,2015.0,26161.0
18_5,2016.0,16940.0
18_5,2017.0,20440.0
18_5,2018.0,20440.0
18_5,2019.0,20440.0
18_6,2005.0,6382.0
18_6,2006.0,6482.0
18_6,2007.0,6817.0
18_6,2008.0,7110.0
18_6,2009.0,7296.0
18_6,2010.0,8405.0
18_6,2011.0,7940.0
18_6,2012.0,7940.0
18_6,2013.0,7940.0
18_6,2014.0,8040.0
18_6,2015.0,8190.0
18_6,2016.0,8290.0
18_6,2017.0,8660.0
18_6,2018.0,8945.0
18_7,2003.0,7365.0
18_7,2004.0,7452.0
18_7,2005.0,7852.0
18_7,2006.0,7830.0
18_7,2007.0,7830.0
18_7,2008.0,7830.0
18_7,2009.0,7830.0
18_7,2010.0,8720.0
18_8,2002.0,8370.0
18_8,2003.0,8370.0
18_8,2004.0,8852.0
18_8,2005.0,9002.0
18_8,2006.0,7852.0
18_8,2007.0,7830.0
18_8,2008.0,7830.0
18_8,2009.0,7830.0
18_8,2010.0,9255.0
18_8,2011.0,9290.0
18_8,2012.0,10840.0
18_8,2013.0,10715.0
18_8,2014.0,10715.0
18_8,2015.0,11020.0
18_8,2016.0,10940.0
18_8,2017.0,10940.0
18_8,2018.0,11360.0
18_9,2017.0,13780.0
18_9,2018.0,13780.0
19_1,2005.0,45647.0
19_1,2006.0,45647.0
19_1,2007.0,45540.0
19_1,2008.0,45540.0
19_1,2009.0,44571.0
19_1,2010.0,48573.0
19_3,2013.0,60375.0
19_3,2014.0,60375.0
19_3,2015.0,60375.0
19_3,2016.0,60375.0
22_1,2012.0,8770.0
22_1,2013.0,8765.0
22_1,2014.0,9260.0
22_1,2015.0,9260.0
22_1,2016.0,9260.0
22_1,2017.0,9240.0
22_1,2018.0,9240.0
22_2,2012.0,6815.0
22_2,2013.0,6815.0
22_2,2014.0,6810.0
22_2,2015.0,6810.0
22_2,2016.0,6810.0
22_2,2017.0,6940.0
22_2,2018.0,7080.0
22_3,2012.0,5820.0
22_3,2013.0,5815.0
22_3,2014.0,5810.0
22_3,2015.0,5810.0
22_3,2016.0,5810.0
22_3,2017.0,5780.0
22_3,2018.0,5780.0
22_3,2019.0,5940.0
22_3,2020.0,6765.0
22_3,2021.0,6765.0
23_1,2002.0,7345.0
23_1,2003.0,6825.0
23_1,2004.0,6812.0
23_1,2005.0,6812.0
23_2,2004.0,9312.0
23_2,2005.0,9312.0
23_2,2006.0,9312.0
23_3,1998.0,6145.0
23_3,1999.0,6315.0
23_3,2000.0,6470.0
23_3,2001.0,5850.0
23_3,2002.0,5850.0
23_3,2003.0,5832.0
23_3,2004.0,5552.0
23_3,2005.0,5552.0
23_4,1998.0,11845.0
23_4,1999.0,11620.0
23_4,2000.0,9815.0
23_4,2001.0,9815.0
23_4,2002.0,9815.0
23_4,2003.0,10312.0
23_4,2004.0,10312.0
23_4,2005.0,10312.0
23_5,2000.0,10815.0
23_5,2001.0,10815.0
23_5,2002.0,10815.0
23_5,2003.0,10310.0
23_5,2004.0,10297.0
23_5,2005.0,10297.0
23_6,1998.0,8315.0
23_6,1999.0,7815.0
23_6,2000.0,7315.0
23_6,2001.0,7315.0
23_6,2002.0,7315.0
23_6,2003.0,7330.0
23_7,1998.0,13645.0
23_7,1999.0,13620.0
23_7,2000.0,10815.0
23_7,2001.0,10815.0
23_7,2002.0,10815.0
23_8,1998.0,17820.0
23_8,1999.0,17815.0
23_8,2000.0,17815.0
23_8,2001.0,17810.0
23_8,2002.0,16815.0
23_8,2003.0,17810.0
24_2,1998.0,7655.0
24_2,1999.0,7815.0
24_2,2000.0,7815.0
24_2,2001.0,7815.0
24_2,2002.0,5895.0
24_2,2003.0,5895.0
24_2,2004.0,6182.0
24_2,2005.0,5582.0
24_2,2006.0,5882.0
24_2,2007.0,6417.0
24_3,2004.0,12832.0
24_3,2005.0,12832.0
24_3,2006.0,10857.0
24_3,2007.0,10857.0
24_3,2008.0,11320.0
24_3,2009.0,11570.0
24_3,2010.0,11822.0
24_3,2011.0,11822.0
24_4,1998.0,5820.0
24_4,1999.0,5820.0
24_4,2000.0,6320.0
24_5,1998.0,14250.0
24_5,1999.0,15815.0
24_5,2000.0,15815.0
24_5,2001.0,15650.0
24_5,2002.0,15815.0
24_6,2007.0,10780.0
24_6,2008.0,10770.0
24_6,2009.0,10545.0
24_6,2010.0,10774.0
24_6,2011.0,10774.0
24_7,1998.0,7820.0
24_7,1999.0,7820.0
24_7,2000.0,7370.0
24_7,2001.0,7370.0
24_7,2002.0,7370.0
24_7,2003.0,7865.0
24_7,2004.0,8302.0
24_7,2005.0,6882.0
24_7,2006.0,7382.0
24_7,2007.0,7382.0
24_7,2008.0,7410.0
24_7,2009.0,8230.0
24_7,2010.0,8409.0
24_7,2011.0,8409.0
24_8,1998.0,12120.0
24_8,1999.0,9820.0
24_8,2000.0,9815.0
24_8,2001.0,9815.0
24_8,2002.0,9815.0
24_8,2003.0,9815.0
24_8,2004.0,9815.0
24_8,2005.0,8812.0
24_8,2006.0,12792.0
24_8,2007.0,12792.0
24_8,2008.0,12770.0
24_8,2009.0,12495.0
24_8,2010.0,12767.0
24_8,2011.0,12767.0
24_9,2001.0,7870.0
24_9,2002.0,7870.0
24_9,2003.0,7865.0
24_9,2004.0,7865.0
26_1,2007.0,14780.0
26_1,2008.0,14780.0
26_1,2009.0,14466.0
26_1,2010.0,16270.0
26_2,2006.0,11307.0
26_2,2007.0,11507.0
26_2,2008.0,12280.0
26_2,2009.0,12704.0
26_2,2010.0,13265.0
26_5,2008.0,16730.0
26_5,2009.0,16374.0
26_5,2010.0,16390.0
26_5,2011.0,16390.0
26_6,2007.0,18645.0
26_6,2008.0,18645.0
26_6,2009.0,18248.0
26_6,2010.0,22835.0
21_1,2010.0,11525.0
21_1,2011.0,11635.0
21_1,2012.0,12430.0
21_1,2013.0,12440.0
21_1,2014.0,12440.0
21_1,2015.0,12810.0
21_1,2016.0,12810.0
21_1,2017.0,14680.0
21_1,2018.0,15170.0
21_1,2019.0,15170.0
21_1,2020.0,17090.0
21_3,2011.0,17965.0
21_3,2012.0,16955.0
21_3,2013.0,16955.0
21_3,2014.0,17385.0
21_3,2015.0,17655.0
21_3,2016.0,17655.0
21_3,2017.0,20440.0
21_3,2018.0,21140.0
21_5,2011.0,22345.0
21_5,2012.0,22345.0
21_5,2013.0,22345.0
21_5,2014.0,22905.0
21_5,2015.0,23205.0
21_5,2016.0,23205.0
21_5,2017.0,27395.0
21_5,2018.0,28265.0
27_11,2004.0,170500.0
27_11,2005.0,170297.0
27_11,2006.0,170297.0
27_11,2007.0,174497.0
27_11,2008.0,182602.0
27_11,2009.0,182602.0
27_11,2010.0,216770.0
27_11,2011.0,216770.0
27_12,2017.0,260908.0
27_12,2018.0,260908.0
27_13,2008.0,139825.0
27_13,2009.0,139825.0
27_13,2010.0,142865.0
27_13,2011.0,142865.0
27_13,2012.0,145904.0
27_13,2013.0,151031.0
27_13,2014.0,151031.0
27_13,2015.0,152021.0
27_16,2012.0,238232.0
27_16,2013.0,238232.0
27_16,2014.0,238232.0
27_16,2015.0,238938.0
27_16,2016.0,239908.0
27_16,2017.0,239908.0
27_16,2018.0,239908.0
27_17,1998.0,99064.0
27_17,1999.0,83031.0
27_17,2000.0,94840.0
27_18,2005.0,118297.0
27_18,2006.0,118297.0
27_18,2007.0,121547.0
27_18,2008.0,128652.0
27_18,2009.0,135230.0
27_18,2010.0,135230.0
27_18,2011.0,172014.0
27_19,2011.0,225171.0
27_19,2012.0,225171.0
27_19,2013.0,226022.0
27_19,2014.0,226022.0
27_19,2015.0,226023.0
27_19,2016.0,237542.0
27_19,2017.0,237542.0
27_19,2018.0,237542.0
27_2,1999.0,101244.0
27_2,2000.0,101244.0
27_2,2001.0,103068.0
27_2,2002.0,103068.0
27_2,2003.0,103275.0
27_2,2004.0,103275.0
27_2,2005.0,105750.0
27_20,2019.0,198110.0
27_23,2019.0,164425.0
27_23,2020.0,164425.0
27_4,1998.0,167714.0
27_4,1999.0,167714.0
27_4,2000.0,167714.0
27_4,2001.0,170358.0
27_4,2002.0,170358.0
27_4,2003.0,170358.0
27_4,2004.0,170358.0
27_6,2010.0,168541.0
27_6,2011.0,168541.0
27_6,2012.0,172127.0
27_6,2013.0,177406.0
27_6,2014.0,177406.0
27_6,2015.0,177406.0
27_6,2016.0,177406.0
27_6,2017.0,177406.0
27_6,2018.0,177406.0
27_7,2015.0,182809.0
27_7,2016.0,182789.0
27_7,2017.0,182789.0
27_7,2018.0,182789.0
27_8,1998.0,149701.0
27_8,1999.0,149701.0
27_8,2000.0,149701.0
27_8,2001.0,152345.0
27_8,2002.0,143685.0
27_8,2003.0,143685.0
28_1,2016.0,19345.0
28_1,2017.0,19345.0
28_1,2018.0,20795.0
28_1,2019.0,20795.0
28_10,1998.0,9815.0
28_10,1999.0,9607.0
28_10,2000.0,9815.0
28_10,2001.0,10215.0
28_10,2002.0,10215.0
28_10,2007.0,10805.0
28_10,2008.0,10795.0
28_10,2009.0,10550.0
28_10,2010.0,10850.0
28_10,2011.0,13775.0
28_10,2012.0,15015.0
28_10,2013.0,15015.0
28_10,2014.0,15610.0
28_11,2005.0,14807.0
28_11,2006.0,14807.0
28_11,2007.0,14807.0
28_12,2001.0,8530.0
28_12,2002.0,8530.0
28_12,2003.0,8529.0
28_12,2004.0,8729.0
28_12,2005.0,8729.0
28_12,2006.0,8907.0
28_12,2007.0,9607.0
28_12,2008.0,9895.0
28_12,2009.0,10025.0
28_12,2010.0,11570.0
28_12,2011.0,11570.0
28_12,2012.0,12980.0
28_12,2013.0,13080.0
28_12,2014.0,13080.0
28_12,2015.0,13245.0
28_12,2016.0,13335.0
28_12,2017.0,13535.0
28_12,2018.0,13685.0
28_12,2019.0,13830.0
28_12,2020.0,13830.0
28_13,2007.0,10680.0
28_13,2008.0,10680.0
28_13,2009.0,10961.0
28_13,2010.0,12092.0
28_13,2011.0,12204.0
28_13,2012.0,13191.0
28_13,2013.0,14670.0
28_13,2014.0,14808.0
28_13,2015.0,15132.0
28_13,2016.0,16128.0
28_13,2017.0,16128.0
28_13,2018.0,16548.0
28_13,2019.0,18324.0
28_13,2020.0,18324.0
28_15,2006.0,7351.0
28_15,2007.0,7320.0
28_15,2008.0,7310.0
28_15,2009.0,7310.0
28_15,2010.0,9620.0
28_15,2011.0,9620.0
28_16,2004.0,9832.0
28_16,2005.0,9832.0
28_16,2006.0,9832.0
28_16,2007.0,10132.0
28_17,2000.0,13200.0
28_17,2001.0,12815.0
28_17,2002.0,12815.0
28_17,2003.0,12810.0
28_17,2004.0,12810.0
28_17,2005.0,12810.0
28_17,2006.0,13092.0
28_17,2007.0,13342.0
28_17,2008.0,13680.0
28_17,2009.0,13835.0
28_17,2010.0,15030.0
28_17,2011.0,16325.0
28_18,2003.0,6152.0
28_18,2004.0,6152.0
28_18,2005.0,6452.0
28_18,2006.0,6452.0
28_18,2007.0,6752.0
28_18,2008.0,6830.0
28_18,2009.0,6685.0
28_18,2010.0,7610.0
28_18,2011.0,7740.0
28_18,2012.0,8390.0
28_18,2013.0,8845.0
28_18,2014.0,8890.0
28_18,2015.0,9040.0
28_18,2016.0,9320.0
28_18,2017.0,8940.0
28_18,2018.0,9190.0
28_19,1998.0,7345.0
28_19,1999.0,7215.0
28_19,2000.0,7168.0
28_19,2001.0,6374.0
28_19,2002.0,6374.0
28_19,2003.0,6369.0
28_19,2004.0,6852.0
28_19,2005.0,6852.0
28_19,2006.0,6852.0
28_19,2011.0,9845.0
28_19,2012.0,9745.0
28_19,2013.0,9745.0
28_19,2014.0,9895.0
28_19,2015.0,10105.0
28_19,2016.0,10105.0
28_19,2017.0,10105.0
28_19,2018.0,10705.0
28_2,2008.0,7815.0
28_2,2009.0,8010.0
28_2,2010.0,8610.0
28_2,2011.0,9410.0
28_2,2012.0,9845.0
28_2,2013.0,9905.0
28_2,2014.0,9955.0
28_2,2015.0,10365.0
28_2,2016.0,10635.0
28_2,2017.0,11145.0
28_2,2018.0,11420.0
28_20,2010.0,9430.0
28_20,2011.0,9430.0
28_20,2012.0,10345.0
28_21,2008.0,9550.0
28_21,2009.0,9550.0
28_21,2010.0,10045.0
28_21,2011.0,10185.0
28_21,2012.0,10880.0
28_21,2013.0,11260.0
28_21,2014.0,11310.0
28_21,2015.0,11480.0
28_21,2016.0,11455.0
28_21,2017.0,11455.0
28_21,2018.0,11605.0
28_21,2019.0,12500.0
28_21,2020.0,12775.0
28_21,2021.0,12778.0
28_22,2006.0,17815.0
28_22,2007.0,17815.0
28_22,2008.0,17815.0
28_22,2009.0,19229.0
28_22,2010.0,19425.0
28_22,2011.0,21246.0
28_22,2012.0,22112.0
28_22,2013.0,23372.0
28_22,2014.0,24288.0
28_22,2015.0,24636.0
28_22,2016.0,24636.0
28_23,2006.0,12307.0
28_23,2007.0,12307.0
28_23,2008.0,9799.0
28_23,2009.0,9950.0
28_23,2010.0,10300.0
28_23,2011.0,11665.0
28_24,1998.0,5820.0
28_24,1999.0,5820.0
28_24,2000.0,5815.0
28_24,2001.0,5815.0
28_24,2002.0,5370.0
28_24,2003.0,5370.0
28_24,2004.0,5370.0
28_26,2002.0,10710.0
28_26,2003.0,9832.0
28_26,2004.0,9832.0
28_26,2005.0,9932.0
28_26,2006.0,9836.0
28_26,2007.0,9836.0
28_26,2008.0,9874.0
28_28,2016.0,12810.0
28_28,2017.0,12810.0
28_28,2018.0,13540.0
28_29,1998.0,17004.0
28_29,1999.0,17004.0
28_29,2000.0,15895.0
28_29,2001.0,16815.0
28_29,2002.0,16815.0
28_29,2003.0,16815.0
28_29,2004.0,17397.0
28_29,2005.0,17392.0
28_29,2006.0,17392.0
28_30,1998.0,12574.0
28_30,1999.0,12213.0
28_30,2000.0,12574.0
28_30,2001.0,11815.0
28_30,2002.0,11815.0
28_4,2012.0,14800.0
28_4,2013.0,12800.0
28_4,2014.0,12800.0
28_4,2015.0,12840.0
28_4,2016.0,13190.0
28_4,2017.0,13465.0
28_4,2018.0,14375.0
28_5,2014.0,14395.0
28_5,2015.0,14395.0
28_5,2016.0,14095.0
28_5,2017.0,14395.0
28_5,2018.0,15175.0
28_8,1998.0,15700.0
28_8,1999.0,15700.0
28_8,2000.0,15700.0
28_8,2001.0,13635.0
28_8,2002.0,13635.0
28_9,1998.0,9815.0
28_9,1999.0,9815.0
28_9,2000.0,9815.0
28_9,2001.0,10215.0
28_9,2002.0,10215.0
29_1,2012.0,12820.0
29_1,2013.0,12815.0
29_1,2014.0,12810.0
29_1,2015.0,12910.0
29_1,2016.0,12910.0
29_1,2017.0,13110.0
29_1,2018.0,15160.0
29_13,1998.0,7640.0
29_13,1999.0,7520.0
29_13,2000.0,6850.0
29_13,2001.0,6850.0
29_13,2002.0,6850.0
29_13,2003.0,6850.0
29_13,2004.0,8065.0
29_13,2005.0,8152.0
29_13,2006.0,8152.0
29_13,2007.0,8230.0
29_13,2008.0,8430.0
29_13,2009.0,8339.0
29_13,2010.0,9940.0
29_13,2011.0,9440.0
29_13,2012.0,9440.0
29_13,2013.0,9740.0
29_13,2014.0,9740.0
29_13,2015.0,10090.0
29_13,2016.0,10090.0
29_13,2017.0,10290.0
29_13,2018.0,12970.0
29_14,1998.0,12675.0
29_14,1999.0,11315.0
29_14,2000.0,11315.0
29_14,2001.0,10315.0
29_14,2002.0,9830.0
29_14,2003.0,9830.0
29_14,2004.0,9830.0
29_14,2005.0,9830.0
29_14,2006.0,10832.0
29_14,2007.0,11032.0
29_14,2008.0,11505.0
29_14,2009.0,12328.0
29_14,2010.0,14250.0
29_14,2011.0,13825.0
29_14,2012.0,13820.0
29_14,2013.0,13820.0
29_14,2014.0,13810.0
29_14,2015.0,13810.0
29_14,2016.0,13810.0
29_14,2017.0,16260.0
29_14,2018.0,17730.0
29_15,2003.0,13005.0
29_15,2004.0,13007.0
29_15,2005.0,13307.0
29_15,2006.0,12807.0
29_15,2007.0,12805.0
29_15,2008.0,12807.0
29_15,2009.0,14395.0
29_15,2010.0,14395.0
29_15,2011.0,17035.0
29_18,2002.0,9850.0
29_18,2003.0,9545.0
29_18,2004.0,9762.0
29_18,2005.0,9982.0
29_18,2006.0,10082.0
29_18,2007.0,10482.0
29_18,2008.0,10855.0
29_18,2009.0,11349.0
29_18,2010.0,11785.0
29_18,2011.0,11785.0
29_18,2012.0,12085.0
29_19,1998.0,17505.0
29_19,1999.0,16495.0
29_19,2000.0,18020.0
29_19,2001.0,18065.0
29_19,2002.0,18065.0
29_19,2003.0,18065.0
29_19,2004.0,18092.0
29_19,2005.0,18092.0
29_19,2006.0,18092.0
29_19,2007.0,19240.0
29_19,2008.0,19240.0
29_19,2009.0,19898.0
29_19,2010.0,22465.0
29_19,2011.0,22465.0
29_19,2012.0,23345.0
29_19,2013.0,24825.0
29_19,2014.0,25125.0
29_19,2015.0,25325.0
29_19,2016.0,25325.0
29_19,2017.0,27645.0
29_19,2018.0,27740.0
29_2,2010.0,16535.0
29_2,2011.0,16535.0
29_2,2012.0,17225.0
29_2,2013.0,17155.0
29_2,2014.0,17455.0
29_2,2015.0,17455.0
29_2,2016.0,17455.0
29_2,2017.0,18995.0
29_2,2018.0,20340.0
29_2,2019.0,20340.0
29_2,2020.0,22075.0
29_20,2010.0,18535.0
29_20,2011.0,18535.0
29_20,2012.0,19325.0
29_20,2013.0,19390.0
29_20,2014.0,19690.0
29_20,2015.0,19690.0
29_20,2016.0,19690.0
29_20,2017.0,21240.0
29_20,2018.0,22580.0
29_20,2019.0,23635.0
29_20,2020.0,23635.0
29_21,2013.0,16690.0
29_21,2014.0,16690.0
29_21,2015.0,16690.0
29_21,2016.0,17140.0
29_21,2017.0,17940.0
29_21,2018.0,20905.0
29_23,1998.0,7845.0
29_23,1999.0,6815.0
29_23,2000.0,6815.0
29_23,2001.0,6815.0
29_23,2002.0,6350.0
29_23,2003.0,6370.0
29_23,2004.0,6632.0
29_23,2005.0,6852.0
29_23,2006.0,6952.0
29_23,2007.0,6930.0
29_23,2008.0,6930.0
29_23,2009.0,7312.0
29_23,2010.0,7940.0
29_23,2011.0,8490.0
29_23,2012.0,8670.0
29_23,2013.0,8670.0
29_23,2014.0,8740.0
29_23,2015.0,8890.0
29_23,2016.0,8940.0
29_23,2017.0,8940.0
29_23,2018.0,9580.0
29_23,2019.0,9580.0
29_23,2020.0,11075.0
29_25,2008.0,18396.0
29_25,2009.0,18396.0
29_25,2010.0,20285.0
29_25,2011.0,20285.0
29_25,2012.0,20670.0
29_25,2013.0,20670.0
29_25,2014.0,20765.0
29_25,2015.0,19795.0
29_25,2016.0,19795.0
29_25,2017.0,20045.0
29_25,2018.0,22340.0
29_25,2019.0,22490.0
29_25,2020.0,22790.0
29_26,1998.0,19260.0
29_26,1999.0,18230.0
29_26,2001.0,17815.0
29_26,2002.0,17815.0
29_26,2003.0,17815.0
29_26,2004.0,17815.0
29_27,1998.0,13845.0
29_27,1999.0,12810.0
29_27,2000.0,12810.0
29_27,2001.0,13815.0
29_27,2002.0,13815.0
29_27,2003.0,13810.0
29_27,2004.0,13810.0
29_27,2005.0,14807.0
29_27,2006.0,14780.0
29_27,2007.0,14780.0
29_27,2008.0,14807.0
29_27,2009.0,15435.0
29_27,2010.0,16990.0
29_27,2011.0,16990.0
29_27,2012.0,15765.0
29_27,2013.0,15765.0
29_27,2014.0,15765.0
29_27,2015.0,19940.0
29_27,2016.0,19940.0
29_27,2017.0,19230.0
29_27,2018.0,19230.0
29_28,2015.0,29590.0
29_28,2016.0,29590.0
29_28,2017.0,31335.0
29_28,2018.0,32790.0
29_29,1998.0,13050.0
29_29,1999.0,13650.0
29_29,2000.0,12115.0
29_29,2001.0,12115.0
29_29,2002.0,12115.0
29_29,2003.0,12115.0
29_3,1998.0,19825.0
29_3,1999.0,19820.0
29_3,2000.0,19820.0
29_3,2001.0,19815.0
29_3,2002.0,19815.0
29_31,2006.0,16767.0
29_31,2007.0,16767.0
29_31,2008.0,17240.0
29_31,2009.0,17941.0
29_31,2010.0,20165.0
29_31,2011.0,20165.0
29_31,2012.0,20995.0
29_31,2013.0,22575.0
29_31,2014.0,22875.0
29_31,2015.0,23075.0
29_31,2016.0,24345.0
29_31,2017.0,25695.0
29_31,2018.0,26190.0
29_32,2002.0,12315.0
29_32,2003.0,12310.0
29_32,2004.0,12512.0
29_32,2005.0,12512.0
29_32,2006.0,12512.0
29_32,2007.0,12512.0
29_34,2013.0,14190.0
29_34,2014.0,14190.0
29_34,2015.0,14390.0
29_34,2016.0,14440.0
29_34,2017.0,14540.0
29_34,2018.0,16790.0
29_37,2019.0,17870.0
29_37,2020.0,17870.0
29_37,2021.0,18590.0
29_39,2019.0,14555.0
29_39,2020.0,14555.0
29_4,2013.0,14800.0
29_4,2014.0,14045.0
29_4,2015.0,14045.0
29_4,2016.0,14045.0
29_4,2017.0,14845.0
29_4,2018.0,15390.0
29_5,2015.0,29795.0
29_5,2016.0,29795.0
29_5,2017.0,29795.0
29_5,2018.0,32040.0
29_9,1998.0,26145.0
29_9,1999.0,24800.0
29_9,2000.0,25375.0
29_9,2001.0,25715.0
34_1,1999.0,15120.0
34_1,2000.0,13965.0
34_1,2001.0,13965.0
34_1,2002.0,13815.0
34_1,2003.0,13815.0
34_1,2004.0,16330.0
34_1,2005.0,16417.0
34_1,2006.0,16612.0
34_1,2007.0,16962.0
34_1,2008.0,16962.0
34_1,2009.0,18665.0
34_1,2010.0,20605.0
34_1,2011.0,20605.0
34_1,2012.0,21485.0
34_1,2013.0,21900.0
34_1,2014.0,22535.0
34_1,2015.0,22965.0
34_10,1998.0,19350.0
34_10,1999.0,20320.0
34_10,2000.0,20320.0
34_10,2001.0,19350.0
34_10,2002.0,19350.0
34_11,2002.0,8870.0
34_11,2003.0,8870.0
34_11,2004.0,8457.0
34_11,2005.0,8457.0
34_11,2006.0,8657.0
34_11,2007.0,8712.0
34_11,2008.0,8902.0
34_11,2009.0,8849.0
34_11,2010.0,10190.0
34_11,2011.0,10935.0
34_11,2012.0,11240.0
34_11,2013.0,11550.0
34_11,2014.0,11640.0
34_11,2015.0,11640.0
34_11,2016.0,11640.0
34_11,2017.0,13590.0
34_11,2018.0,13900.0
34_11,2019.0,14140.0
34_11,2020.0,14535.0
34_12,1998.0,33875.0
34_12,1999.0,31815.0
34_12,2000.0,31815.0
34_12,2001.0,31815.0
34_12,2002.0,31815.0
34_12,2003.0,31815.0
34_12,2004.0,31815.0
34_12,2005.0,31902.0
34_12,2006.0,36002.0
34_12,2007.0,36002.0
34_12,2008.0,36002.0
34_12,2009.0,35372.0
34_16,1999.0,27815.0
34_16,2000.0,27815.0
34_16,2001.0,25815.0
34_16,2002.0,25815.0
34_16,2003.0,25815.0
34_16,2004.0,26315.0
34_16,2005.0,26402.0
34_16,2006.0,26597.0
34_16,2007.0,27052.0
34_16,2008.0,27052.0
34_16,2009.0,27149.0
34_16,2010.0,28215.0
34_18,2001.0,14830.0
34_18,2002.0,14830.0
34_18,2003.0,14830.0
34_18,2004.0,16815.0
34_18,2005.0,16902.0
34_19,1998.0,18845.0
34_19,1999.0,18205.0
34_19,2000.0,18205.0
34_19,2001.0,18895.0
34_2,1998.0,9815.0
34_2,1999.0,9815.0
34_2,2000.0,9815.0
34_2,2001.0,9870.0
34_2,2002.0,9870.0
34_2,2003.0,9870.0
34_2,2004.0,9857.0
34_2,2005.0,9857.0
34_2,2006.0,10057.0
34_2,2007.0,12892.0
34_2,2008.0,13042.0
34_2,2009.0,13001.0
34_2,2010.0,13600.0
34_2,2011.0,13600.0
34_2,2012.0,13890.0
34_2,2013.0,16820.0
34_2,2014.0,15920.0
34_2,2015.0,15920.0
34_2,2016.0,15920.0
34_2,2017.0,16415.0
34_2,2018.0,18590.0
34_3,1998.0,16275.0
34_3,1999.0,15975.0
34_3,2000.0,16875.0
34_3,2001.0,15315.0
34_3,2002.0,15315.0
34_3,2003.0,16515.0
34_3,2004.0,16715.0
34_3,2005.0,16802.0
34_3,2006.0,17497.0
34_3,2007.0,17847.0
34_3,2008.0,19802.0
34_3,2009.0,19676.0
34_3,2010.0,20340.0
34_3,2011.0,20525.0
34_3,2012.0,21065.0
34_3,2013.0,21065.0
34_3,2014.0,21395.0
34_3,2015.0,21655.0
34_3,2016.0,21655.0
34_3,2017.0,22920.0
34_3,2018.0,23205.0
34_4,2010.0,16944.0
34_4,2011.0,16944.0
34_4,2012.0,17640.0
34_4,2013.0,17980.0
34_7,2004.0,14567.0
34_7,2005.0,14567.0
34_7,2006.0,14712.0
34_7,2007.0,15212.0
34_7,2008.0,15912.0
34_7,2009.0,15908.0
34_8,1999.0,12815.0
34_8,2000.0,12815.0
34_8,2001.0,13115.0
34_8,2002.0,13515.0
34_8,2003.0,13515.0
34_8,2004.0,14815.0
34_8,2005.0,14902.0
34_8,2015.0,17940.0
34_8,2016.0,18440.0
34_8,2017.0,18640.0
34_8,2018.0,19105.0
34_8,2019.0,19335.0
34_8,2020.0,20215.0
34_8,2021.0,20465.0
34_9,2000.0,16875.0
34_9,2001.0,16875.0
34_9,2002.0,16875.0
34_9,2003.0,16905.0
34_9,2004.0,16910.0
34_9,2005.0,16997.0
34_9,2006.0,17132.0
34_9,2009.0,15420.0
34_9,2010.0,16248.0
34_9,2011.0,16270.0
34_9,2012.0,16940.0
34_9,2013.0,19480.0
34_9,2014.0,20045.0
35_2,2007.0,48720.0
35_2,2008.0,48540.0
35_2,2009.0,47532.0
35_2,2010.0,49540.0
35_3,2007.0,26145.0
35_3,2008.0,26040.0
35_3,2009.0,25486.0
35_3,2010.0,28635.0
36_1,1998.0,6819.0
36_1,1999.0,6819.0
36_1,2000.0,6599.0
36_1,2001.0,7014.0
36_1,2002.0,7014.0
36_1,2003.0,7050.0
36_1,2004.0,7852.0
36_1,2005.0,7852.0
36_1,2006.0,7852.0
36_1,2007.0,8857.0
36_1,2008.0,8930.0
36_1,2009.0,8890.0
36_10,2007.0,10830.0
36_10,2008.0,10830.0
36_10,2009.0,10985.0
36_10,2010.0,11670.0
36_10,2011.0,12120.0
36_10,2012.0,13595.0
36_10,2013.0,13820.0
36_10,2014.0,14120.0
36_10,2015.0,14420.0
36_10,2016.0,15010.0
36_10,2017.0,15740.0
36_10,2018.0,15740.0
36_12,2011.0,17225.0
36_12,2012.0,17225.0
36_12,2013.0,17225.0
36_12,2014.0,17225.0
36_12,2015.0,19050.0
36_12,2016.0,19050.0
36_12,2017.0,19640.0
36_12,2018.0,20140.0
36_12,2019.0,20140.0
36_12,2020.0,22735.0
36_12,2021.0,22735.0
36_13,2008.0,19230.0
36_13,2009.0,19315.0
36_13,2010.0,19990.0
36_13,2011.0,19990.0
36_13,2012.0,20720.0
36_13,2013.0,21770.0
36_13,2014.0,22170.0
36_13,2015.0,22670.0
36_13,2016.0,22955.0
36_13,2017.0,24340.0
36_13,2018.0,24840.0
36_13,2019.0,25090.0
36_13,2020.0,25530.0
36_14,2016.0,19940.0
36_14,2017.0,19940.0
36_14,2018.0,20740.0
36_15,2010.0,11540.0
36_15,2011.0,11540.0
36_15,2012.0,12140.0
36_15,2013.0,12140.0
36_15,2014.0,12250.0
36_15,2015.0,12330.0
36_15,2016.0,12330.0
36_15,2017.0,14140.0
36_15,2018.0,14980.0
36_15,2019.0,15230.0
36_15,2020.0,15400.0
36_16,2010.0,15985.0
36_16,2011.0,15985.0
36_16,2012.0,16775.0
36_16,2013.0,16765.0
36_16,2014.0,16765.0
36_16,2015.0,16765.0
36_16,2016.0,17230.0
36_17,2017.0,15980.0
36_17,2018.0,15980.0
36_18,2001.0,10819.0
36_18,2002.0,10815.0
36_18,2003.0,10810.0
36_18,2004.0,10797.0
36_18,2005.0,10807.0
36_18,2006.0,10807.0
36_18,2007.0,9780.0
36_18,2008.0,9780.0
36_18,2009.0,9760.0
36_18,2010.0,9800.0
36_18,2011.0,11035.0
36_2,2000.0,6674.0
36_2,2001.0,6674.0
36_2,2002.0,6674.0
36_2,2003.0,6870.0
36_2,2005.0,5852.0
36_2,2006.0,5852.0
36_2,2007.0,4830.0
36_2,2008.0,4830.0
36_2,2009.0,5835.0
36_20,2001.0,15819.0
36_20,2002.0,15815.0
36_20,2003.0,15810.0
36_20,2004.0,15797.0
36_20,2005.0,15787.0
36_20,2006.0,15787.0
36_20,2007.0,15792.0
36_20,2008.0,21640.0
36_20,2009.0,21265.0
36_20,2010.0,21265.0
36_20,2011.0,21265.0
36_20,2012.0,22825.0
36_20,2013.0,25270.0
36_20,2014.0,25620.0
36_20,2015.0,25765.0
36_20,2016.0,27750.0
36_20,2017.0,31610.0
36_20,2018.0,32290.0
36_21,1998.0,13824.0
36_21,1999.0,13824.0
36_21,2000.0,13824.0
36_21,2001.0,12819.0
36_21,2002.0,13824.0
36_21,2003.0,14310.0
36_21,2004.0,14297.0
36_21,2006.0,16292.0
36_21,2007.0,16292.0
36_21,2008.0,16840.0
36_21,2009.0,14765.0
36_21,2010.0,15090.0
36_21,2011.0,15090.0
36_22,2003.0,18305.0
36_22,2004.0,18292.0
36_22,2005.0,18292.0
36_22,2006.0,18787.0
36_22,2007.0,19137.0
36_22,2008.0,19762.0
36_23,2000.0,15319.0
36_23,2001.0,15319.0
36_23,2002.0,15315.0
36_23,2003.0,15310.0
36_23,2004.0,15297.0
36_23,2005.0,15292.0
36_23,2006.0,15292.0
36_24,2004.0,13797.0
36_24,2005.0,13792.0
36_24,2006.0,14192.0
36_24,2007.0,14592.0
36_24,2008.0,14430.0
36_24,2009.0,14125.0
36_24,2010.0,14470.0
36_24,2015.0,18495.0
36_24,2016.0,18495.0
36_24,2017.0,18795.0
36_24,2018.0,19600.0
36_24,2019.0,19900.0
36_24,2020.0,21725.0
36_24,2021.0,22225.0
36_25,2011.0,17810.0
36_25,2012.0,17810.0
36_25,2013.0,16800.0
36_25,2014.0,16800.0
36_26,2000.0,20819.0
36_26,2001.0,20819.0
36_26,2002.0,20815.0
36_26,2003.0,20815.0
36_3,1998.0,13824.0
36_3,1999.0,13819.0
36_3,2000.0,13334.0
36_3,2001.0,12714.0
36_3,2002.0,12714.0
36_3,2003.0,14325.0
36_3,2004.0,14312.0
36_3,2005.0,14607.0
36_3,2006.0,14607.0
36_3,2007.0,14957.0
36_3,2008.0,15580.0
36_3,2009.0,15535.0
36_3,2010.0,17760.0
36_4,1998.0,10424.0
36_4,1999.0,10424.0
36_4,2000.0,10424.0
36_4,2001.0,10424.0
36_4,2002.0,10830.0
36_4,2003.0,10825.0
36_4,2004.0,10812.0
36_4,2005.0,10822.0
36_4,2006.0,10822.0
36_5,2014.0,46850.0
36_5,2015.0,46850.0
36_5,2016.0,47275.0
36_5,2017.0,49530.0
36_5,2018.0,49530.0
36_6,2002.0,6870.0
36_6,2003.0,6865.0
36_6,2004.0,6852.0
36_6,2005.0,6852.0
36_6,2006.0,6852.0
36_6,2007.0,7352.0
36_6,2008.0,7430.0
36_6,2009.0,7460.0
36_7,2006.0,26247.0
36_7,2007.0,26247.0
36_7,2008.0,26645.0
36_7,2009.0,26370.0
36_7,2010.0,27045.0
36_8,2008.0,6410.0
36_8,2009.0,6705.0
36_8,2010.0,7410.0
36_8,2011.0,7670.0
36_8,2012.0,7835.0
36_8,2013.0,8290.0
36_8,2014.0,8290.0
36_8,2015.0,8540.0
36_8,2016.0,8840.0
36_8,2017.0,8940.0
36_8,2018.0,9345.0
36_8,2019.0,9675.0
36_8,2020.0,9800.0
36_9,2009.0,8020.0
36_9,2010.0,9165.0
36_9,2011.0,9465.0
36_9,2012.0,9840.0
36_9,2013.0,9840.0
36_9,2014.0,10040.0
36_9,2015.0,10640.0
36_9,2016.0,10940.0
36_9,2017.0,10940.0
36_9,2018.0,11330.0
36_9,2019.0,11690.0
36_9,2020.0,13950.0
37_1,2009.0,34740.0
37_1,2010.0,35270.0
37_1,2011.0,35270.0
37_1,2012.0,36042.0
37_1,2013.0,33798.0
37_1,2014.0,33798.0
37_1,2015.0,33795.0
37_1,2016.0,33795.0
37_2,2009.0,42140.0
37_2,2010.0,43040.0
37_2,2011.0,43945.0
37_2,2012.0,45695.0
37_2,2013.0,41380.0
37_2,2014.0,41380.0
37_2,2015.0,41380.0
37_2,2016.0,42095.0
37_2,2017.0,42595.0
37_2,2018.0,43595.0
37_3,2009.0,29840.0
37_3,2010.0,30395.0
37_3,2011.0,30395.0
37_3,2012.0,32704.0
37_3,2013.0,34065.0
37_3,2014.0,35865.0
37_3,2015.0,35865.0
37_3,2016.0,35865.0
37_4,2010.0,34345.0
37_4,2011.0,34345.0
37_4,2012.0,37735.0
37_4,2013.0,38060.0
37_4,2014.0,32595.0
37_4,2015.0,32595.0
37_4,2016.0,33345.0
37_4,2017.0,33695.0
37_4,2018.0,34045.0
37_5,2015.0,20365.0
37_5,2016.0,20365.0
37_5,2017.0,20345.0
37_5,2018.0,20345.0
37_5,2019.0,20595.0
37_5,2020.0,20730.0
37_6,2013.0,27895.0
37_6,2014.0,27895.0
37_6,2015.0,27895.0
37_6,2016.0,28895.0
37_6,2017.0,29265.0
37_6,2018.0,29645.0
37_6,2019.0,29640.0
37_6,2020.0,42540.0
37_7,2016.0,33750.0
37_7,2017.0,33745.0
37_7,2018.0,33745.0
37_9,2015.0,29435.0
37_9,2016.0,29435.0
37_9,2017.0,28375.0
37_9,2018.0,28375.0
37_9,2019.0,28835.0
37_9,2020.0,28835.0
38_4,1998.0,18925.0
38_4,1999.0,18920.0
38_4,2000.0,18920.0
38_4,2001.0,17770.0
38_4,2002.0,17770.0
38_4,2003.0,23520.0
38_4,2004.0,23520.0
39_1,2017.0,28285.0
39_1,2018.0,28285.0
39_10,1998.0,50480.0
39_10,1999.0,50480.0
39_10,2000.0,50775.0
39_10,2001.0,48520.0
39_10,2002.0,48515.0
39_10,2003.0,48515.0
39_10,2004.0,49722.0
39_10,2005.0,49797.0
39_10,2006.0,49797.0
39_2,2015.0,34115.0
39_2,2016.0,34115.0
39_2,2017.0,34515.0
39_2,2018.0,34515.0
39_3,2012.0,57845.0
39_3,2013.0,50560.0
39_3,2014.0,50335.0
39_3,2015.0,50335.0
39_3,2016.0,49345.0
39_3,2017.0,49345.0
39_3,2018.0,50240.0
39_4,1998.0,28120.0
39_4,1999.0,28120.0
39_4,2000.0,27315.0
39_4,2001.0,26520.0
39_4,2002.0,24765.0
39_4,2003.0,24765.0
39_4,2004.0,25365.0
39_4,2005.0,25792.0
39_4,2006.0,27467.0
39_4,2007.0,27792.0
39_4,2008.0,28747.0
39_5,2001.0,19810.0
39_5,2002.0,19810.0
39_5,2003.0,19810.0
39_5,2004.0,19797.0
39_5,2005.0,19792.0
39_5,2006.0,19792.0
39_5,2007.0,19847.0
39_5,2008.0,19847.0
39_5,2009.0,21383.0
39_5,2010.0,21831.0
39_6,2014.0,26585.0
39_6,2015.0,26585.0
39_6,2016.0,26580.0
39_6,2017.0,26580.0
39_6,2018.0,28040.0
39_7,2008.0,33440.0
39_7,2009.0,32440.0
39_7,2010.0,29095.0
39_7,2011.0,29095.0
39_7,2012.0,29765.0
39_7,2013.0,29765.0
39_7,2014.0,29890.0
39_7,2015.0,29890.0
39_7,2016.0,32245.0
39_7,2017.0,32245.0
39_7,2018.0,32295.0
39_8,1998.0,35030.0
39_8,1999.0,34330.0
39_8,2000.0,35030.0
39_8,2001.0,35530.0
39_8,2002.0,35770.0
39_8,2003.0,35030.0
39_8,2004.0,39765.0
39_8,2005.0,39767.0
39_8,2006.0,41792.0
39_8,2007.0,42792.0
39_8,2008.0,42792.0
39_8,2009.0,43292.0
39_8,2010.0,44334.0
39_8,2011.0,53545.0
39_8,2012.0,55145.0
39_8,2013.0,55145.0
39_8,2014.0,56635.0
39_8,2015.0,56635.0
39_8,2016.0,56635.0
39_8,2017.0,58490.0
39_8,2018.0,59740.0
39_8,2019.0,54660.0
39_8,2020.0,54660.0
39_9,2006.0,58752.0
39_9,2007.0,59747.0
39_9,2008.0,59440.0
39_9,2009.0,59263.0
39_9,2010.0,58895.0
39_9,2011.0,58895.0
39_9,2012.0,58895.0
39_9,2013.0,53830.0
39_9,2014.0,53830.0
39_9,2015.0,53830.0
40_1,1998.0,18045.0
40_1,1999.0,17615.0
40_1,2000.0,15815.0
40_1,2001.0,15815.0
40_1,2002.0,17815.0
40_1,2003.0,17810.0
40_1,2004.0,17797.0
40_1,2005.0,17792.0
40_1,2006.0,19682.0
40_1,2007.0,19682.0
40_1,2008.0,19745.0
40_1,2009.0,23812.0
40_1,2010.0,24725.0
40_1,2011.0,24725.0
40_1,2013.0,25310.0
40_1,2014.0,25310.0
40_1,2015.0,25310.0
40_1,2016.0,25910.0
40_1,2017.0,26160.0
40_1,2018.0,32430.0
40_1,2019.0,32430.0
40_2,2005.0,27237.0
40_2,2006.0,27237.0
40_2,2007.0,27237.0
40_2,2008.0,27240.0
40_2,2009.0,30771.0
40_2,2010.0,31340.0
40_3,2007.0,17740.0
40_3,2008.0,17740.0
40_3,2009.0,17558.0
40_3,2010.0,18330.0
40_3,2011.0,16675.0
40_3,2012.0,16675.0
40_3,2013.0,17125.0
40_3,2014.0,17125.0
40_3,2015.0,18125.0
40_3,2016.0,18125.0
40_3,2017.0,22780.0
40_3,2018.0,22780.0
40_4,1998.0,26345.0
40_4,1999.0,25940.0
40_4,2000.0,27815.0
40_4,2001.0,27810.0
40_4,2002.0,27815.0
40_4,2003.0,24797.0
40_4,2004.0,24797.0
40_4,2005.0,24797.0
40_4,2006.0,26237.0
40_4,2007.0,26237.0
40_4,2008.0,26240.0
40_4,2009.0,25975.0
40_4,2010.0,26640.0
40_4,2011.0,30990.0
40_4,2012.0,36160.0
40_4,2013.0,36465.0
40_4,2014.0,36465.0
40_4,2015.0,37165.0
40_4,2016.0,38350.0
40_4,2017.0,44640.0
40_4,2018.0,46725.0
40_4,2019.0,50085.0
40_4,2020.0,51080.0
40_4,2021.0,52480.0
40_5,2007.0,15740.0
40_5,2008.0,15730.0
40_5,2009.0,14725.0
40_5,2010.0,13725.0
40_5,2011.0,14515.0
40_6,2014.0,18640.0
40_6,2015.0,16795.0
40_6,2016.0,17095.0
40_6,2017.0,17995.0
40_6,2018.0,17995.0
40_7,1998.0,14045.0
40_7,1999.0,14045.0
40_7,2000.0,14045.0
40_7,2001.0,13435.0
40_7,2002.0,15545.0
40_7,2003.0,15545.0
40_7,2004.0,15552.0
40_7,2005.0,15552.0
40_7,2006.0,15902.0
40_7,2007.0,15902.0
40_7,2008.0,17645.0
40_7,2009.0,17754.0
40_7,2010.0,18330.0
40_7,2011.0,19390.0
40_7,2012.0,22495.0
40_7,2013.0,22495.0
40_7,2014.0,27550.0
40_7,2015.0,27880.0
40_7,2016.0,29085.0
40_7,2017.0,30665.0
40_7,2018.0,32750.0
43_1,2000.0,9815.0
43_1,2001.0,9815.0
43_1,2002.0,9815.0
43_1,2003.0,9810.0
43_1,2004.0,9792.0
43_1,2005.0,8807.0
43_1,2006.0,8807.0
43_1,2007.0,12805.0
43_1,2008.0,10730.0
43_1,2009.0,10930.0
43_1,2010.0,12530.0
43_1,2011.0,12990.0
43_1,2012.0,14375.0
43_1,2013.0,17700.0
43_1,2014.0,17700.0
43_1,2015.0,17995.0
43_1,2016.0,17995.0
43_1,2017.0,17995.0
43_1,2018.0,19245.0
43_1,2019.0,19245.0
43_1,2020.0,19245.0
43_10,2001.0,13815.0
43_10,2002.0,13815.0
43_10,2003.0,14310.0
43_10,2004.0,14305.0
43_10,2005.0,14305.0
43_10,2006.0,15502.0
43_10,2007.0,15645.0
43_10,2008.0,15645.0
43_10,2009.0,15610.0
43_10,2010.0,16285.0
43_10,2011.0,20135.0
43_10,2012.0,20585.0
43_11,2003.0,17805.0
43_11,2004.0,17805.0
43_11,2005.0,18787.0
43_11,2006.0,17762.0
43_11,2007.0,17762.0
43_11,2008.0,18740.0
43_11,2009.0,19710.0
43_11,2010.0,20225.0
43_11,2011.0,20850.0
43_11,2012.0,22775.0
43_11,2013.0,22775.0
43_11,2014.0,26465.0
43_11,2015.0,26760.0
43_11,2016.0,28595.0
43_11,2017.0,28595.0
43_11,2018.0,28595.0
43_11,2019.0,29340.0
43_11,2020.0,29340.0
43_12,2009.0,10290.0
43_12,2010.0,11290.0
43_12,2011.0,11640.0
43_12,2012.0,11910.0
43_12,2013.0,12365.0
43_12,2014.0,12365.0
43_12,2015.0,12565.0
43_12,2016.0,12565.0
43_12,2017.0,12565.0
43_12,2018.0,13955.0
43_12,2019.0,14155.0
43_12,2020.0,14155.0
43_13,1998.0,12815.0
43_13,1999.0,12815.0
43_13,2000.0,12815.0
43_13,2001.0,12815.0
43_13,2002.0,12815.0
43_13,2003.0,12815.0
43_13,2004.0,14297.0
43_13,2005.0,14292.0
43_13,2006.0,14792.0
43_13,2007.0,13730.0
43_13,2008.0,13730.0
43_13,2009.0,13450.0
43_13,2010.0,14940.0
43_13,2011.0,15515.0
43_13,2012.0,17110.0
43_13,2013.0,17110.0
43_13,2014.0,17265.0
43_13,2015.0,17265.0
43_13,2016.0,17265.0
43_13,2017.0,18010.0
43_13,2018.0,18240.0
43_14,2017.0,31140.0
43_14,2018.0,31140.0
43_15,2017.0,16080.0
43_15,2018.0,16080.0
43_16,2010.0,11315.0
43_16,2011.0,11315.0
43_16,2012.0,11540.0
43_16,2013.0,11540.0
43_16,2014.0,11540.0
43_16,2015.0,11740.0
43_16,2016.0,11940.0
43_16,2017.0,12090.0
43_16,2018.0,12540.0
43_16,2019.0,12740.0
43_16,2020.0,15365.0
43_17,1998.0,8315.0
43_17,1999.0,8315.0
43_17,2000.0,8315.0
43_17,2001.0,8315.0
43_17,2002.0,8315.0
43_17,2003.0,8815.0
43_18,2019.0,30440.0
43_18,2020.0,30440.0
43_2,2007.0,10330.0
43_2,2008.0,10330.0
43_2,2009.0,10420.0
43_2,2010.0,10820.0
43_2,2011.0,11130.0
43_2,2012.0,12825.0
43_2,2013.0,14220.0
43_2,2014.0,14220.0
43_2,2015.0,14620.0
43_2,2016.0,14620.0
43_2,2017.0,15110.0
43_2,2018.0,15110.0
43_3,1999.0,10815.0
43_3,2000.0,10815.0
43_3,2001.0,10815.0
43_3,2004.0,9567.0
43_3,2005.0,9567.0
43_3,2006.0,9807.0
43_3,2007.0,9807.0
43_4,2001.0,12815.0
43_4,2002.0,11815.0
43_4,2003.0,9810.0
43_4,2004.0,9810.0
43_4,2005.0,9805.0
43_4,2006.0,10292.0
43_4,2007.0,14307.0
43_4,2008.0,14330.0
43_4,2009.0,14320.0
43_4,2010.0,18025.0
43_4,2011.0,18785.0
43_5,2016.0,21240.0
43_5,2017.0,21240.0
43_5,2018.0,21490.0
43_6,2011.0,19540.0
43_6,2012.0,19540.0
43_6,2013.0,19540.0
43_6,2014.0,19740.0
43_6,2015.0,19940.0
43_6,2016.0,19940.0
43_6,2017.0,21440.0
43_6,2018.0,21440.0
43_6,2019.0,21440.0
43_6,2020.0,22350.0
43_7,2004.0,5382.0
43_7,2005.0,5352.0
43_7,2006.0,5552.0
43_7,2007.0,5757.0
43_7,2008.0,5830.0
43_7,2009.0,5905.0
43_7,2010.0,6545.0
43_7,2011.0,6940.0
43_7,2012.0,7110.0
43_7,2013.0,7990.0
43_7,2014.0,7990.0
43_7,2015.0,8090.0
43_7,2016.0,8090.0
43_7,2017.0,8290.0
43_7,2018.0,8490.0
43_8,2007.0,12105.0
43_8,2008.0,11820.0
43_8,2009.0,10520.0
43_8,2010.0,10520.0
43_8,2011.0,10830.0
43_8,2012.0,12625.0
43_8,2013.0,14300.0
43_8,2014.0,14300.0
43_8,2015.0,14700.0
43_8,2016.0,14950.0
43_8,2017.0,15065.0
43_8,2018.0,15065.0
43_8,2019.0,19040.0
43_9,2001.0,5830.0
43_9,2002.0,5830.0
43_9,2003.0,5845.0
43_9,2004.0,5845.0
43_9,2005.0,7345.0
43_9,2006.0,7357.0
43_9,2007.0,6830.0
43_9,2008.0,6820.0
43_9,2009.0,6820.0
43_9,2010.0,7479.0
43_9,2011.0,8180.0
43_9,2012.0,9940.0
43_9,2013.0,9940.0
43_9,2014.0,9940.0
43_9,2015.0,10040.0
43_9,2016.0,10290.0
43_9,2017.0,10290.0
43_9,2018.0,11800.0
45_1,2011.0,256020.0
45_1,2012.0,256020.0
45_1,2013.0,256020.0
45_1,2014.0,262860.0
45_1,2015.0,262860.0
45_1,2016.0,262860.0
45_1,2017.0,262860.0
45_1,2018.0,262860.0
45_3,2003.0,115000.0
45_3,2004.0,115000.0
45_3,2005.0,117000.0
45_3,2006.0,121000.0
45_3,2007.0,123000.0
45_3,2008.0,123000.0
45_3,2009.0,133000.0
45_3,2010.0,143000.0
45_3,2011.0,138300.0
45_3,2012.0,138300.0
45_3,2013.0,139200.0
45_3,2014.0,139200.0
45_4,2014.0,180720.0
45_4,2015.0,155400.0
45_4,2016.0,155400.0
45_4,2017.0,155400.0
45_4,2018.0,155400.0
45_5,2002.0,162000.0
45_5,2003.0,168000.0
45_5,2004.0,168000.0
45_5,2005.0,170000.0
45_5,2006.0,170000.0
45_5,2007.0,190000.0
45_5,2008.0,190000.0
45_5,2009.0,190000.0
45_5,2010.0,215450.0
47_10,2014.0,32160.0
47_10,2015.0,30640.0
47_10,2016.0,30640.0
47_10,2017.0,28140.0
47_10,2018.0,28140.0
47_11,1998.0,16395.0
47_11,1999.0,16395.0
47_11,2000.0,15815.0
47_11,2001.0,15815.0
47_11,2002.0,14810.0
47_11,2003.0,14810.0
47_11,2004.0,14810.0
47_11,2005.0,15797.0
47_11,2006.0,17097.0
47_11,2007.0,18592.0
47_11,2008.0,20705.0
47_11,2009.0,19265.0
47_11,2010.0,19265.0
47_11,2011.0,21485.0
47_11,2012.0,22025.0
47_11,2013.0,22265.0
47_11,2014.0,22265.0
47_13,1998.0,38800.0
47_13,1999.0,31950.0
47_13,2000.0,31950.0
47_13,2001.0,31950.0
47_13,2002.0,38815.0
47_13,2003.0,43805.0
47_13,2004.0,45792.0
47_13,2005.0,45792.0
47_13,2006.0,45792.0
47_13,2007.0,45792.0
47_13,2008.0,54750.0
47_13,2009.0,57001.0
47_13,2010.0,62144.0
47_13,2011.0,65635.0
47_13,2012.0,68640.0
47_13,2013.0,68640.0
47_13,2014.0,70780.0
47_13,2015.0,73550.0
47_13,2016.0,74545.0
47_13,2017.0,75940.0
47_13,2018.0,75940.0
47_14,2011.0,27785.0
47_14,2012.0,27785.0
47_14,2013.0,29020.0
47_14,2014.0,29020.0
47_14,2015.0,29020.0
47_14,2016.0,29020.0
47_14,2017.0,30545.0
47_14,2018.0,30545.0
47_14,2019.0,30620.0
47_15,2005.0,34792.0
47_15,2006.0,35292.0
47_15,2007.0,35400.0
47_15,2008.0,35400.0
47_15,2009.0,37231.0
47_15,2010.0,44032.0
47_15,2011.0,46190.0
47_15,2012.0,47190.0
47_15,2013.0,48925.0
47_15,2014.0,51020.0
47_15,2015.0,60710.0
47_15,2016.0,59460.0
47_15,2017.0,59460.0
47_15,2018.0,59460.0
47_16,2017.0,44575.0
47_16,2018.0,44575.0
47_6,1998.0,21095.0
47_6,1999.0,25325.0
47_6,2000.0,21815.0
47_6,2001.0,21810.0
47_6,2002.0,21810.0
47_6,2003.0,21810.0
47_6,2004.0,22005.0
47_6,2005.0,26787.0
47_6,2006.0,26787.0
47_6,2007.0,26962.0
47_6,2008.0,26965.0
47_6,2009.0,26965.0
47_6,2010.0,29730.0
47_6,2011.0,32235.0
47_6,2012.0,35940.0
47_6,2013.0,37955.0
47_6,2014.0,37955.0
47_6,2015.0,39315.0
47_6,2016.0,40905.0
47_6,2017.0,40905.0
47_6,2018.0,45040.0
48_1,2010.0,23430.0
48_1,2011.0,23430.0
48_1,2012.0,21940.0
48_1,2013.0,20940.0
48_1,2014.0,20940.0
48_1,2015.0,20940.0
48_1,2016.0,21190.0
48_1,2017.0,21940.0
48_1,2018.0,22440.0
48_1,2019.0,23350.0
48_1,2020.0,26055.0
48_1,2021.0,26055.0
48_14,2016.0,74540.0
48_14,2017.0,74540.0
48_14,2018.0,74540.0
48_15,1998.0,49824.0
48_15,1999.0,49819.0
48_15,2000.0,49770.0
48_15,2001.0,49770.0
48_15,2002.0,49770.0
48_15,2003.0,54295.0
48_15,2004.0,54295.0
48_15,2005.0,56947.0
48_15,2006.0,56947.0
48_15,2007.0,56752.0
48_15,2008.0,57250.0
48_15,2009.0,56080.0
48_15,2010.0,57730.0
48_15,2011.0,88080.0
48_15,2012.0,71125.0
48_15,2013.0,71100.0
48_15,2014.0,71080.0
48_15,2015.0,71070.0
48_15,2016.0,71055.0
48_15,2017.0,71055.0
48_15,2018.0,72350.0
48_18,2014.0,29440.0
48_18,2015.0,29440.0
48_18,2016.0,29940.0
48_18,2017.0,30940.0
48_18,2018.0,30940.0
48_2,1998.0,31050.0
48_2,1999.0,31050.0
48_2,2000.0,28270.0
48_2,2001.0,28270.0
48_2,2002.0,28270.0
48_2,2003.0,28270.0
48_2,2004.0,30745.0
48_2,2005.0,30172.0
48_2,2006.0,30532.0
48_2,2007.0,31300.0
48_2,2008.0,31300.0
48_2,2009.0,32100.0
48_2,2010.0,33900.0
48_2,2011.0,32340.0
48_2,2012.0,32340.0
48_2,2013.0,31440.0
48_2,2014.0,31440.0
48_2,2015.0,31440.0
48_2,2016.0,31440.0
48_2,2017.0,34940.0
48_2,2018.0,35940.0
48_21,2014.0,59080.0
48_21,2015.0,34940.0
48_21,2016.0,34940.0
48_21,2017.0,35940.0
48_21,2018.0,36940.0
48_24,2000.0,28770.0
48_24,2001.0,28770.0
48_24,2002.0,28770.0
48_24,2003.0,28745.0
48_24,2004.0,28772.0
48_24,2005.0,29909.0
48_24,2006.0,30267.0
48_24,2007.0,31685.0
48_24,2008.0,32215.0
48_24,2009.0,31970.0
48_24,2010.0,34075.0
48_24,2011.0,43430.0
48_24,2012.0,44315.0
48_24,2013.0,44310.0
48_24,2014.0,44305.0
48_24,2015.0,39590.0
48_24,2016.0,39585.0
48_24,2017.0,41085.0
48_24,2018.0,41085.0
48_30,2001.0,50645.0
48_30,2002.0,50645.0
48_30,2003.0,50645.0
48_30,2004.0,50872.0
48_30,2005.0,52469.0
48_30,2006.0,52469.0
48_30,2007.0,54530.0
48_30,2008.0,54530.0
48_30,2009.0,53420.0
48_30,2010.0,61920.0
48_8,1999.0,20320.0
48_8,2000.0,18200.0
48_8,2001.0,18200.0
48_8,2002.0,18410.0
48_8,2003.0,18410.0
48_8,2004.0,18510.0
48_8,2005.0,18684.0
48_8,2006.0,21977.0
48_8,2007.0,22917.0
48_8,2008.0,21840.0
48_8,2009.0,21815.0
48_8,2010.0,22205.0
48_8,2011.0,24165.0
48_8,2012.0,25200.0
48_8,2013.0,25711.0
48_8,2014.0,25955.0
48_8,2015.0,25950.0
48_8,2016.0,28640.0
48_8,2017.0,29140.0
48_8,2018.0,29940.0
48_8,2019.0,31695.0
48_8,2020.0,33005.0
48_8,2021.0,33005.0
51_3,1998.0,21700.0
51_3,1999.0,22675.0
51_3,2000.0,22675.0
51_3,2001.0,19950.0
51_3,2002.0,22995.0
51_3,2003.0,22995.0
51_3,2004.0,22995.0
51_3,2005.0,22995.0
51_3,2006.0,22995.0
51_3,2007.0,23627.0
51_3,2008.0,24132.0
51_3,2009.0,24532.0
51_3,2010.0,26961.0
51_3,2011.0,27861.0
51_3,2012.0,27920.0
51_3,2013.0,27920.0
51_3,2014.0,27920.0
51_3,2015.0,27920.0
51_3,2016.0,30320.0
51_3,2017.0,31920.0
51_3,2018.0,32720.0
51_6,2008.0,48180.0
51_6,2009.0,48180.0
51_6,2010.0,48961.0
51_6,2011.0,48961.0
51_6,2012.0,50020.0
51_6,2013.0,51970.0
51_6,2014.0,51970.0
51_6,2015.0,51970.0
51_6,2016.0,51970.0
51_6,2017.0,73920.0
51_6,2018.0,75520.0
51_7,2000.0,29995.0
51_7,2001.0,29995.0
51_7,2002.0,32995.0
51_7,2003.0,30596.0
51_7,2004.0,30596.0
51_7,2005.0,30596.0
51_7,2006.0,30577.0
51_7,2007.0,30577.0
51_7,2008.0,31132.0
51_7,2009.0,30482.0
51_7,2010.0,35961.0
51_7,2011.0,35961.0
51_7,2012.0,53320.0
51_7,2013.0,53320.0
51_7,2014.0,53320.0
51_7,2015.0,53320.0
51_7,2016.0,54920.0
51_7,2017.0,56320.0
51_7,2018.0,57620.0
55_10,2004.0,69797.0
55_10,2005.0,69797.0
55_10,2006.0,74347.0
55_10,2007.0,76752.0
55_10,2008.0,75239.0
55_10,2009.0,75239.0
55_10,2010.0,75239.0
55_10,2011.0,78550.0
55_10,2013.0,69000.0
55_10,2014.0,69000.0
55_10,2015.0,69000.0
55_10,2016.0,69325.0
55_10,2017.0,69325.0
55_10,2018.0,70975.0
55_11,2001.0,65570.0
55_11,2002.0,65570.0
55_11,2003.0,66620.0
55_11,2004.0,66620.0
55_11,2005.0,61792.0
55_11,2006.0,61792.0
55_11,2007.0,61792.0
55_4,2001.0,59770.0
55_4,2002.0,59770.0
55_4,2003.0,60820.0
55_4,2004.0,60820.0
55_4,2005.0,56447.0
55_4,2006.0,56447.0
55_4,2007.0,56447.0
55_4,2008.0,56447.0
55_5,2013.0,48600.0
55_5,2014.0,48600.0
55_5,2015.0,48925.0
55_5,2016.0,48925.0
55_5,2017.0,49620.0
55_5,2018.0,49620.0
55_6,2010.0,95170.0
55_6,2011.0,95170.0
55_6,2012.0,97195.0
55_6,2013.0,97195.0
55_6,2014.0,97195.0
55_6,2015.0,97195.0
55_6,2016.0,97795.0
55_6,2017.0,97795.0
55_6,2018.0,97795.0
55_6,2019.0,106285.0
55_6,2020.0,106285.0
55_7,2004.0,66600.0
55_7,2005.0,66397.0
55_7,2006.0,66397.0
55_7,2007.0,66397.0
55_7,2008.0,66397.0
55_8,2007.0,78150.0
55_8,2008.0,78150.0
55_8,2009.0,77755.0
55_8,2010.0,79445.0
55_8,2011.0,79445.0
55_8,2012.0,81135.0
55_8,2013.0,81135.0
55_8,2014.0,81135.0
55_8,2015.0,81135.0
55_8,2016.0,81735.0
55_8,2017.0,81735.0
55_8,2018.0,81735.0
55_8,2019.0,92230.0
55_8,2020.0,92230.0
55_9,2016.0,53780.0
55_9,2017.0,53780.0
55_9,2018.0,55395.0
56_1,2002.0,243600.0
56_1,2003.0,243600.0
56_1,2004.0,243600.0
56_1,2005.0,243600.0
56_1,2006.0,256180.0
56_1,2007.0,260287.0
56_1,2008.0,262787.0
56_1,2009.0,262790.0
56_1,2010.0,266707.0
56_1,2011.0,266707.0
56_2,2002.0,281200.0
56_2,2003.0,281200.0
56_2,2004.0,281200.0
56_2,2005.0,281200.0
56_2,2006.0,298615.0
56_2,2007.0,299722.0
56_2,2008.0,302722.0
56_2,2009.0,302725.0
56_2,2010.0,294939.0
56_2,2011.0,294939.0
57_1,1998.0,10760.0
57_1,1999.0,11555.0
57_1,2000.0,10565.0
57_1,2001.0,9815.0
57_1,2002.0,9830.0
57_1,2003.0,9830.0
57_1,2004.0,9830.0
57_1,2005.0,12340.0
57_10,2003.0,8635.0
57_10,2004.0,8662.0
57_10,2005.0,8742.0
57_10,2006.0,8557.0
57_10,2007.0,7824.0
57_10,2008.0,7824.0
57_10,2009.0,7755.0
57_10,2010.0,9375.0
57_10,2011.0,9765.0
57_10,2012.0,9940.0
57_10,2013.0,9940.0
57_10,2014.0,10440.0
57_10,2015.0,11140.0
57_10,2016.0,11940.0
57_10,2017.0,12500.0
57_10,2018.0,12700.0
57_11,2004.0,10467.0
57_11,2005.0,10467.0
57_11,2006.0,10812.0
57_11,2007.0,11237.0
57_11,2008.0,11240.0
57_11,2009.0,11001.0
57_11,2010.0,13750.0
57_11,2011.0,14050.0
57_11,2012.0,14570.0
57_11,2013.0,14805.0
57_11,2014.0,16640.0
57_11,2015.0,16940.0
57_11,2016.0,17040.0
57_11,2017.0,17040.0
57_11,2018.0,17980.0
57_11,2019.0,17980.0
57_12,2005.0,14097.0
57_12,2006.0,14097.0
57_12,2007.0,14172.0
57_12,2008.0,14275.0
57_12,2009.0,15239.0
57_12,2010.0,16815.0
57_12,2011.0,16920.0
57_12,2012.0,17845.0
57_12,2013.0,17845.0
57_12,2014.0,19765.0
57_12,2015.0,20260.0
57_12,2016.0,20260.0
57_13,2002.0,13315.0
57_13,2003.0,12812.0
57_13,2004.0,12812.0
57_13,2005.0,13112.0
57_13,2006.0,13412.0
57_13,2007.0,13692.0
57_13,2008.0,13925.0
57_13,2009.0,14691.0
57_13,2010.0,15480.0
57_13,2011.0,17219.0
57_13,2012.0,17585.0
57_13,2013.0,19540.0
57_13,2014.0,19540.0
57_13,2015.0,19740.0
57_13,2016.0,19740.0
57_13,2017.0,19780.0
57_13,2018.0,20080.0
57_14,1999.0,19620.0
57_14,2000.0,19620.0
57_14,2001.0,16815.0
57_14,2002.0,17315.0
57_14,2003.0,18315.0
57_14,2004.0,18402.0
57_15,1998.0,15345.0
57_15,1999.0,15345.0
57_15,2000.0,15820.0
57_15,2001.0,14815.0
57_15,2002.0,14815.0
57_15,2003.0,14815.0
57_15,2004.0,14802.0
57_15,2005.0,14797.0
57_15,2006.0,15412.0
57_15,2007.0,15462.0
57_15,2008.0,15515.0
57_15,2009.0,15195.0
57_15,2010.0,16565.0
57_15,2011.0,16995.0
57_15,2012.0,17665.0
57_15,2013.0,17665.0
57_15,2014.0,18150.0
57_15,2015.0,18150.0
57_15,2016.0,18310.0
57_15,2017.0,18310.0
57_15,2018.0,18540.0
57_17,1999.0,14225.0
57_17,2000.0,13565.0
57_17,2001.0,12815.0
57_17,2002.0,12815.0
57_17,2003.0,12815.0
57_17,2004.0,12902.0
57_18,2003.0,19815.0
57_18,2004.0,19902.0
57_18,2005.0,19902.0
57_18,2006.0,20297.0
57_18,2007.0,21150.0
57_18,2008.0,21150.0
57_18,2009.0,21150.0
57_18,2010.0,24535.0
57_18,2011.0,24535.0
57_19,2001.0,15815.0
57_19,2002.0,15815.0
57_19,2003.0,15815.0
57_19,2004.0,15902.0
57_2,1998.0,13820.0
57_2,1999.0,12845.0
57_2,2000.0,12845.0
57_2,2001.0,12330.0
57_2,2002.0,12830.0
57_6,2014.0,17410.0
57_6,2015.0,17410.0
57_6,2016.0,17410.0
57_6,2017.0,17610.0
57_6,2018.0,17640.0
57_6,2019.0,18435.0
57_6,2020.0,19130.0
57_7,2011.0,21220.0
57_7,2012.0,21220.0
57_7,2013.0,21220.0
57_7,2014.0,21415.0
57_7,2015.0,21710.0
57_7,2016.0,22110.0
57_7,2017.0,23210.0
57_7,2018.0,23240.0
57_8,2007.0,23610.0
57_8,2008.0,23610.0
57_8,2009.0,23626.0
57_8,2010.0,26070.0
57_8,2011.0,26515.0
57_9,1998.0,10415.0
57_9,1999.0,8820.0
57_9,2000.0,8320.0
57_9,2001.0,7830.0
57_9,2002.0,7830.0
57_9,2003.0,7830.0
57_9,2004.0,7830.0
58_2,2019.0,135000.0
58_2,2020.0,135000.0
58_3,2019.0,157000.0
58_3,2020.0,157000.0
58_4,2019.0,149000.0
58_4,2020.0,149000.0
58_4,2021.0,164750.0
58_9,2019.0,185500.0
58_9,2020.0,185500.0
58_9,2021.0,201500.0
59_10,2014.0,109805.0
59_10,2015.0,96505.0
59_10,2016.0,96505.0
59_10,2017.0,97460.0
59_10,2018.0,97505.0
59_11,2005.0,16807.0
59_11,2006.0,16807.0
59_11,2007.0,17047.0
59_11,2008.0,17227.0
59_11,2009.0,17510.0
59_11,2010.0,18244.0
59_11,2011.0,19040.0
59_11,2012.0,21120.0
59_11,2013.0,21490.0
59_11,2014.0,21445.0
59_11,2015.0,21445.0
59_11,2016.0,21770.0
59_11,2017.0,22115.0
59_11,2018.0,22980.0
59_11,2019.0,22980.0
59_12,1998.0,18900.0
59_12,1999.0,19745.0
59_12,2000.0,20195.0
59_12,2001.0,17600.0
59_12,2002.0,18615.0
59_12,2003.0,18615.0
59_12,2004.0,18902.0
59_12,2005.0,18972.0
59_12,2006.0,18327.0
59_12,2007.0,18327.0
59_12,2008.0,19417.0
59_12,2009.0,22350.0
59_12,2010.0,23295.0
59_12,2011.0,23785.0
59_12,2012.0,25705.0
59_12,2013.0,25705.0
59_12,2014.0,26800.0
59_12,2015.0,27215.0
59_12,2016.0,27610.0
59_12,2017.0,28490.0
59_12,2018.0,28820.0
59_15,1999.0,70435.0
59_15,2000.0,64695.0
59_15,2001.0,64695.0
59_15,2002.0,66260.0
59_15,2003.0,67820.0
59_15,2004.0,69522.0
59_15,2005.0,72172.0
59_15,2006.0,73452.0
59_15,2007.0,73452.0
59_15,2008.0,79302.0
59_15,2009.0,79248.0
59_15,2010.0,80585.0
59_15,2011.0,87320.0
59_15,2012.0,92475.0
59_15,2013.0,94630.0
59_15,2014.0,94630.0
59_16,2012.0,24300.0
59_16,2013.0,24300.0
59_16,2014.0,24720.0
59_16,2015.0,24720.0
59_16,2016.0,24995.0
59_16,2017.0,24995.0
59_16,2018.0,26275.0
59_16,2019.0,26275.0
59_16,2020.0,26825.0
59_17,2008.0,18595.0
59_17,2009.0,18595.0
59_17,2010.0,19005.0
59_17,2011.0,19155.0
59_18,1998.0,27145.0
59_18,1999.0,26425.0
59_18,2000.0,25845.0
59_18,2001.0,25845.0
59_18,2002.0,26160.0
59_18,2003.0,27060.0
59_18,2004.0,28152.0
59_18,2005.0,28532.0
59_18,2006.0,29272.0
59_18,2007.0,29682.0
59_18,2008.0,29902.0
59_18,2009.0,29617.0
59_18,2010.0,33141.0
59_19,2005.0,42767.0
59_19,2006.0,42792.0
59_19,2007.0,43042.0
59_19,2008.0,43192.0
59_19,2009.0,45013.0
59_19,2010.0,45680.0
59_19,2011.0,46190.0
59_19,2012.0,46690.0
59_19,2013.0,47425.0
59_19,2014.0,46445.0
59_19,2015.0,46445.0
59_19,2016.0,46445.0
59_19,2017.0,47440.0
59_19,2018.0,47780.0
59_20,1998.0,24800.0
59_20,1999.0,23500.0
59_20,2000.0,23345.0
59_20,2001.0,23345.0
59_20,2002.0,23860.0
59_20,2003.0,24760.0
59_20,2004.0,26042.0
59_20,2005.0,26362.0
59_20,2006.0,26822.0
59_20,2007.0,27292.0
59_20,2008.0,27547.0
59_20,2009.0,26150.0
59_20,2010.0,27395.0
59_20,2011.0,27895.0
59_20,2012.0,28750.0
59_20,2013.0,28975.0
59_20,2014.0,28975.0
59_20,2015.0,32695.0
59_20,2016.0,34385.0
59_20,2017.0,34680.0
59_20,2018.0,35810.0
59_21,2010.0,78970.0
59_21,2011.0,78970.0
59_21,2012.0,80660.0
59_21,2013.0,80660.0
59_21,2014.0,82685.0
59_21,2015.0,85290.0
59_21,2016.0,85290.0
59_21,2017.0,88720.0
59_21,2018.0,90015.0
59_22,2006.0,51422.0
59_22,2007.0,51422.0
59_22,2008.0,52122.0
59_22,2009.0,52030.0
59_22,2010.0,53035.0
59_22,2011.0,55260.0
59_22,2012.0,58065.0
59_22,2013.0,58810.0
59_22,2014.0,59425.0
59_22,2015.0,60060.0
59_22,2016.0,60960.0
59_23,2013.0,25795.0
59_23,2014.0,25795.0
59_23,2015.0,25075.0
59_23,2016.0,25075.0
59_23,2017.0,24535.0
59_23,2018.0,24535.0
59_23,2019.0,24535.0
59_23,2020.0,25515.0
59_24,2015.0,34895.0
59_24,2016.0,34895.0
59_24,2017.0,35975.0
59_24,2018.0,36210.0
59_25,2015.0,49045.0
59_25,2016.0,49045.0
59_25,2017.0,50330.0
59_25,2018.0,50735.0
59_25,2019.0,54135.0
59_26,2015.0,68555.0
59_26,2016.0,68555.0
59_26,2017.0,69305.0
59_26,2018.0,71275.0
59_26,2019.0,71275.0
59_26,2020.0,104745.0
59_27,1999.0,28595.0
59_27,2000.0,27745.0
59_27,2001.0,27745.0
59_27,2002.0,28610.0
59_27,2003.0,29210.0
59_27,2004.0,30562.0
59_27,2005.0,31512.0
59_27,2006.0,34967.0
59_27,2007.0,35117.0
59_27,2008.0,35817.0
59_27,2009.0,36025.0
59_27,2010.0,38445.0
59_27,2011.0,40405.0
59_27,2012.0,43015.0
59_27,2013.0,43040.0
59_27,2014.0,43040.0
59_27,2015.0,44215.0
59_27,2016.0,47955.0
59_28,2006.0,36167.0
59_28,2007.0,36070.0
59_28,2008.0,36070.0
59_28,2009.0,35842.0
59_28,2010.0,36510.0
59_28,2011.0,39345.0
59_28,2012.0,43120.0
59_29,1998.0,42395.0
59_29,1999.0,42395.0
59_29,2000.0,40595.0
59_29,2001.0,40595.0
59_29,2002.0,41360.0
59_29,2003.0,43395.0
59_29,2004.0,44167.0
59_29,2005.0,44167.0
59_29,2006.0,44167.0
59_29,2007.0,53967.0
59_29,2008.0,53967.0
59_29,2009.0,53967.0
59_29,2010.0,55325.0
59_29,2011.0,57335.0
59_29,2012.0,59785.0
59_29,2013.0,59785.0
59_29,2014.0,62455.0
59_29,2015.0,62705.0
59_29,2016.0,66710.0
59_29,2017.0,67795.0
59_29,2018.0,70215.0
59_30,1998.0,53947.0
59_30,1999.0,54395.0
59_30,2000.0,49395.0
59_30,2001.0,49395.0
59_30,2002.0,50160.0
59_30,2003.0,56160.0
59_30,2004.0,56822.0
59_30,2005.0,60432.0
59_30,2006.0,61397.0
59_30,2007.0,62682.0
59_30,2008.0,59705.0
59_30,2009.0,59705.0
59_30,2010.0,61600.0
59_30,2011.0,61600.0
59_30,2012.0,62920.0
59_30,2013.0,69620.0
59_30,2014.0,69620.0
59_30,2015.0,69620.0
59_30,2016.0,73170.0
59_30,2017.0,73170.0
59_30,2018.0,76100.0
59_30,2019.0,77050.0
59_30,2020.0,77050.0
59_30,2021.0,78630.0
59_31,2015.0,30295.0
59_31,2016.0,30295.0
59_31,2017.0,30640.0
59_31,2018.0,30885.0
59_31,2019.0,32509.0
59_31,2020.0,32509.0
59_31,2021.0,36535.0
59_32,1998.0,31395.0
59_32,1999.0,26145.0
59_32,2000.0,24245.0
59_32,2001.0,24245.0
59_32,2002.0,24610.0
59_32,2003.0,24900.0
59_32,2004.0,25562.0
59_32,2005.0,27342.0
59_32,2006.0,27867.0
59_32,2007.0,28297.0
59_32,2008.0,28507.0
59_32,2009.0,28820.0
59_32,2010.0,30100.0
59_32,2011.0,29760.0
59_32,2012.0,29760.0
59_32,2013.0,29785.0
59_32,2014.0,29785.0
59_32,2015.0,32965.0
59_32,2016.0,32965.0
59_32,2017.0,32965.0
59_36,1998.0,22145.0
59_36,1999.0,22145.0
59_36,2000.0,22145.0
59_36,2001.0,22145.0
59_36,2002.0,23700.0
59_36,2003.0,22145.0
59_36,2014.0,41610.0
59_36,2015.0,41610.0
59_36,2016.0,41610.0
59_36,2017.0,42755.0
59_36,2018.0,48060.0
59_37,2001.0,14500.0
59_37,2002.0,14500.0
59_37,2003.0,14500.0
59_37,2004.0,14512.0
59_37,2005.0,14582.0
59_38,2004.0,22682.0
59_38,2005.0,23082.0
59_38,2006.0,23082.0
59_38,2007.0,23422.0
59_38,2008.0,23652.0
59_38,2009.0,23378.0
59_38,2010.0,24825.0
59_38,2011.0,24825.0
59_38,2012.0,28920.0
59_38,2013.0,28920.0
59_38,2014.0,35230.0
59_38,2015.0,36570.0
59_8,1998.0,14245.0
59_8,1999.0,14245.0
59_8,2000.0,12545.0
59_8,2001.0,12545.0
59_8,2002.0,12860.0
59_8,2003.0,12860.0
59_8,2004.0,13397.0
59_8,2005.0,13492.0
59_8,2006.0,13517.0
59_8,2007.0,13607.0
59_8,2008.0,13677.0
59_8,2009.0,13889.0
59_8,2010.0,14115.0
59_8,2011.0,14785.0
59_8,2012.0,15875.0
59_8,2013.0,18915.0
59_8,2014.0,18915.0
59_8,2015.0,19935.0
59_8,2016.0,19935.0
59_8,2017.0,19935.0
59_8,2018.0,20500.0
53_1,2015.0,14810.0
53_1,2016.0,14810.0
53_1,2017.0,14810.0
53_1,2018.0,14840.0
53_1,2019.0,14830.0
53_1,2020.0,14830.0
53_2,2013.0,8219.0
53_2,2014.0,8214.0
53_2,2015.0,8214.0
53_2,2016.0,8214.0
53_2,2017.0,8214.0
53_2,2018.0,8480.0
53_3,2011.0,15141.0
53_3,2012.0,15125.0
53_3,2013.0,15125.0
53_3,2014.0,13940.0
53_3,2015.0,13940.0
53_3,2016.0,13940.0
53_3,2017.0,13940.0
53_5,1998.0,17820.0
53_5,1999.0,17910.0
53_5,2000.0,15320.0
53_5,2001.0,15320.0
53_5,2002.0,15320.0
53_5,2003.0,15585.0
53_5,2004.0,15612.0
53_5,2005.0,15812.0
53_5,2008.0,13281.0
53_5,2009.0,13281.0
53_5,2010.0,13444.0
53_5,2011.0,13444.0
53_6,2001.0,9850.0
53_6,2002.0,9850.0
53_6,2003.0,9845.0
53_6,2004.0,9832.0
53_6,2005.0,9832.0
53_7,2001.0,12330.0
53_7,2002.0,12330.0
53_7,2003.0,10825.0
53_7,2004.0,10857.0
53_7,2005.0,11012.0
53_7,2017.0,12280.0
53_7,2018.0,12280.0
53_8,2001.0,18415.0
53_8,2002.0,18415.0
53_8,2003.0,15825.0
53_8,2004.0,15812.0
53_8,2005.0,16042.0
54_1,2007.0,14070.0
54_1,2008.0,13115.0
54_1,2009.0,13115.0
54_1,2010.0,13610.0
54_1,2011.0,13620.0
54_1,2012.0,14375.0
54_1,2013.0,14515.0
54_1,2014.0,14515.0
54_1,2015.0,14765.0
54_1,2016.0,18935.0
54_1,2017.0,19035.0
54_1,2018.0,19380.0
54_10,2001.0,14320.0
54_10,2002.0,14320.0
54_10,2003.0,14320.0
54_10,2004.0,14507.0
54_10,2005.0,14507.0
54_10,2006.0,15292.0
54_10,2007.0,15292.0
54_10,2008.0,15835.0
54_10,2009.0,16400.0
54_10,2010.0,16835.0
54_10,2011.0,16845.0
54_10,2012.0,17905.0
54_10,2013.0,18005.0
54_10,2014.0,18005.0
54_10,2015.0,19315.0
54_10,2016.0,19840.0
54_10,2017.0,21840.0
54_10,2018.0,21840.0
54_3,2003.0,13142.0
54_3,2004.0,13142.0
54_3,2005.0,13142.0
54_3,2006.0,13407.0
54_3,2007.0,13412.0
54_3,2008.0,13415.0
54_3,2009.0,13135.0
54_3,2010.0,14820.0
54_3,2011.0,14820.0
54_3,2012.0,15635.0
54_3,2013.0,15895.0
54_3,2014.0,15985.0
54_3,2015.0,16235.0
54_3,2016.0,16400.0
54_3,2017.0,18710.0
54_3,2018.0,19050.0
54_4,2010.0,15835.0
54_4,2011.0,15835.0
54_4,2012.0,16275.0
54_4,2013.0,16365.0
54_4,2014.0,16435.0
54_4,2015.0,16805.0
54_4,2016.0,16920.0
54_4,2017.0,16940.0
54_4,2018.0,16940.0
54_5,2011.0,16585.0
54_5,2012.0,16585.0
54_5,2013.0,16585.0
54_5,2014.0,16585.0
54_5,2015.0,16785.0
54_5,2016.0,16820.0
54_6,2001.0,10155.0
54_6,2002.0,10155.0
54_6,2003.0,10155.0
54_6,2004.0,10342.0
54_6,2005.0,10342.0
54_6,2006.0,10832.0
54_6,2007.0,10832.0
54_6,2008.0,11460.0
54_6,2009.0,10775.0
54_6,2010.0,11095.0
54_6,2011.0,11105.0
54_6,2012.0,11755.0
54_6,2013.0,11815.0
54_6,2014.0,11815.0
54_6,2015.0,12180.0
54_6,2016.0,13880.0
54_6,2017.0,14170.0
54_6,2018.0,14425.0
54_7,2012.0,18795.0
54_7,2013.0,18795.0
54_7,2014.0,18795.0
54_7,2015.0,18795.0
54_7,2016.0,18930.0
54_7,2017.0,19030.0
54_8,2011.0,17845.0
54_8,2012.0,17845.0
54_8,2013.0,17875.0
54_8,2014.0,17875.0
54_8,2015.0,18075.0
54_8,2016.0,18110.0
54_9,2008.0,20795.0
54_9,2009.0,19980.0
54_9,2010.0,20865.0
54_9,2011.0,20865.0
54_9,2012.0,22170.0
54_9,2013.0,22230.0
54_9,2014.0,22230.0
54_9,2015.0,23375.0
54_9,2016.0,23810.0
54_9,2017.0,28770.0
62_1,2010.0,14999.0
62_1,2011.0,15499.0
62_1,2012.0,14990.0
62_1,2013.0,14990.0
62_1,2014.0,14999.0
62_1,2015.0,14999.0
62_1,2016.0,14999.0
62_1,2017.0,15249.0
62_1,2018.0,16000.0
62_10,2005.0,18296.0
62_10,2006.0,18296.0
62_10,2007.0,18296.0
62_10,2008.0,16999.0
62_10,2009.0,16931.0
62_10,2010.0,19999.0
62_10,2011.0,20299.0
62_12,2007.0,8999.0
62_12,2008.0,8999.0
62_12,2009.0,9449.0
62_12,2010.0,9449.0
62_12,2011.0,31490.0
62_12,2012.0,31490.0
62_12,2013.0,31490.0
62_14,1999.0,10815.0
62_14,2000.0,10815.0
62_14,2001.0,25815.0
62_14,2002.0,26815.0
62_14,2003.0,23801.0
62_14,2004.0,9816.0
62_14,2005.0,9816.0
62_14,2006.0,9836.0
62_14,2007.0,9836.0
62_14,2008.0,9999.0
62_14,2009.0,9999.0
62_14,2010.0,12849.0
62_14,2011.0,12849.0
62_14,2012.0,14749.0
62_14,2013.0,31349.0
62_14,2014.0,50000.0
62_15,2013.0,8999.0
62_15,2014.0,8999.0
62_15,2015.0,8999.0
62_15,2016.0,8999.0
62_15,2017.0,11499.0
62_15,2018.0,10875.0
62_16,2004.0,16801.0
62_16,2005.0,16796.0
62_16,2006.0,16796.0
62_16,2007.0,16796.0
62_16,2008.0,19449.0
62_16,2009.0,19549.0
62_16,2010.0,20549.0
62_16,2011.0,20549.0
62_16,2012.0,21418.0
62_16,2013.0,21418.0
62_16,2014.0,23699.0
62_16,2015.0,23799.0
62_16,2016.0,23799.0
62_16,2017.0,23799.0
62_16,2018.0,25000.0
62_18,1998.0,20245.0
62_18,1999.0,18599.0
62_18,2000.0,18599.0
62_18,2001.0,21815.0
62_18,2002.0,21810.0
62_18,2003.0,21809.0
62_18,2004.0,21996.0
62_18,2005.0,21291.0
62_18,2006.0,21291.0
62_18,2007.0,21291.0
62_18,2008.0,21291.0
62_18,2009.0,22649.0
62_18,2010.0,24499.0
62_18,2011.0,28499.0
62_18,2012.0,29749.0
62_18,2013.0,26199.0
62_18,2014.0,26199.0
62_18,2015.0,26199.0
62_18,2016.0,26199.0
62_18,2017.0,29634.0
62_18,2018.0,30890.0
62_19,2000.0,12315.0
62_19,2001.0,12315.0
62_19,2002.0,12315.0
62_19,2003.0,12814.0
62_19,2004.0,12801.0
62_19,2005.0,12796.0
62_19,2006.0,12796.0
62_2,1998.0,12245.0
62_2,1999.0,10815.0
62_2,2000.0,10815.0
62_2,2001.0,9630.0
62_2,2002.0,9630.0
62_2,2003.0,9630.0
62_2,2004.0,9816.0
62_20,1998.0,20190.0
62_20,1999.0,18815.0
62_20,2000.0,18815.0
62_20,2001.0,18815.0
62_20,2002.0,18810.0
62_20,2003.0,18809.0
62_20,2004.0,16796.0
62_20,2005.0,16791.0
62_20,2006.0,16791.0
62_20,2007.0,19796.0
62_20,2008.0,20791.0
62_20,2017.0,35650.0
62_20,2018.0,35650.0
62_21,1999.0,11020.0
62_21,2000.0,9815.0
62_21,2001.0,9815.0
62_21,2002.0,9850.0
62_21,2003.0,8849.0
62_21,2004.0,8836.0
62_21,2005.0,8836.0
62_21,2006.0,10814.0
62_22,1998.0,16494.0
62_22,1999.0,13319.0
62_22,2000.0,16815.0
62_22,2001.0,16815.0
62_22,2002.0,15815.0
62_22,2003.0,15814.0
62_22,2004.0,15801.0
62_3,1998.0,9820.0
62_3,1999.0,7815.0
62_3,2000.0,7815.0
62_3,2001.0,7815.0
62_3,2002.0,8350.0
62_3,2003.0,8315.0
62_3,2004.0,7356.0
62_3,2005.0,7356.0
62_3,2006.0,7256.0
62_3,2007.0,7256.0
62_3,2008.0,7499.0
62_3,2009.0,7499.0
62_3,2010.0,8499.0
62_3,2011.0,8499.0
62_3,2012.0,9450.0
62_3,2013.0,9450.0
62_7,2017.0,20720.0
62_7,2018.0,20720.0
62_8,2000.0,22815.0
62_8,2001.0,22810.0
62_8,2002.0,22815.0
62_9,1998.0,17275.0
62_9,1999.0,16220.0
62_9,2000.0,14815.0
62_9,2001.0,15815.0
62_9,2002.0,15815.0
62_9,2003.0,15815.0
62_9,2004.0,17810.0
64_1,2003.0,23815.0
64_1,2004.0,23802.0
64_1,2005.0,24302.0
64_1,2006.0,25297.0
64_1,2007.0,26145.0
64_1,2008.0,26445.0
64_1,2009.0,26240.0
64_1,2010.0,26240.0
64_13,2009.0,54440.0
64_13,2010.0,54440.0
64_13,2011.0,58940.0
64_13,2012.0,70895.0
64_13,2013.0,73395.0
64_13,2014.0,76875.0
64_13,2015.0,76875.0
64_13,2016.0,76875.0
64_13,2017.0,76875.0
64_13,2018.0,80470.0
64_14,2010.0,12615.0
64_14,2011.0,12615.0
64_14,2012.0,12820.0
64_14,2013.0,12815.0
64_14,2014.0,13015.0
64_14,2015.0,13015.0
64_14,2016.0,13745.0
64_14,2017.0,14335.0
64_14,2018.0,14825.0
64_14,2019.0,14935.0
64_14,2020.0,14935.0
64_16,2010.0,30935.0
64_16,2011.0,30935.0
64_16,2012.0,28435.0
64_16,2013.0,25935.0
64_16,2014.0,25935.0
64_16,2015.0,26435.0
64_16,2016.0,25735.0
64_16,2017.0,26125.0
64_16,2018.0,26125.0
64_17,1998.0,7320.0
64_17,1999.0,7320.0
64_17,2000.0,6870.0
64_17,2001.0,6870.0
64_17,2002.0,6870.0
64_17,2003.0,7365.0
64_17,2004.0,7352.0
64_17,2005.0,7652.0
64_17,2006.0,7852.0
64_17,2007.0,7330.0
64_17,2008.0,7330.0
64_17,2009.0,7820.0
64_17,2010.0,8335.0
64_17,2011.0,8335.0
64_17,2012.0,9595.0
64_17,2013.0,9695.0
64_17,2014.0,9825.0
64_17,2015.0,7940.0
64_17,2016.0,7940.0
64_17,2017.0,7940.0
64_17,2018.0,12100.0
64_19,2005.0,29602.0
64_19,2006.0,29747.0
64_19,2007.0,29735.0
64_19,2008.0,29735.0
64_19,2009.0,29735.0
64_19,2010.0,32390.0
64_19,2011.0,36790.0
64_2,2009.0,26440.0
64_2,2010.0,27015.0
64_2,2011.0,27540.0
64_2,2012.0,29105.0
64_2,2013.0,26100.0
64_2,2014.0,26100.0
64_2,2015.0,26520.0
64_2,2016.0,26680.0
64_2,2017.0,27430.0
64_2,2018.0,27430.0
64_2,2019.0,27680.0
64_2,2020.0,27805.0
64_2,2021.0,27805.0
64_21,2006.0,9852.0
64_21,2007.0,9825.0
64_21,2008.0,9620.0
64_21,2009.0,9620.0
64_21,2010.0,10425.0
64_21,2011.0,10730.0
64_21,2012.0,11030.0
64_21,2013.0,11325.0
64_21,2014.0,9995.0
64_21,2015.0,9995.0
64_21,2016.0,9940.0
64_21,2017.0,9940.0
64_21,2018.0,10940.0
64_22,2010.0,15628.0
64_22,2011.0,15628.0
64_22,2012.0,16938.0
64_22,2013.0,17118.0
64_22,2014.0,18918.0
64_22,2015.0,19272.0
64_22,2016.0,19992.0
64_22,2017.0,21096.0
64_22,2018.0,21216.0
64_24,2005.0,22742.0
64_24,2006.0,22742.0
64_24,2007.0,22742.0
64_24,2008.0,23045.0
64_24,2009.0,23436.0
64_24,2010.0,27035.0
64_24,2011.0,27890.0
64_24,2012.0,31300.0
64_24,2013.0,31790.0
64_24,2014.0,32270.0
64_24,2015.0,32270.0
64_25,1998.0,21000.0
64_25,1999.0,21320.0
64_25,2000.0,21000.0
64_25,2001.0,23170.0
64_25,2002.0,23170.0
64_25,2003.0,23810.0
64_25,2004.0,23797.0
64_25,2005.0,24047.0
64_25,2006.0,23742.0
64_25,2007.0,23742.0
64_25,2008.0,24045.0
64_25,2009.0,23930.0
64_28,2009.0,6905.0
64_28,2010.0,6905.0
64_28,2011.0,6940.0
64_28,2012.0,6940.0
64_28,2013.0,7195.0
64_28,2014.0,8195.0
64_3,1998.0,9820.0
64_3,1999.0,9815.0
64_3,2000.0,9295.0
64_3,2001.0,9470.0
64_3,2002.0,9470.0
64_3,2003.0,9845.0
64_3,2004.0,9832.0
64_3,2005.0,8832.0
64_3,2006.0,8832.0
64_31,1998.0,13645.0
64_31,1999.0,12590.0
64_31,2000.0,12590.0
64_31,2001.0,12420.0
64_31,2002.0,12420.0
64_31,2003.0,14430.0
64_31,2004.0,12307.0
64_31,2005.0,12307.0
64_31,2006.0,12307.0
64_31,2007.0,12607.0
64_32,2014.0,15940.0
64_32,2015.0,13940.0
64_32,2016.0,13940.0
64_32,2017.0,12940.0
64_32,2018.0,13060.0
64_33,2007.0,13309.0
64_33,2008.0,13509.0
64_33,2009.0,13848.0
64_33,2010.0,14290.0
64_33,2011.0,15185.0
64_33,2012.0,16310.0
64_33,2013.0,16405.0
64_33,2014.0,16700.0
64_33,2015.0,18210.0
64_33,2016.0,18490.0
64_33,2017.0,18740.0
64_33,2018.0,18740.0
64_33,2019.0,19080.0
64_33,2020.0,19970.0
64_33,2021.0,19970.0
64_34,2008.0,15267.0
64_34,2009.0,15267.0
64_34,2010.0,15590.0
64_34,2011.0,16485.0
64_34,2012.0,17670.0
64_34,2013.0,17670.0
64_34,2014.0,17965.0
64_35,1998.0,15445.0
64_35,1999.0,14457.0
64_35,2000.0,14457.0
64_35,2001.0,14457.0
64_38,1998.0,16485.0
64_38,1999.0,16145.0
64_38,2000.0,16145.0
64_38,2001.0,15970.0
64_38,2002.0,16770.0
64_38,2003.0,17205.0
64_38,2004.0,17192.0
64_38,2005.0,17192.0
64_38,2006.0,18392.0
64_4,2000.0,14020.0
64_4,2001.0,12720.0
64_4,2002.0,12720.0
64_4,2003.0,12720.0
64_4,2004.0,10807.0
64_4,2005.0,10807.0
64_4,2006.0,10807.0
64_41,2001.0,16570.0
64_41,2002.0,16570.0
64_41,2003.0,16570.0
64_41,2004.0,15592.0
64_41,2005.0,15592.0
64_41,2006.0,16297.0
64_41,2007.0,16740.0
64_41,2008.0,16740.0
64_41,2009.0,18973.0
64_41,2010.0,23175.0
64_41,2011.0,23175.0
64_41,2012.0,25460.0
64_41,2013.0,25460.0
64_41,2014.0,22940.0
64_41,2015.0,21795.0
64_41,2016.0,21795.0
64_41,2017.0,22600.0
64_41,2018.0,22600.0
64_5,2010.0,13790.0
64_5,2011.0,13790.0
68_1,2001.0,4999.0
68_1,2002.0,4999.0
68_1,2003.0,4999.0
68_1,2004.0,4699.0
68_1,2005.0,4699.0
68_1,2006.0,4499.0
68_1,2007.0,4499.0
68_1,2008.0,4499.0
68_1,2009.0,4499.0
68_2,2006.0,6744.0
68_2,2007.0,6744.0
68_2,2008.0,6744.0
68_2,2009.0,6744.0
68_2,2010.0,7684.0
68_2,2011.0,6880.0
68_2,2012.0,6880.0
68_2,2013.0,6880.0
68_2,2014.0,6880.0
68_2,2015.0,6880.0
68_2,2016.0,6880.0
68_3,2000.0,5800.0
68_3,2001.0,5800.0
68_3,2002.0,6050.0
68_3,2003.0,6130.0
68_3,2004.0,6130.0
68_3,2005.0,6130.0
68_3,2006.0,6130.0
68_3,2007.0,6130.0
68_3,2008.0,6130.0
68_3,2009.0,6130.0
68_3,2010.0,6678.0
68_3,2011.0,6678.0
69_1,2005.0,10687.0
69_1,2006.0,10687.0
69_1,2007.0,10687.0
69_1,2008.0,10687.0
69_1,2009.0,11691.0
69_12,2012.0,9940.0
69_12,2013.0,9940.0
69_12,2014.0,9940.0
69_12,2015.0,10140.0
69_12,2016.0,10140.0
69_12,2017.0,12010.0
69_12,2018.0,16529.0
69_12,2019.0,14454.0
69_13,2009.0,15790.0
69_13,2010.0,16390.0
69_13,2011.0,16485.0
69_13,2012.0,16970.0
69_13,2013.0,16765.0
69_13,2014.0,16765.0
69_13,2015.0,17315.0
69_13,2016.0,17315.0
69_13,2017.0,21740.0
69_13,2018.0,22550.0
69_14,1998.0,17415.0
69_14,1999.0,13840.0
69_14,2000.0,11415.0
69_14,2001.0,10815.0
69_14,2002.0,11450.0
69_15,2001.0,10715.0
69_15,2002.0,10715.0
69_15,2003.0,10715.0
69_15,2004.0,10832.0
69_15,2005.0,10832.0
69_15,2006.0,11137.0
69_15,2007.0,11837.0
69_15,2008.0,11932.0
69_18,2007.0,11805.0
69_18,2008.0,11805.0
69_18,2009.0,12377.0
69_18,2010.0,13390.0
69_18,2011.0,14715.0
69_18,2012.0,15160.0
69_18,2013.0,14440.0
69_18,2014.0,14440.0
69_18,2015.0,14940.0
69_18,2016.0,14940.0
69_18,2017.0,16320.0
69_18,2018.0,16320.0
69_2,1998.0,6850.0
69_2,1999.0,6315.0
69_2,2000.0,6315.0
69_2,2001.0,6315.0
69_2,2002.0,6370.0
69_2,2003.0,6815.0
69_21,2007.0,22535.0
69_21,2008.0,22535.0
69_21,2009.0,22541.0
69_21,2010.0,23915.0
69_21,2011.0,23990.0
69_21,2012.0,25025.0
69_22,1998.0,14115.0
69_22,1999.0,14115.0
69_22,2000.0,14120.0
69_22,2001.0,13315.0
69_22,2002.0,13330.0
69_22,2003.0,13330.0
69_22,2004.0,13337.0
69_23,2004.0,14552.0
69_23,2005.0,14797.0
69_23,2006.0,15052.0
69_23,2007.0,15485.0
69_23,2008.0,15485.0
69_23,2009.0,15870.0
69_23,2010.0,18065.0
69_23,2011.0,18065.0
69_25,2010.0,17115.0
69_25,2011.0,17285.0
69_25,2012.0,17825.0
69_25,2013.0,17920.0
69_25,2014.0,18370.0
69_25,2015.0,19115.0
69_25,2016.0,19115.0
69_25,2017.0,23105.0
69_25,2018.0,24280.0
69_26,2010.0,17965.0
69_26,2011.0,17965.0
69_26,2012.0,18260.0
69_26,2013.0,18260.0
69_26,2014.0,18910.0
69_26,2015.0,19490.0
69_26,2016.0,22140.0
69_26,2017.0,24135.0
69_26,2018.0,25165.0
69_28,2000.0,18015.0
69_28,2001.0,18015.0
69_28,2002.0,18015.0
69_28,2003.0,18015.0
69_28,2004.0,18322.0
69_28,2005.0,18322.0
69_28,2006.0,20127.0
69_28,2007.0,24822.0
69_28,2008.0,24822.0
69_28,2009.0,24855.0
69_29,2003.0,18115.0
69_29,2004.0,18402.0
69_29,2005.0,18402.0
69_29,2006.0,18752.0
69_29,2007.0,19407.0
69_29,2008.0,19440.0
69_29,2009.0,19800.0
69_29,2010.0,20925.0
69_29,2011.0,23490.0
69_3,2005.0,6882.0
69_3,2006.0,6817.0
69_3,2007.0,6910.0
69_3,2008.0,7010.0
69_3,2009.0,7297.0
69_3,2010.0,8005.0
69_3,2011.0,7940.0
69_3,2012.0,7940.0
69_3,2013.0,7940.0
69_3,2014.0,8040.0
69_3,2015.0,8165.0
69_30,2009.0,9790.0
69_30,2010.0,10185.0
69_30,2011.0,10185.0
69_30,2012.0,11235.0
69_30,2013.0,12440.0
69_30,2014.0,12690.0
69_30,2015.0,12940.0
69_32,2006.0,18202.0
69_32,2007.0,18202.0
69_32,2008.0,18402.0
69_32,2009.0,18602.0
69_32,2010.0,18602.0
69_32,2011.0,21305.0
69_32,2012.0,21995.0
69_32,2013.0,22615.0
69_32,2014.0,23095.0
69_32,2015.0,23465.0
69_33,2010.0,33100.0
69_33,2011.0,33100.0
69_33,2012.0,26161.0
69_33,2013.0,26161.0
69_33,2014.0,26161.0
69_33,2015.0,26161.0
69_33,2016.0,16940.0
69_33,2017.0,20440.0
69_33,2018.0,20440.0
69_35,2008.0,10950.0
69_35,2009.0,10913.0
69_35,2010.0,11525.0
69_35,2011.0,11525.0
69_35,2012.0,12535.0
69_35,2013.0,12570.0
69_35,2014.0,12930.0
69_35,2015.0,13050.0
69_35,2016.0,14845.0
69_35,2017.0,15990.0
69_35,2018.0,16540.0
69_36,2010.0,20240.0
69_36,2011.0,20240.0
69_36,2012.0,21020.0
69_36,2013.0,21020.0
69_36,2014.0,21655.0
69_36,2015.0,22150.0
69_36,2016.0,22150.0
69_37,2016.0,27750.0
69_37,2017.0,28350.0
69_37,2018.0,29570.0
69_38,1998.0,17585.0
69_38,1999.0,16450.0
69_38,2000.0,17210.0
69_38,2001.0,18710.0
69_38,2002.0,19240.0
69_38,2003.0,19240.0
69_39,2001.0,8930.0
69_39,2002.0,8930.0
69_39,2003.0,8930.0
69_39,2004.0,9487.0
69_39,2005.0,9617.0
69_39,2006.0,9717.0
69_39,2007.0,9717.0
69_39,2008.0,10690.0
69_39,2009.0,10690.0
69_39,2010.0,10690.0
69_4,2013.0,8190.0
69_4,2014.0,8190.0
69_4,2015.0,8290.0
69_4,2016.0,8290.0
69_4,2017.0,8660.0
69_4,2018.0,8945.0
69_40,2019.0,27029.0
69_40,2020.0,28555.0
69_40,2021.0,31225.0
69_5,2013.0,12940.0
69_5,2014.0,12940.0
69_5,2015.0,13140.0
69_5,2016.0,13140.0
69_5,2017.0,13560.0
69_5,2018.0,19670.0
69_5,2019.0,16665.0
69_5,2020.0,18045.0
69_6,1998.0,8345.0
69_6,1999.0,8345.0
69_6,2000.0,8315.0
69_6,2001.0,7815.0
69_6,2002.0,7865.0
69_6,2003.0,7865.0
69_6,2004.0,7352.0
69_6,2005.0,7452.0
69_6,2006.0,7452.0
69_6,2007.0,8182.0
69_6,2008.0,8305.0
69_6,2009.0,8706.0
69_6,2010.0,9240.0
69_9,2006.0,8857.0
69_9,2007.0,8857.0
69_9,2008.0,8930.0
69_9,2009.0,9416.0
69_9,2010.0,9815.0
69_9,2011.0,9810.0
69_9,2012.0,9805.0
69_9,2013.0,9805.0
69_9,2014.0,12155.0
69_9,2015.0,17000.0
71_10,2013.0,40276.0
71_10,2014.0,40276.0
71_10,2015.0,40276.0
71_10,2016.0,41578.0
71_10,2017.0,43553.0
71_10,2018.0,45915.0
71_11,2009.0,61461.0
71_11,2010.0,61461.0
71_11,2011.0,59746.0
71_11,2012.0,59746.0
71_11,2013.0,60272.0
71_11,2014.0,60272.0
71_11,2015.0,63913.0
71_11,2016.0,63913.0
71_11,2017.0,66386.0
71_11,2018.0,67898.0
71_2,2015.0,41739.0
71_2,2016.0,41739.0
71_2,2017.0,41739.0
71_2,2018.0,44758.0
71_3,2016.0,39878.0
71_3,2017.0,39878.0
71_3,2018.0,42897.0
71_4,1998.0,64650.0
71_4,1999.0,60271.0
71_4,2000.0,55950.0
71_4,2001.0,55950.0
71_4,2002.0,55950.0
71_4,2003.0,56450.0
71_4,2004.0,56450.0
71_4,2005.0,58380.0
71_4,2006.0,59070.0
71_4,2007.0,60810.0
71_4,2008.0,61620.0
71_4,2009.0,61620.0
71_4,2010.0,64256.0
71_4,2011.0,65889.0
71_4,2012.0,67202.0
71_4,2013.0,71449.0
71_4,2014.0,73413.0
71_4,2015.0,73509.0
71_4,2016.0,73509.0
71_4,2017.0,76412.0
71_4,2018.0,77891.0
71_4,2019.0,77891.0
71_4,2020.0,77891.0
71_6,1998.0,33950.0
71_6,1999.0,33950.0
71_6,2000.0,31450.0
71_6,2001.0,31450.0
71_6,2002.0,31450.0
71_6,2003.0,31450.0
71_6,2004.0,31450.0
71_6,2005.0,31450.0
71_6,2006.0,32640.0
71_6,2007.0,33170.0
71_6,2008.0,33375.0
71_6,2009.0,32664.0
71_6,2010.0,34726.0
71_6,2011.0,35827.0
71_6,2012.0,36572.0
71_6,2013.0,37589.0
71_6,2014.0,38237.0
71_6,2015.0,38810.0
71_6,2016.0,39553.0
71_8,2003.0,34350.0
71_8,2004.0,34350.0
71_8,2005.0,35390.0
71_8,2006.0,35560.0
71_8,2007.0,35560.0
71_8,2008.0,37100.0
71_8,2009.0,36801.0
71_8,2010.0,37955.0
71_8,2011.0,41404.0
71_8,2012.0,43991.0
71_8,2013.0,44396.0
71_8,2014.0,47390.0
71_8,2015.0,47390.0
71_8,2016.0,50441.0
71_8,2017.0,52689.0
71_8,2018.0,55965.0
71_9,2006.0,36220.0
71_9,2007.0,36220.0
71_9,2008.0,36101.0
71_9,2009.0,35464.0
71_9,2010.0,35464.0
71_9,2011.0,38362.0
71_9,2012.0,39162.0
71_9,2013.0,39694.0
71_9,2014.0,39694.0
71_9,2015.0,39694.0
71_9,2016.0,39694.0
71_9,2017.0,39694.0
72_1,2004.0,7160.0
72_1,2005.0,6807.0
72_1,2006.0,6807.0
72_1,2007.0,8807.0
72_1,2008.0,8805.0
72_1,2009.0,8790.0
72_1,2010.0,8790.0
72_1,2011.0,8790.0
72_1,2012.0,8975.0
72_2,2001.0,11855.0
72_2,2002.0,11855.0
72_2,2003.0,11855.0
72_2,2004.0,10832.0
72_2,2005.0,10832.0
72_2,2006.0,10432.0
72_2,2007.0,10392.0
72_4,1998.0,10544.0
72_4,1999.0,10544.0
72_4,2000.0,10544.0
72_5,2000.0,6819.0
72_5,2001.0,6819.0
72_5,2002.0,6819.0
72_5,2003.0,6819.0
72_5,2004.0,6801.0
72_5,2007.0,7792.0
72_5,2008.0,7780.0
72_5,2009.0,9790.0
72_5,2010.0,9790.0
72_5,2011.0,8275.0
72_5,2012.0,8275.0
72_6,2005.0,5852.0
72_6,2006.0,5852.0
72_6,2007.0,5842.0
72_6,2008.0,5830.0
72_6,2009.0,7120.0
72_6,2010.0,7820.0
72_6,2011.0,7820.0
72_6,2012.0,7825.0
72_6,2013.0,7825.0
72_7,2000.0,6819.0
72_7,2001.0,6819.0
72_7,2002.0,7319.0
72_7,2003.0,7319.0
72_7,2004.0,7301.0
72_7,2005.0,8801.0
75_1,2013.0,13940.0
75_1,2014.0,13940.0
75_1,2015.0,14140.0
75_1,2016.0,14240.0
75_1,2017.0,14890.0
75_1,2018.0,15080.0
75_1,2019.0,15400.0
75_1,2020.0,15505.0
75_10,2008.0,17730.0
75_10,2009.0,17353.0
75_10,2010.0,23730.0
75_10,2016.0,27285.0
75_10,2017.0,27285.0
75_10,2018.0,26610.0
75_10,2019.0,26610.0
75_10,2020.0,26610.0
75_11,1998.0,13395.0
75_11,1999.0,13395.0
75_11,2000.0,13895.0
75_11,2001.0,13895.0
75_11,2002.0,14090.0
75_11,2003.0,14090.0
75_11,2004.0,14515.0
75_11,2005.0,14742.0
75_11,2006.0,15577.0
75_11,2007.0,15775.0
75_11,2008.0,15765.0
75_11,2009.0,15430.0
75_11,2010.0,15810.0
75_11,2011.0,17870.0
75_11,2012.0,17895.0
75_12,1998.0,9820.0
75_12,1999.0,9820.0
75_12,2000.0,10115.0
75_12,2001.0,10115.0
75_12,2002.0,10180.0
75_12,2003.0,10120.0
75_12,2004.0,10700.0
75_12,2005.0,10867.0
75_12,2006.0,8825.0
75_12,2007.0,8798.0
75_12,2008.0,8798.0
75_12,2009.0,12033.0
75_12,2010.0,11385.0
75_12,2011.0,11375.0
75_12,2012.0,11375.0
75_12,2013.0,11500.0
75_12,2014.0,16515.0
75_12,2015.0,16515.0
75_12,2016.0,16515.0
75_12,2017.0,17195.0
75_12,2018.0,17095.0
75_13,2004.0,9107.0
75_13,2005.0,9107.0
75_13,2006.0,9002.0
75_13,2007.0,8910.0
75_13,2008.0,8910.0
75_13,2009.0,9557.0
75_13,2010.0,10738.0
75_13,2011.0,10330.0
75_13,2012.0,10480.0
75_14,1998.0,12820.0
75_14,1999.0,12820.0
75_14,2000.0,12235.0
75_14,2001.0,12120.0
75_14,2002.0,12305.0
75_14,2003.0,12305.0
75_14,2004.0,12930.0
75_14,2005.0,13227.0
75_14,2006.0,13582.0
75_14,2007.0,13727.0
75_14,2008.0,13365.0
75_14,2009.0,13365.0
75_14,2010.0,12290.0
75_14,2011.0,12290.0
75_14,2012.0,12490.0
75_14,2013.0,17565.0
75_14,2014.0,17565.0
75_14,2015.0,17765.0
75_14,2016.0,18965.0
75_14,2017.0,21390.0
75_14,2018.0,21130.0
75_14,2019.0,21390.0
75_14,2020.0,21455.0
75_18,2007.0,7335.0
75_18,2008.0,6820.0
75_18,2009.0,6820.0
75_18,2010.0,6540.0
75_18,2011.0,6540.0
75_18,2012.0,7740.0
75_18,2013.0,10295.0
75_18,2014.0,9440.0
75_18,2015.0,9440.0
75_18,2016.0,9440.0
75_18,2017.0,9490.0
75_18,2018.0,9780.0
75_18,2019.0,9780.0
75_18,2020.0,10530.0
75_2,1998.0,7815.0
75_2,1999.0,7315.0
75_2,2000.0,7315.0
75_2,2001.0,7315.0
75_2,2002.0,7370.0
75_2,2003.0,7370.0
75_2,2004.0,7670.0
75_2,2005.0,7732.0
75_2,2006.0,7350.0
75_2,2007.0,7320.0
75_2,2008.0,7320.0
75_2,2009.0,7490.0
75_2,2010.0,8430.0
75_2,2011.0,8430.0
75_2,2012.0,8630.0
75_2,2013.0,10540.0
75_2,2014.0,10740.0
75_2,2015.0,10940.0
75_2,2016.0,11090.0
75_2,2017.0,11090.0
75_2,2018.0,12230.0
75_2,2019.0,12230.0
75_20,2001.0,20550.0
75_20,2002.0,20550.0
75_20,2003.0,20550.0
75_20,2004.0,20550.0
75_20,2005.0,20997.0
75_21,2010.0,15320.0
75_21,2011.0,12810.0
75_21,2012.0,12810.0
75_22,2014.0,23388.0
75_22,2015.0,23388.0
75_22,2016.0,23388.0
75_22,2017.0,23440.0
75_22,2018.0,24290.0
75_3,1998.0,18820.0
75_3,1999.0,18820.0
75_3,2000.0,19130.0
75_3,2001.0,19020.0
75_3,2002.0,19170.0
75_3,2003.0,18950.0
75_3,2004.0,19375.0
75_3,2005.0,18792.0
75_3,2006.0,18367.0
75_3,2007.0,18340.0
75_3,2008.0,18340.0
75_3,2009.0,18185.0
75_3,2010.0,20460.0
75_3,2011.0,20845.0
75_3,2012.0,24995.0
75_5,1998.0,22120.0
75_5,1999.0,22120.0
75_5,2000.0,22170.0
75_5,2001.0,22120.0
75_5,2002.0,22170.0
75_5,2003.0,22170.0
75_5,2004.0,23125.0
75_5,2005.0,23447.0
75_5,2006.0,21447.0
75_5,2007.0,21447.0
75_5,2008.0,21545.0
75_5,2009.0,21742.0
75_5,2010.0,25727.0
75_5,2011.0,26245.0
75_5,2012.0,26595.0
75_6,2007.0,10085.0
75_6,2008.0,10085.0
75_6,2009.0,10144.0
75_6,2010.0,11341.0
75_6,2011.0,10830.0
75_6,2012.0,10980.0
75_7,2003.0,14430.0
75_7,2004.0,14430.0
75_7,2005.0,14727.0
75_7,2006.0,14977.0
75_7,2007.0,12530.0
75_7,2008.0,12530.0
75_7,2009.0,14765.0
75_7,2010.0,15903.0
75_7,2011.0,16615.0
75_7,2012.0,17545.0
75_7,2013.0,19355.0
75_7,2014.0,19965.0
75_7,2015.0,20185.0
75_7,2016.0,20185.0
75_7,2017.0,23190.0
75_7,2018.0,22930.0
75_7,2019.0,23190.0
75_7,2020.0,23930.0
75_8,2015.0,17940.0
75_8,2016.0,17940.0
75_8,2017.0,19090.0
75_8,2018.0,19570.0
75_9,1999.0,8820.0
75_9,2000.0,8685.0
75_9,2001.0,8420.0
75_9,2002.0,8685.0
75_9,2003.0,8805.0
75_9,2004.0,9300.0
75_9,2005.0,9437.0
75_9,2006.0,9532.0
75_9,2007.0,9807.0
75_9,2008.0,9985.0
75_9,2009.0,10930.0
75_9,2010.0,11168.0
75_9,2011.0,11390.0
77_2,2015.0,264000.0
77_2,2016.0,264000.0
77_2,2017.0,264000.0
77_2,2018.0,275240.0
77_3,2010.0,195875.0
77_3,2011.0,195875.0
77_3,2012.0,202958.0
77_3,2013.0,202958.0
77_3,2014.0,202958.0
77_3,2015.0,202958.0
77_3,2016.0,225368.0
77_3,2017.0,225368.0
77_3,2018.0,225368.0
77_3,2019.0,233180.0
77_3,2020.0,233180.0
77_4,2003.0,252038.0
77_4,2004.0,252038.0
77_4,2005.0,254916.0
77_4,2006.0,254916.0
77_4,2007.0,254916.0
77_4,2008.0,254916.0
77_4,2009.0,256916.0
77_4,2010.0,275775.0
77_4,2011.0,278595.0
77_4,2012.0,305750.0
77_4,2013.0,305750.0
77_4,2014.0,305750.0
77_4,2015.0,312200.0
77_4,2016.0,320120.0
77_4,2017.0,320120.0
77_4,2018.0,320120.0
77_5,1998.0,155000.0
77_5,1999.0,155000.0
77_5,2000.0,159000.0
77_5,2001.0,159000.0
77_5,2002.0,169000.0
77_5,2003.0,169000.0
77_6,2013.0,228800.0
77_6,2014.0,228800.0
77_6,2015.0,231128.0
77_6,2016.0,242768.0
77_6,2017.0,242768.0
77_6,2018.0,251240.0
78_1,1998.0,7815.0
78_1,1999.0,7815.0
78_1,2000.0,7815.0
78_1,2001.0,7850.0
78_1,2002.0,7850.0
78_1,2003.0,7850.0
78_1,2004.0,7832.0
78_1,2005.0,7832.0
78_2,1998.0,11325.0
78_2,1999.0,10815.0
78_2,2000.0,10815.0
78_2,2001.0,9815.0
78_2,2002.0,9815.0
78_2,2003.0,9812.0
78_2,2004.0,9812.0
78_2,2005.0,9812.0
78_2,2006.0,14257.0
78_3,1999.0,17482.0
78_3,2000.0,18100.0
78_3,2001.0,16315.0
78_3,2002.0,16315.0
78_3,2003.0,16660.0
78_3,2004.0,16812.0
78_3,2005.0,16212.0
78_5,2003.0,6325.0
78_5,2004.0,6312.0
78_5,2005.0,6312.0
78_6,1998.0,9150.0
78_6,1999.0,9150.0
78_6,2000.0,9150.0
78_6,2001.0,7845.0
78_7,2003.0,9125.0
78_7,2004.0,9157.0
78_7,2005.0,9157.0
78_7,2006.0,11657.0
78_8,1998.0,15500.0
78_8,1999.0,15500.0
81_1,1998.0,16350.0
81_1,1999.0,16350.0
81_1,2000.0,15815.0
81_1,2001.0,15815.0
81_1,2002.0,16665.0
81_1,2003.0,15815.0
81_1,2004.0,16797.0
81_1,2005.0,16797.0
81_1,2006.0,16807.0
81_1,2007.0,17027.0
81_1,2008.0,17300.0
81_1,2009.0,18380.0
81_1,2010.0,18380.0
81_1,2011.0,20785.0
81_1,2012.0,21285.0
81_3,1998.0,22345.0
81_3,1999.0,22615.0
81_3,2000.0,21215.0
81_3,2001.0,21215.0
81_3,2002.0,19815.0
81_3,2003.0,19810.0
81_3,2004.0,19802.0
81_3,2005.0,19802.0
81_3,2006.0,20232.0
81_3,2007.0,19730.0
81_3,2008.0,19730.0
81_3,2009.0,19310.0
81_3,2010.0,19310.0
81_3,2011.0,26330.0
81_3,2012.0,26830.0
79_1,1998.0,17245.0
79_1,1999.0,16705.0
79_1,2000.0,16705.0
79_1,2001.0,16815.0
79_1,2002.0,15815.0
79_1,2003.0,15815.0
79_1,2004.0,16017.0
79_1,2005.0,16017.0
79_1,2006.0,16017.0
79_1,2007.0,16147.0
79_1,2008.0,16190.0
79_1,2009.0,16080.0
79_1,2010.0,16080.0
79_1,2011.0,20065.0
79_1,2012.0,23205.0
79_1,2013.0,23440.0
79_1,2014.0,23440.0
79_1,2015.0,23440.0
79_1,2016.0,24685.0
79_1,2017.0,25180.0
79_1,2018.0,25435.0
79_1,2019.0,25925.0
79_1,2020.0,27020.0
79_10,2000.0,10815.0
79_10,2001.0,9815.0
79_10,2002.0,9815.0
79_10,2003.0,9850.0
79_10,2004.0,10052.0
79_10,2005.0,10052.0
79_10,2006.0,11107.0
79_10,2007.0,11507.0
79_10,2008.0,11507.0
79_10,2009.0,12500.0
79_10,2010.0,13120.0
79_10,2011.0,14061.0
79_10,2012.0,14700.0
79_10,2013.0,14700.0
79_10,2014.0,15495.0
79_10,2015.0,20595.0
79_10,2016.0,20595.0
79_10,2017.0,20595.0
79_10,2018.0,17755.0
79_10,2019.0,18060.0
79_10,2020.0,18645.0
79_10,2021.0,19640.0
79_11,2011.0,7790.0
79_11,2012.0,7790.0
79_11,2013.0,7870.0
79_11,2014.0,8005.0
79_11,2015.0,8140.0
79_11,2016.0,8385.0
79_11,2017.0,8385.0
79_11,2018.0,9695.0
79_11,2019.0,11510.0
79_11,2020.0,11510.0
79_12,1999.0,13715.0
79_12,2000.0,13715.0
79_12,2001.0,12860.0
79_12,2002.0,12860.0
79_12,2003.0,12860.0
79_12,2004.0,13112.0
79_12,2005.0,12292.0
79_12,2006.0,12292.0
79_12,2007.0,12667.0
79_12,2008.0,15030.0
79_12,2009.0,14850.0
79_12,2012.0,12320.0
79_12,2013.0,12320.0
79_12,2014.0,12320.0
79_12,2015.0,14210.0
79_12,2016.0,14440.0
79_12,2017.0,16310.0
79_12,2018.0,16475.0
79_2,2004.0,12262.0
79_2,2005.0,11492.0
79_2,2006.0,11492.0
79_2,2007.0,11667.0
79_2,2008.0,12620.0
79_2,2009.0,12695.0
79_2,2010.0,13820.0
79_2,2011.0,14257.0
79_2,2012.0,14875.0
79_2,2013.0,15020.0
79_2,2014.0,17930.0
79_2,2015.0,19290.0
79_4,2017.0,16340.0
79_4,2018.0,16340.0
79_5,1998.0,6820.0
79_5,1999.0,6820.0
79_5,2000.0,6570.0
79_5,2001.0,6570.0
79_5,2002.0,5870.0
79_5,2003.0,5870.0
79_5,2004.0,5870.0
79_6,2016.0,17935.0
79_6,2017.0,17935.0
79_6,2018.0,18455.0
79_7,1998.0,9820.0
79_7,1999.0,9535.0
79_7,2000.0,9535.0
79_7,2001.0,9535.0
79_7,2002.0,9850.0
79_7,2003.0,9850.0
79_7,2004.0,9852.0
79_7,2005.0,9852.0
79_7,2006.0,9852.0
79_8,2009.0,17560.0
79_8,2010.0,18600.0
79_8,2011.0,18610.0
79_8,2012.0,19425.0
79_8,2013.0,19425.0
79_9,1998.0,8820.0
79_9,1999.0,7815.0
79_9,2000.0,7815.0
79_9,2001.0,7815.0
79_9,2002.0,7850.0
79_9,2003.0,7837.0
79_9,2004.0,7837.0
79_9,2005.0,7407.0
79_9,2006.0,7407.0
79_9,2007.0,7407.0
79_9,2008.0,8030.0
79_9,2009.0,8430.0
79_9,2010.0,9295.0
79_9,2011.0,9664.0
79_9,2012.0,9940.0
79_9,2013.0,9940.0
79_9,2014.0,10140.0
79_9,2015.0,9945.0
79_9,2016.0,9940.0
79_9,2017.0,9940.0
79_9,2018.0,12455.0
80_1,2011.0,7575.0
80_1,2012.0,7575.0
80_1,2013.0,7665.0
80_1,2014.0,8035.0
80_1,2015.0,8155.0
80_1,2016.0,8220.0
80_1,2017.0,8440.0
80_1,2018.0,8440.0
80_1,2019.0,8680.0
80_1,2020.0,8705.0
80_10,2009.0,13545.0
80_10,2010.0,13810.0
80_10,2011.0,13810.0
80_10,2012.0,14645.0
80_10,2013.0,14945.0
80_10,2014.0,15055.0
80_10,2015.0,16715.0
80_10,2016.0,16715.0
80_10,2017.0,17555.0
80_10,2018.0,17555.0
80_11,1998.0,6824.0
80_11,1999.0,6019.0
80_11,2000.0,5854.0
80_11,2001.0,5820.0
80_2,2000.0,7819.0
80_2,2001.0,7520.0
80_2,2002.0,6870.0
80_2,2003.0,6870.0
80_2,2004.0,7352.0
80_2,2005.0,7432.0
80_2,2006.0,7432.0
80_2,2007.0,7432.0
80_2,2008.0,7435.0
80_2,2009.0,8020.0
80_2,2010.0,8955.0
80_2,2011.0,8955.0
80_2,2012.0,9710.0
80_2,2013.0,8940.0
80_2,2014.0,8940.0
80_2,2015.0,9540.0
80_2,2016.0,10545.0
80_2,2017.0,10300.0
80_2,2018.0,10300.0
80_3,2017.0,20660.0
80_3,2018.0,20660.0
80_4,2016.0,21310.0
80_4,2017.0,21310.0
80_4,2018.0,21935.0
80_5,1998.0,11324.0
80_5,1999.0,11319.0
80_5,2000.0,9620.0
80_5,2001.0,9620.0
80_5,2002.0,9620.0
80_5,2003.0,9620.0
80_5,2004.0,10097.0
80_5,2005.0,10097.0
80_5,2006.0,10547.0
80_5,2007.0,10802.0
80_5,2008.0,10920.0
80_5,2009.0,10770.0
80_5,2010.0,12010.0
80_5,2011.0,12310.0
80_5,2012.0,13095.0
80_5,2013.0,13195.0
80_5,2014.0,16230.0
80_5,2015.0,16230.0
80_5,2016.0,16230.0
80_5,2017.0,16460.0
80_5,2018.0,17000.0
80_5,2019.0,18110.0
80_5,2020.0,18405.0
80_6,2012.0,12725.0
80_6,2013.0,12725.0
80_6,2014.0,12935.0
80_6,2015.0,13095.0
80_6,2016.0,13445.0
80_6,2017.0,14055.0
80_6,2018.0,14055.0
80_6,2019.0,14430.0
80_8,2006.0,9757.0
80_8,2007.0,9757.0
80_8,2008.0,9645.0
80_8,2009.0,9645.0
80_8,2010.0,10765.0
80_8,2011.0,10765.0
80_8,2012.0,9810.0
80_8,2013.0,9810.0
80_8,2014.0,9810.0
80_8,2015.0,9810.0
80_8,2016.0,9810.0
80_9,2002.0,14020.0
80_9,2003.0,14020.0
80_9,2004.0,13702.0
80_9,2005.0,13697.0
80_9,2006.0,13697.0
80_9,2007.0,13697.0
80_9,2008.0,13835.0
80_9,2009.0,14825.0
80_9,2010.0,16460.0
80_9,2011.0,16460.0
80_9,2012.0,17455.0
80_9,2013.0,17805.0
80_9,2014.0,18505.0
80_9,2015.0,18505.0
80_9,2016.0,18505.0
80_9,2017.0,19730.0
80_9,2018.0,19865.0
84_1,2004.0,7152.0
84_1,2005.0,7152.0
84_1,2006.0,7152.0
84_1,2014.0,11565.0
84_1,2015.0,11565.0
84_1,2016.0,11565.0
84_1,2017.0,10315.0
84_1,2018.0,10315.0
84_1,2019.0,10315.0
84_1,2020.0,12485.0
84_2,2001.0,6170.0
84_2,2002.0,6170.0
84_2,2003.0,6170.0
84_2,2004.0,6465.0
84_2,2005.0,6465.0
84_2,2006.0,6465.0
84_2,2007.0,6697.0
84_2,2008.0,6815.0
84_2,2009.0,6815.0
84_2,2010.0,6822.0
84_2,2011.0,8725.0
84_2,2012.0,9145.0
84_2,2013.0,9420.0
84_2,2014.0,9520.0
84_2,2015.0,9520.0
84_2,2016.0,11070.0
84_2,2017.0,9820.0
84_2,2018.0,9820.0
84_2,2019.0,9820.0
84_2,2020.0,11890.0
84_3,2002.0,9900.0
84_3,2003.0,9900.0
84_3,2004.0,9900.0
84_3,2005.0,11852.0
84_3,2006.0,11852.0
84_3,2007.0,11852.0
85_1,2011.0,16770.0
85_1,2012.0,16770.0
85_1,2013.0,14800.0
85_1,2014.0,14795.0
85_1,2015.0,14795.0
85_1,2016.0,14795.0
85_1,2017.0,14945.0
85_1,2018.0,15440.0
85_1,2019.0,16110.0
85_3,2005.0,16787.0
85_3,2006.0,16742.0
85_3,2007.0,16742.0
85_3,2008.0,14740.0
85_3,2009.0,13994.0
85_3,2010.0,12515.0
85_3,2011.0,12515.0
85_4,1998.0,16490.0
85_5,2003.0,17295.0
85_5,2004.0,17295.0
85_5,2005.0,16791.0
85_5,2006.0,16791.0
85_5,2007.0,18742.0
85_5,2008.0,19645.0
85_5,2009.0,18544.0
85_5,2010.0,16190.0
85_5,2011.0,16190.0
85_5,2012.0,19125.0
85_5,2013.0,19125.0
85_5,2014.0,21455.0
85_5,2015.0,21450.0
85_5,2016.0,21450.0
85_5,2017.0,22585.0
85_5,2018.0,26740.0
85_6,2005.0,14787.0
85_6,2006.0,14742.0
85_6,2007.0,14740.0
85_6,2008.0,14740.0
85_6,2009.0,13994.0
85_6,2010.0,12390.0
85_6,2011.0,12390.0
85_6,2012.0,14360.0
85_6,2013.0,15340.0
85_7,2014.0,12750.0
85_7,2015.0,12750.0
85_7,2016.0,12750.0
85_7,2017.0,12750.0
85_7,2018.0,13240.0
85_8,2016.0,17095.0
85_8,2017.0,16785.0
85_8,2018.0,16785.0
85_8,2019.0,17230.0
85_8,2020.0,17230.0
85_8,2021.0,19220.0
85_9,2013.0,17465.0
85_9,2014.0,17455.0
85_9,2015.0,17450.0
85_9,2016.0,17450.0
85_9,2017.0,18695.0
85_9,2018.0,19140.0
85_9,2019.0,19200.0
85_9,2020.0,19625.0
86_1,2012.0,24615.0
86_1,2013.0,24605.0
86_1,2014.0,22095.0
86_1,2015.0,22090.0
86_1,2016.0,22085.0
86_1,2017.0,24140.0
86_1,2018.0,24230.0
86_11,2011.0,21075.0
86_11,2012.0,21070.0
86_11,2013.0,18765.0
86_11,2014.0,18765.0
86_11,2015.0,20215.0
86_11,2016.0,21755.0
86_11,2017.0,21940.0
86_11,2018.0,21940.0
86_2,1998.0,16275.0
86_2,1999.0,15770.0
86_2,2000.0,15770.0
86_2,2001.0,15315.0
86_2,2002.0,15315.0
86_2,2003.0,15315.0
86_2,2004.0,16247.0
86_2,2005.0,16247.0
86_2,2006.0,17392.0
86_2,2007.0,17422.0
86_2,2008.0,17420.0
86_2,2009.0,17050.0
86_2,2010.0,19725.0
86_2,2011.0,20815.0
86_2,2012.0,21050.0
86_2,2013.0,24800.0
86_2,2014.0,24795.0
86_2,2015.0,24795.0
86_2,2016.0,24795.0
86_2,2017.0,24795.0
86_2,2018.0,25940.0
86_2,2019.0,25940.0
86_2,2020.0,32410.0
86_3,1998.0,13790.0
86_3,1999.0,14070.0
86_3,2000.0,13770.0
86_3,2001.0,12749.0
86_3,2002.0,13770.0
86_3,2003.0,13770.0
86_3,2004.0,14552.0
86_3,2005.0,14552.0
86_3,2006.0,12307.0
86_3,2007.0,12280.0
86_3,2008.0,12280.0
86_3,2009.0,12500.0
86_3,2010.0,13265.0
86_3,2011.0,13265.0
86_3,2012.0,17050.0
86_3,2014.0,17295.0
86_3,2015.0,17295.0
86_3,2016.0,17295.0
86_3,2017.0,18740.0
86_3,2018.0,18740.0
86_4,1998.0,9345.0
86_4,1999.0,9340.0
86_4,2000.0,9340.0
86_4,2001.0,8815.0
86_4,2002.0,8815.0
86_4,2003.0,8599.0
86_4,2007.0,8410.0
86_4,2008.0,8410.0
86_4,2009.0,9215.0
86_4,2010.0,9405.0
86_5,1998.0,14995.0
86_5,1999.0,14498.0
86_5,2000.0,15315.0
86_5,2001.0,14815.0
86_5,2002.0,14815.0
86_5,2003.0,15570.0
86_5,2004.0,15802.0
86_5,2005.0,15802.0
86_5,2006.0,16792.0
86_5,2007.0,17767.0
86_5,2008.0,17767.0
86_5,2009.0,18330.0
86_5,2010.0,18725.0
86_5,2011.0,18725.0
86_5,2012.0,21495.0
86_5,2013.0,22465.0
86_5,2014.0,22465.0
86_6,2014.0,27260.0
86_6,2015.0,27260.0
86_6,2016.0,27255.0
86_6,2017.0,29440.0
86_6,2018.0,29440.0
86_7,2003.0,19815.0
86_7,2004.0,19802.0
86_7,2005.0,19802.0
86_7,2006.0,20397.0
86_7,2007.0,21397.0
86_7,2008.0,21295.0
86_7,2009.0,22320.0
86_7,2010.0,22790.0
86_7,2011.0,26315.0
86_7,2012.0,26375.0
86_7,2013.0,28345.0
86_7,2014.0,27795.0
86_7,2015.0,27795.0
86_7,2016.0,27795.0
86_7,2017.0,27795.0
86_7,2018.0,29425.0
86_7,2019.0,29425.0
86_7,2020.0,32410.0
86_7,2021.0,32410.0
87_1,1998.0,6175.0
87_1,1999.0,6175.0
87_1,2000.0,6175.0
87_1,2001.0,6175.0
87_1,2002.0,5900.0
87_1,2003.0,5900.0
87_1,2004.0,5916.0
87_1,2005.0,5920.0
87_1,2006.0,5920.0
87_1,2009.0,6705.0
87_1,2010.0,7565.0
87_1,2011.0,6940.0
87_1,2012.0,6940.0
87_1,2013.0,7144.0
87_1,2014.0,7144.0
87_1,2015.0,7144.0
87_10,1998.0,6720.0
87_10,1999.0,6720.0
87_10,2000.0,6720.0
87_10,2001.0,6720.0
87_10,2002.0,6735.0
87_10,2003.0,6735.0
87_10,2005.0,6959.0
87_10,2006.0,7503.0
87_10,2007.0,7706.0
87_10,2008.0,7886.0
87_10,2009.0,8200.0
87_10,2010.0,9069.0
87_10,2011.0,9230.0
87_10,2012.0,10605.0
87_10,2013.0,10744.0
87_10,2014.0,10744.0
87_10,2015.0,8944.0
87_10,2016.0,8944.0
87_10,2017.0,9194.0
87_10,2018.0,11824.0
87_11,2006.0,9872.0
87_11,2007.0,9872.0
87_11,2008.0,9872.0
87_11,2009.0,9872.0
87_11,2010.0,10658.0
87_11,2011.0,11570.0
87_11,2012.0,11810.0
87_11,2013.0,12400.0
87_11,2014.0,12395.0
87_11,2015.0,10295.0
87_12,2013.0,14944.0
87_12,2014.0,14944.0
87_12,2015.0,13944.0
87_12,2016.0,13944.0
87_12,2017.0,13944.0
87_12,2018.0,17284.0
87_13,1998.0,10495.0
87_13,1999.0,10495.0
87_13,2000.0,10495.0
87_13,2014.0,13944.0
87_13,2015.0,13944.0
87_13,2016.0,14444.0
87_13,2017.0,14784.0
87_13,2018.0,15784.0
87_14,1998.0,7250.0
87_14,1999.0,7250.0
87_14,2000.0,7250.0
87_14,2001.0,7250.0
87_14,2002.0,7830.0
87_14,2003.0,7830.0
87_14,2004.0,7852.0
87_14,2005.0,7884.0
87_14,2006.0,7903.0
87_14,2007.0,7906.0
87_2,1998.0,10220.0
87_2,1999.0,10220.0
87_2,2000.0,10220.0
87_2,2001.0,9695.0
87_2,2002.0,9995.0
87_2,2015.0,12944.0
87_2,2016.0,11824.0
87_2,2017.0,11824.0
87_2,2018.0,12824.0
87_2,2019.0,13044.0
87_2,2020.0,13044.0
87_3,2014.0,7944.0
87_3,2015.0,6944.0
87_3,2016.0,6944.0
87_3,2017.0,6944.0
87_3,2018.0,7824.0
87_3,2019.0,7819.0
87_3,2020.0,8834.0
87_4,1998.0,13315.0
87_4,1999.0,13315.0
87_4,2000.0,10815.0
87_4,2001.0,10815.0
87_4,2002.0,10815.0
87_4,2003.0,11778.0
87_4,2004.0,11869.0
87_4,2005.0,11873.0
87_4,2006.0,11857.0
87_4,2007.0,11848.0
87_4,2008.0,11836.0
87_4,2009.0,11836.0
87_4,2010.0,11836.0
87_4,2011.0,14920.0
87_4,2012.0,15480.0
87_4,2013.0,15465.0
87_4,2014.0,15455.0
87_4,2015.0,15455.0
87_5,2000.0,6815.0
87_5,2001.0,6815.0
87_5,2002.0,6870.0
87_5,2003.0,6870.0
87_5,2004.0,7403.0
87_5,2005.0,7403.0
87_5,2006.0,7403.0
87_5,2007.0,7592.0
87_5,2008.0,7622.0
87_5,2016.0,9944.0
87_5,2017.0,9944.0
87_5,2018.0,11304.0
87_6,1998.0,9820.0
87_6,1999.0,9815.0
87_6,2000.0,9815.0
87_6,2001.0,9815.0
87_6,2002.0,9830.0
87_6,2003.0,9815.0
87_6,2004.0,9877.0
87_6,2005.0,9879.0
87_6,2006.0,9879.0
87_6,2007.0,10479.0
87_6,2008.0,10508.0
87_6,2009.0,10522.0
87_6,2010.0,10564.0
87_6,2011.0,10785.0
87_6,2012.0,11685.0
87_6,2013.0,11765.0
87_6,2014.0,11760.0
87_6,2015.0,11960.0
87_6,2016.0,12259.0
87_6,2017.0,12444.0
87_6,2018.0,12444.0
87_7,2012.0,21465.0
87_7,2013.0,21465.0
87_7,2014.0,21465.0
87_8,2001.0,9830.0
87_8,2002.0,9830.0
87_8,2003.0,9830.0
87_8,2004.0,9877.0
87_8,2005.0,9881.0
87_8,2006.0,9881.0
87_8,2007.0,9870.0
87_8,2008.0,9858.0
87_9,2008.0,8260.0
87_9,2009.0,8260.0
87_9,2010.0,9100.0
87_9,2011.0,9240.0
87_9,2012.0,9270.0
87_9,2013.0,9544.0
87_9,2014.0,9544.0
87_9,2015.0,9544.0
90_1,2013.0,55280.0
90_1,2014.0,55280.0
90_1,2015.0,54380.0
90_1,2016.0,57280.0
90_1,2017.0,58980.0
90_1,2018.0,64880.0
90_2,2016.0,68980.0
90_2,2017.0,73080.0
90_2,2018.0,75380.0
92_10,1998.0,19099.0
92_10,1999.0,19075.0
92_10,2000.0,19075.0
92_10,2001.0,16815.0
92_10,2002.0,16815.0
92_10,2003.0,16330.0
92_10,2004.0,16330.0
92_10,2005.0,16462.0
92_10,2006.0,16462.0
92_11,1998.0,9820.0
92_11,1999.0,9815.0
92_11,2000.0,9815.0
92_11,2001.0,8815.0
92_11,2002.0,8815.0
92_11,2003.0,10650.0
92_11,2004.0,10650.0
92_11,2005.0,10832.0
92_11,2006.0,10832.0
92_11,2007.0,11132.0
92_11,2008.0,13880.0
92_11,2009.0,14630.0
92_17,2012.0,24615.0
92_17,2013.0,24605.0
92_17,2014.0,22595.0
92_17,2015.0,22295.0
92_17,2016.0,22295.0
92_17,2017.0,22760.0
92_17,2018.0,22760.0
92_17,2019.0,25990.0
92_17,2020.0,26495.0
92_17,2021.0,26495.0
92_20,2009.0,9240.0
92_20,2010.0,9919.0
92_20,2011.0,10103.0
92_20,2012.0,10600.0
92_20,2013.0,10940.0
92_20,2014.0,10940.0
92_20,2015.0,11045.0
92_21,2003.0,23810.0
92_21,2004.0,24105.0
92_21,2005.0,24147.0
92_21,2006.0,27142.0
92_21,2007.0,27162.0
92_21,2008.0,27245.0
92_21,2009.0,26715.0
92_21,2010.0,28185.0
92_21,2011.0,29790.0
92_21,2012.0,30915.0
92_21,2013.0,32090.0
92_21,2014.0,32090.0
92_21,2015.0,35160.0
92_21,2016.0,35350.0
92_21,2017.0,31940.0
92_21,2018.0,31940.0
92_22,1998.0,36615.0
92_22,1999.0,36615.0
92_22,2000.0,36615.0
92_22,2001.0,33815.0
92_22,2002.0,33815.0
92_22,2003.0,36615.0
92_22,2004.0,45185.0
92_22,2005.0,45372.0
92_22,2006.0,47887.0
92_22,2007.0,47907.0
92_23,1998.0,20435.0
92_23,1999.0,20435.0
92_23,2000.0,20949.0
92_23,2001.0,22615.0
92_23,2002.0,23615.0
92_23,2003.0,23615.0
92_25,1998.0,22045.0
92_25,1999.0,22045.0
92_25,2000.0,18315.0
92_25,2001.0,17815.0
92_25,2002.0,16965.0
92_25,2003.0,16830.0
92_25,2004.0,16830.0
92_25,2005.0,16962.0
92_25,2006.0,16962.0
92_27,1998.0,15820.0
92_27,1999.0,15815.0
92_27,2000.0,15815.0
92_27,2001.0,15815.0
92_29,1998.0,19700.0
92_29,1999.0,19700.0
92_29,2000.0,19700.0
92_29,2001.0,19770.0
92_29,2002.0,19770.0
92_29,2003.0,19770.0
92_29,2004.0,19770.0
92_29,2005.0,19952.0
92_3,2007.0,11832.0
92_3,2008.0,12105.0
92_3,2009.0,12260.0
92_3,2010.0,13390.0
92_3,2011.0,13670.0
92_3,2012.0,12670.0
92_3,2013.0,12819.0
92_3,2014.0,14640.0
92_3,2015.0,14890.0
92_3,2016.0,14890.0
92_3,2017.0,16440.0
92_3,2018.0,16440.0
92_3,2019.0,20300.0
92_30,2000.0,16315.0
92_30,2001.0,16315.0
92_30,2002.0,16315.0
92_30,2003.0,16315.0
92_30,2004.0,17392.0
92_30,2005.0,17442.0
92_30,2006.0,17692.0
92_30,2007.0,17712.0
92_30,2008.0,17712.0
92_30,2009.0,17800.0
92_30,2010.0,18305.0
92_30,2011.0,20210.0
92_30,2012.0,21000.0
92_30,2013.0,21790.0
92_30,2014.0,21790.0
92_30,2015.0,21940.0
92_30,2016.0,21940.0
92_30,2017.0,24045.0
92_30,2018.0,24045.0
92_34,1998.0,14815.0
92_34,1999.0,14815.0
92_34,2000.0,13815.0
92_34,2001.0,13315.0
92_34,2002.0,13315.0
92_34,2003.0,13315.0
92_34,2004.0,15810.0
92_34,2005.0,16047.0
92_34,2006.0,16047.0
92_34,2007.0,18812.0
92_34,2008.0,18770.0
92_34,2009.0,16705.0
92_34,2010.0,16705.0
92_34,2011.0,22883.0
92_34,2012.0,22540.0
92_34,2013.0,22540.0
92_34,2014.0,22140.0
92_34,2015.0,22440.0
92_34,2016.0,22740.0
92_34,2017.0,24150.0
92_34,2018.0,24550.0
92_34,2019.0,24550.0
92_36,1998.0,7820.0
92_36,1999.0,7820.0
92_36,2000.0,7845.0
92_39,2008.0,14325.0
92_39,2009.0,14325.0
92_39,2010.0,14657.0
92_39,2011.0,15363.0
92_39,2012.0,16190.0
92_39,2013.0,16640.0
92_4,1998.0,13320.0
92_4,1999.0,12335.0
92_4,2000.0,12335.0
92_4,2001.0,12815.0
92_4,2002.0,12815.0
92_4,2003.0,12815.0
92_4,2004.0,12815.0
92_4,2005.0,13807.0
92_4,2006.0,13807.0
92_4,2007.0,13807.0
92_4,2008.0,14280.0
92_4,2009.0,14510.0
92_4,2010.0,16634.0
92_4,2011.0,16974.0
92_4,2012.0,16770.0
92_4,2013.0,16770.0
92_4,2014.0,17265.0
92_4,2015.0,17465.0
92_4,2016.0,17465.0
92_4,2017.0,18650.0
92_4,2018.0,18650.0
92_40,2009.0,15565.0
92_40,2010.0,16516.0
92_40,2011.0,14590.0
92_40,2012.0,14740.0
92_40,2013.0,15090.0
92_40,2014.0,17535.0
92_40,2015.0,17535.0
92_40,2016.0,17885.0
92_40,2017.0,18935.0
92_40,2018.0,18935.0
92_44,1999.0,7315.0
92_44,2000.0,7320.0
92_44,2001.0,6870.0
92_44,2002.0,6870.0
92_44,2003.0,6865.0
92_44,2004.0,6852.0
92_44,2005.0,7152.0
92_44,2006.0,7857.0
92_44,2007.0,7830.0
92_44,2008.0,8760.0
92_44,2009.0,8495.0
92_44,2010.0,10166.0
92_44,2011.0,10453.0
92_44,2012.0,10580.0
92_44,2013.0,10640.0
92_44,2014.0,10840.0
92_44,2015.0,10940.0
92_44,2016.0,11440.0
92_44,2017.0,11915.0
92_44,2018.0,11915.0
92_44,2019.0,13120.0
92_44,2020.0,13315.0
92_5,2001.0,17615.0
92_5,2002.0,17615.0
92_5,2003.0,17615.0
92_5,2004.0,17615.0
92_5,2005.0,18397.0
92_5,2006.0,18397.0
92_6,2005.0,6632.0
92_6,2006.0,6632.0
92_6,2007.0,6652.0
92_6,2008.0,6860.0
92_6,2009.0,6930.0
92_6,2010.0,8165.0
92_6,2011.0,8254.0
92_6,2012.0,8440.0
92_6,2013.0,8480.0
92_6,2014.0,8480.0
92_6,2015.0,8540.0
92_6,2016.0,8790.0
92_6,2017.0,9080.0
92_6,2018.0,9080.0
92_8,2016.0,20810.0
92_8,2017.0,20810.0
92_8,2018.0,21340.0
92_9,1998.0,19849.0
92_9,1999.0,19849.0
92_9,2000.0,20000.0
92_9,2001.0,19315.0
92_9,2002.0,18989.0
92_9,2003.0,19315.0
92_9,2004.0,19315.0
88_1,1998.0,41100.0
88_1,1999.0,41100.0
88_1,2000.0,41100.0
88_1,2001.0,41100.0
88_1,2002.0,41100.0
88_1,2003.0,41100.0
88_1,2004.0,41100.0
88_1,2005.0,41100.0
88_1,2006.0,41100.0
88_1,2007.0,41100.0
88_1,2008.0,41100.0
88_4,2000.0,39750.0
88_4,2001.0,39750.0
88_4,2002.0,39850.0
88_4,2003.0,39850.0
88_4,2004.0,39850.0
88_4,2005.0,39850.0
88_4,2006.0,39850.0
88_4,2007.0,39850.0
88_4,2008.0,39850.0
94_1,2012.0,11200.0
94_1,2013.0,11200.0
94_1,2014.0,11350.0
94_1,2015.0,11400.0
94_1,2016.0,11805.0
94_1,2017.0,12365.0
94_1,2018.0,13080.0
94_1,2019.0,13405.0
94_1,2020.0,14190.0
94_10,2017.0,16340.0
94_10,2018.0,16620.0
94_11,1998.0,15475.0
94_11,1999.0,12249.0
94_11,2000.0,16815.0
94_11,2001.0,15315.0
94_11,2002.0,16620.0
94_11,2003.0,17810.0
94_11,2004.0,18605.0
94_11,2005.0,19102.0
94_12,2017.0,22095.0
94_12,2018.0,22095.0
94_13,2008.0,15376.0
94_13,2009.0,15376.0
94_13,2010.0,16765.0
94_13,2011.0,16790.0
94_13,2012.0,17660.0
94_13,2013.0,16049.0
94_13,2014.0,16049.0
94_13,2015.0,16299.0
94_13,2016.0,16834.0
94_13,2017.0,16930.0
94_13,2018.0,17380.0
94_14,2003.0,9810.0
94_14,2004.0,9797.0
94_14,2005.0,9812.0
94_14,2006.0,9832.0
94_14,2007.0,10305.0
94_14,2008.0,10305.0
94_14,2009.0,11055.0
94_14,2010.0,12815.0
94_14,2011.0,12310.0
94_14,2012.0,12310.0
94_14,2013.0,12325.0
94_14,2014.0,12325.0
94_14,2015.0,12475.0
94_14,2016.0,12975.0
94_14,2017.0,13625.0
94_14,2018.0,14015.0
94_15,2012.0,15770.0
94_15,2013.0,15769.0
94_15,2014.0,15769.0
94_15,2015.0,15964.0
94_15,2016.0,16449.0
94_15,2017.0,16549.0
94_15,2018.0,18540.0
94_15,2019.0,18540.0
94_15,2020.0,19515.0
94_17,2004.0,28452.0
94_17,2005.0,28452.0
94_17,2006.0,28452.0
94_17,2007.0,29717.0
94_19,1998.0,18875.0
94_19,1999.0,19075.0
94_19,2000.0,12242.0
94_19,2001.0,17765.0
94_19,2002.0,18015.0
94_19,2003.0,18015.0
94_19,2004.0,18497.0
94_2,2000.0,6870.0
94_2,2001.0,6850.0
94_2,2002.0,5850.0
94_2,2003.0,5850.0
94_2,2004.0,5852.0
94_2,2005.0,6112.0
94_2,2006.0,6302.0
94_2,2007.0,6457.0
94_2,2008.0,6460.0
94_2,2009.0,7505.0
94_2,2010.0,8383.0
94_2,2011.0,8440.0
94_2,2012.0,8440.0
94_2,2013.0,8440.0
94_2,2014.0,8640.0
94_20,2002.0,17810.0
94_20,2003.0,17810.0
94_20,2004.0,17797.0
94_20,2005.0,17792.0
94_20,2006.0,17792.0
94_20,2007.0,17962.0
94_20,2008.0,18210.0
94_21,1998.0,12845.0
94_21,1999.0,11565.0
94_21,2000.0,11565.0
94_21,2001.0,11250.0
94_21,2004.0,13607.0
94_21,2005.0,13607.0
94_21,2006.0,13852.0
94_21,2007.0,13830.0
94_21,2008.0,13830.0
94_21,2009.0,14353.0
94_21,2010.0,14875.0
94_22,1998.0,13325.0
94_22,1999.0,12235.0
94_22,2000.0,10815.0
94_22,2001.0,10815.0
94_22,2002.0,12315.0
94_22,2003.0,13825.0
94_22,2004.0,13825.0
94_22,2005.0,14207.0
94_22,2006.0,14562.0
94_22,2007.0,14662.0
94_22,2008.0,14885.0
94_22,2009.0,15361.0
94_23,2014.0,7940.0
94_23,2015.0,7940.0
94_23,2016.0,8340.0
94_23,2017.0,8910.0
94_23,2018.0,9855.0
94_23,2019.0,10260.0
94_23,2020.0,10260.0
94_24,2010.0,23128.0
94_24,2011.0,23153.0
94_24,2012.0,23646.0
94_24,2013.0,23646.0
94_24,2014.0,23646.0
94_24,2015.0,23646.0
94_24,2019.0,39772.0
94_25,2000.0,22815.0
94_25,2001.0,22815.0
94_25,2002.0,22815.0
94_25,2003.0,22810.0
94_25,2004.0,23305.0
94_25,2005.0,26292.0
94_25,2006.0,26307.0
94_26,2007.0,34755.0
94_26,2008.0,34755.0
94_26,2009.0,34780.0
94_26,2010.0,34815.0
94_26,2011.0,43945.0
94_26,2012.0,43915.0
94_26,2013.0,43945.0
94_26,2014.0,53354.0
94_26,2015.0,53354.0
94_26,2016.0,53354.0
94_26,2017.0,54325.0
94_26,2018.0,54325.0
94_27,1999.0,13320.0
94_27,2000.0,13320.0
94_27,2001.0,13320.0
94_27,2002.0,13815.0
94_27,2003.0,12812.0
94_27,2004.0,12812.0
94_27,2005.0,12807.0
94_27,2006.0,12807.0
94_27,2007.0,13307.0
94_27,2008.0,12780.0
94_27,2009.0,12909.0
94_27,2010.0,14785.0
94_27,2011.0,13775.0
94_27,2012.0,13775.0
94_27,2013.0,18340.0
94_27,2014.0,18690.0
94_27,2015.0,17250.0
94_27,2016.0,17475.0
94_27,2017.0,17575.0
94_27,2018.0,19645.0
94_3,2011.0,37195.0
94_3,2012.0,34940.0
94_3,2013.0,34940.0
94_3,2014.0,33695.0
94_3,2015.0,33695.0
94_3,2016.0,33695.0
94_4,2007.0,19605.0
94_4,2008.0,19565.0
94_4,2009.0,20421.0
94_4,2010.0,19690.0
94_4,2011.0,18360.0
94_4,2012.0,18360.0
94_4,2013.0,19110.0
94_4,2014.0,19110.0
94_4,2015.0,19145.0
94_4,2016.0,19475.0
94_5,1998.0,11570.0
94_5,1999.0,11315.0
94_5,2000.0,10820.0
94_5,2001.0,10115.0
94_5,2002.0,10115.0
94_5,2003.0,9430.0
94_5,2004.0,9825.0
94_5,2005.0,10832.0
94_5,2006.0,10832.0
94_5,2007.0,11372.0
94_5,2008.0,11395.0
94_5,2009.0,11529.0
94_5,2010.0,13815.0
94_5,2011.0,12940.0
94_5,2012.0,12940.0
94_5,2013.0,12940.0
94_5,2014.0,12940.0
94_5,2015.0,12940.0
94_5,2016.0,15240.0
94_5,2017.0,15860.0
94_5,2018.0,16900.0
94_7,2012.0,23805.0
94_7,2013.0,23800.0
94_7,2014.0,23800.0
94_7,2015.0,23830.0
94_7,2016.0,24590.0
94_7,2017.0,25860.0
94_7,2018.0,27455.0
94_8,2007.0,12695.0
94_8,2008.0,12695.0
94_8,2009.0,12449.0
94_8,2010.0,12756.0
94_8,2011.0,12782.0
94_8,2012.0,13039.0
94_8,2018.0,19390.0
94_9,1998.0,7595.0
94_9,1999.0,6820.0
94_9,2000.0,6820.0
94_9,2001.0,7370.0
94_9,2002.0,6865.0
94_9,2003.0,6865.0
94_9,2004.0,6852.0
94_9,2005.0,6852.0
94_9,2006.0,6852.0
94_9,2007.0,7330.0
94_9,2008.0,7430.0
94_9,2009.0,7654.0
94_9,2010.0,9940.0
94_9,2011.0,8940.0
94_9,2012.0,9440.0
94_9,2013.0,8940.0
94_9,2014.0,8940.0
94_9,2015.0,8940.0
94_9,2016.0,9250.0
94_9,2017.0,9250.0
94_9,2018.0,10420.0
94_9,2019.0,10420.0
94_9,2020.0,11510.0
95_11,2003.0,24560.0
95_11,2004.0,24557.0
95_11,2005.0,24897.0
95_11,2006.0,25642.0
95_11,2007.0,27442.0
95_11,2008.0,23685.0
95_11,2009.0,23685.0
95_11,2010.0,24435.0
95_11,2011.0,32080.0
95_11,2012.0,33530.0
95_11,2013.0,33950.0
95_11,2014.0,35118.0
95_11,2015.0,35442.0
95_11,2016.0,35442.0
95_11,2017.0,37026.0
95_11,2018.0,39276.0
95_12,2011.0,23980.0
95_12,2012.0,23980.0
95_12,2013.0,23825.0
95_12,2014.0,24090.0
95_12,2015.0,24850.0
95_12,2016.0,24950.0
95_12,2017.0,25290.0
95_13,2006.0,19182.0
95_13,2007.0,19507.0
95_13,2008.0,19240.0
95_13,2009.0,18830.0
95_13,2010.0,20115.0
95_13,2011.0,20515.0
95_13,2012.0,22945.0
95_13,2013.0,23135.0
95_13,2014.0,26885.0
95_13,2015.0,27375.0
95_14,2006.0,6452.0
95_14,2007.0,6437.0
95_14,2008.0,6425.0
95_14,2009.0,6370.0
95_14,2010.0,7280.0
95_14,2011.0,7280.0
95_14,2012.0,7625.0
95_15,1998.0,8948.0
95_15,1999.0,11198.0
95_15,2000.0,11198.0
95_15,2001.0,10570.0
95_15,2002.0,10570.0
95_15,2003.0,10730.0
95_15,2004.0,10730.0
95_15,2005.0,11657.0
95_15,2006.0,11807.0
95_15,2007.0,11807.0
95_15,2008.0,12055.0
95_15,2009.0,12005.0
95_15,2010.0,13015.0
95_15,2011.0,13015.0
95_15,2012.0,15795.0
95_15,2013.0,16230.0
95_15,2014.0,16720.0
95_15,2015.0,17120.0
95_15,2016.0,17540.0
95_15,2017.0,17570.0
95_15,2018.0,18035.0
95_15,2019.0,18565.0
95_15,2020.0,19065.0
95_18,2006.0,14447.0
95_18,2007.0,14612.0
95_18,2008.0,14612.0
95_18,2009.0,14837.0
95_18,2010.0,16610.0
95_18,2011.0,16780.0
95_18,2012.0,16780.0
95_18,2013.0,17350.0
95_18,2014.0,17880.0
95_18,2015.0,17895.0
95_18,2016.0,18840.0
95_18,2017.0,19525.0
95_18,2018.0,19525.0
95_19,1999.0,7715.0
95_19,2000.0,7070.0
95_19,2001.0,7070.0
95_19,2002.0,7070.0
95_19,2003.0,7070.0
95_19,2004.0,7532.0
95_19,2005.0,7737.0
95_2,2017.0,30790.0
95_2,2018.0,30880.0
95_20,1998.0,15285.0
95_20,1999.0,14705.0
95_20,2000.0,14315.0
95_20,2001.0,14315.0
95_20,2002.0,14315.0
95_20,2003.0,14670.0
95_20,2004.0,14797.0
95_20,2005.0,13792.0
95_20,2006.0,13792.0
95_20,2007.0,15307.0
95_20,2008.0,15460.0
95_20,2009.0,15552.0
95_20,2010.0,17540.0
95_20,2011.0,17540.0
95_20,2012.0,19120.0
95_20,2013.0,19435.0
95_20,2014.0,20055.0
95_20,2015.0,20190.0
95_20,2016.0,22265.0
95_20,2017.0,21395.0
95_20,2018.0,21810.0
95_21,2003.0,42707.0
95_21,2004.0,40837.0
95_21,2005.0,36787.0
95_21,2006.0,36742.0
95_21,2007.0,42407.0
95_21,2008.0,42407.0
95_21,2009.0,42849.0
95_21,2010.0,45105.0
95_21,2011.0,45105.0
95_21,2012.0,50560.0
95_21,2013.0,51525.0
95_21,2014.0,53240.0
95_21,2015.0,54860.0
95_21,2016.0,54860.0
95_22,1998.0,7815.0
95_22,1999.0,7815.0
95_22,2000.0,6950.0
95_22,2001.0,7870.0
95_22,2002.0,7870.0
95_22,2003.0,7870.0
95_22,2004.0,7352.0
95_22,2005.0,6852.0
95_22,2006.0,6852.0
95_22,2007.0,7447.0
95_22,2008.0,7447.0
95_22,2009.0,7550.0
95_22,2010.0,8435.0
95_22,2011.0,9735.0
95_22,2012.0,9940.0
95_22,2013.0,10365.0
95_22,2014.0,10715.0
95_22,2015.0,11195.0
95_22,2016.0,11245.0
95_22,2017.0,11775.0
95_22,2018.0,11775.0
95_23,2008.0,18590.0
95_23,2009.0,18195.0
95_23,2010.0,18680.0
95_23,2011.0,18680.0
95_23,2012.0,19460.0
95_23,2013.0,19630.0
95_23,2014.0,20330.0
95_23,2015.0,20350.0
95_23,2016.0,20680.0
95_23,2017.0,21480.0
95_23,2018.0,21480.0
95_24,1998.0,17465.0
95_24,1999.0,17465.0
95_24,2000.0,17465.0
95_24,2001.0,18215.0
95_24,2002.0,18215.0
95_24,2003.0,18215.0
95_24,2004.0,17297.0
95_24,2005.0,17292.0
95_24,2006.0,17692.0
95_24,2007.0,17897.0
95_24,2008.0,18095.0
95_24,2009.0,18135.0
95_24,2010.0,20825.0
95_24,2011.0,22675.0
95_24,2012.0,23690.0
95_24,2013.0,23875.0
95_24,2014.0,24560.0
95_24,2015.0,24975.0
95_24,2016.0,26100.0
95_24,2017.0,27100.0
95_24,2018.0,27645.0
95_25,2017.0,18735.0
95_25,2018.0,18735.0
95_26,2008.0,18380.0
95_26,2009.0,17989.0
95_26,2010.0,19906.0
95_26,2011.0,20305.0
95_26,2012.0,20120.0
95_26,2013.0,20390.0
95_26,2014.0,21290.0
95_26,2015.0,21725.0
95_26,2016.0,21725.0
95_26,2017.0,22955.0
95_26,2018.0,22995.0
95_28,2003.0,28410.0
95_28,2004.0,28862.0
95_28,2005.0,30122.0
95_28,2006.0,28347.0
95_28,2007.0,28347.0
95_28,2008.0,29530.0
95_28,2009.0,29323.0
95_28,2010.0,30830.0
95_28,2011.0,36515.0
95_28,2012.0,39715.0
95_28,2013.0,40115.0
95_28,2014.0,35455.0
95_28,2015.0,35455.0
95_28,2016.0,35455.0
95_28,2017.0,36150.0
95_28,2018.0,36640.0
95_29,2003.0,14350.0
95_29,2004.0,14297.0
95_29,2005.0,14297.0
95_29,2006.0,14292.0
95_29,2007.0,14292.0
95_29,2008.0,14670.0
95_29,2009.0,14560.0
95_29,2010.0,16805.0
95_29,2011.0,16805.0
95_29,2012.0,17990.0
95_29,2013.0,18730.0
95_29,2014.0,19235.0
95_29,2015.0,19590.0
95_29,2016.0,19740.0
95_29,2017.0,22740.0
95_29,2018.0,23180.0
95_3,1999.0,14770.0
95_3,2000.0,12815.0
95_3,2001.0,12215.0
95_3,2002.0,11125.0
95_3,2003.0,11125.0
95_3,2004.0,11307.0
95_3,2005.0,11057.0
95_3,2006.0,11207.0
95_3,2007.0,11332.0
95_3,2008.0,11445.0
95_3,2009.0,11387.0
95_3,2010.0,12760.0
95_3,2011.0,12760.0
95_3,2012.0,15020.0
95_3,2013.0,15020.0
95_3,2014.0,15535.0
95_3,2015.0,15810.0
95_3,2016.0,16220.0
95_3,2017.0,16485.0
95_3,2018.0,17530.0
95_33,2011.0,7940.0
95_33,2012.0,7940.0
95_33,2013.0,7940.0
95_33,2014.0,8210.0
95_33,2015.0,8710.0
95_33,2016.0,8815.0
95_33,2017.0,8920.0
95_33,2018.0,9125.0
95_36,2019.0,31020.0
95_36,2020.0,31020.0
95_4,1999.0,14220.0
95_4,2000.0,13435.0
95_4,2001.0,12870.0
95_4,2002.0,12870.0
95_4,2003.0,13030.0
95_4,2004.0,13392.0
95_4,2005.0,13562.0
95_4,2006.0,13562.0
95_6,2015.0,18834.0
95_6,2016.0,18834.0
95_6,2017.0,19662.0
95_6,2018.0,20562.0
95_6,2019.0,21012.0
95_6,2020.0,22014.0
95_6,2021.0,22440.0
95_8,2008.0,15780.0
95_8,2009.0,15815.0
95_8,2010.0,17078.0
95_8,2011.0,17078.0
95_8,2012.0,19584.0
95_8,2013.0,20102.0
95_8,2014.0,18696.0
95_8,2015.0,18882.0
95_8,2016.0,18882.0
95_8,2017.0,21696.0
95_8,2018.0,23532.0
95_8,2019.0,21696.0
95_8,2020.0,24930.0
95_8,2021.0,25416.0
95_9,2005.0,33792.0
95_9,2006.0,33792.0
95_9,2007.0,34147.0
95_9,2008.0,34907.0
95_9,2009.0,36410.0
95_9,2010.0,36535.0
95_9,2011.0,34600.0
95_9,2012.0,34600.0
95_9,2013.0,34980.0
95_9,2014.0,35430.0
95_9,2015.0,35838.0
95_9,2016.0,35838.0
95_9,2017.0,39096.0
95_9,2018.0,41076.0
96_1,2007.0,14535.0
96_1,2008.0,14535.0
96_1,2009.0,14456.0
96_1,2010.0,14765.0
96_1,2011.0,14625.0
96_1,2012.0,14625.0
96_1,2013.0,14915.0
96_10,2010.0,22935.0
96_10,2011.0,22935.0
96_10,2012.0,21020.0
96_10,2013.0,21020.0
96_10,2014.0,21020.0
96_10,2015.0,21820.0
96_10,2016.0,21820.0
96_10,2017.0,22270.0
96_10,2018.0,23890.0
96_12,1998.0,19320.0
96_12,1999.0,19320.0
96_12,2000.0,19815.0
96_12,2001.0,20320.0
96_12,2002.0,20320.0
96_12,2003.0,20320.0
96_12,2004.0,22080.0
96_12,2005.0,22080.0
96_12,2006.0,22782.0
96_12,2007.0,23582.0
96_12,2008.0,23585.0
96_12,2009.0,22570.0
96_12,2010.0,24070.0
96_12,2011.0,25230.0
96_12,2012.0,24940.0
96_12,2013.0,24940.0
96_12,2014.0,24940.0
96_12,2015.0,25640.0
96_12,2016.0,25640.0
96_14,2015.0,34500.0
96_14,2016.0,34500.0
96_14,2017.0,34900.0
96_14,2018.0,36250.0
96_16,2008.0,24485.0
96_16,2009.0,23964.0
96_16,2010.0,26290.0
96_16,2011.0,26290.0
96_16,2012.0,27465.0
96_16,2013.0,27465.0
96_16,2014.0,30105.0
96_16,2015.0,31205.0
96_16,2016.0,31405.0
96_16,2017.0,31605.0
96_16,2018.0,32880.0
96_17,2000.0,28730.0
96_17,2001.0,28730.0
96_17,2002.0,28445.0
96_17,2003.0,27195.0
96_17,2004.0,27195.0
96_17,2005.0,27195.0
96_17,2006.0,28085.0
96_17,2007.0,29817.0
96_17,2008.0,27790.0
96_17,2009.0,26930.0
96_17,2010.0,26930.0
96_17,2011.0,27480.0
96_17,2012.0,28075.0
96_17,2013.0,28880.0
96_17,2014.0,32215.0
96_17,2015.0,34355.0
96_17,2016.0,34615.0
96_17,2017.0,34615.0
96_18,2002.0,29465.0
96_18,2003.0,28965.0
96_18,2004.0,28965.0
96_18,2005.0,30532.0
96_18,2006.0,30532.0
96_18,2007.0,32587.0
96_18,2008.0,29730.0
96_18,2009.0,29147.0
96_18,2010.0,30725.0
96_18,2011.0,31490.0
96_18,2012.0,34390.0
96_18,2013.0,35390.0
96_18,2014.0,36440.0
96_18,2015.0,36440.0
96_18,2016.0,46050.0
96_18,2017.0,46050.0
96_18,2018.0,49050.0
96_19,1998.0,19280.0
96_19,1999.0,18400.0
96_19,2000.0,18815.0
96_2,1998.0,25480.0
96_2,1999.0,25480.0
96_2,2000.0,24280.0
96_2,2001.0,22680.0
96_2,2002.0,22780.0
96_2,2003.0,24280.0
96_2,2004.0,24680.0
96_2,2005.0,24680.0
96_2,2006.0,25495.0
96_2,2007.0,25485.0
96_2,2008.0,24290.0
96_2,2009.0,24290.0
96_2,2010.0,24290.0
96_2,2011.0,26790.0
96_2,2012.0,29585.0
96_2,2013.0,29585.0
96_2,2014.0,32335.0
96_20,2017.0,27350.0
96_20,2018.0,27350.0
96_3,1998.0,13820.0
96_3,1999.0,13800.0
96_3,2000.0,14100.0
96_3,2001.0,14100.0
96_3,2002.0,14315.0
96_3,2003.0,13815.0
96_3,2004.0,13815.0
96_3,2005.0,15115.0
96_3,2006.0,13535.0
96_3,2007.0,13535.0
96_3,2008.0,13535.0
96_3,2009.0,13771.0
96_3,2010.0,15865.0
96_3,2011.0,15865.0
96_3,2012.0,17875.0
96_3,2013.0,17875.0
96_4,2000.0,19815.0
96_4,2001.0,19815.0
96_4,2002.0,19815.0
96_4,2003.0,19810.0
96_4,2004.0,19797.0
96_4,2005.0,19792.0
96_4,2006.0,19740.0
96_4,2007.0,19740.0
96_4,2008.0,19730.0
96_4,2009.0,19730.0
96_4,2010.0,21785.0
96_4,2011.0,21785.0
96_4,2012.0,19820.0
96_4,2013.0,19820.0
96_4,2014.0,19820.0
96_4,2015.0,20620.0
96_4,2016.0,20620.0
96_4,2017.0,21070.0
96_4,2018.0,22690.0
96_4,2019.0,22690.0
96_5,1998.0,21980.0
96_5,1999.0,22755.0
96_5,2000.0,22755.0
96_5,2001.0,20460.0
96_5,2002.0,20460.0
96_5,2003.0,20625.0
96_5,2004.0,20925.0
96_5,2005.0,21295.0
96_5,2006.0,23525.0
96_5,2007.0,23230.0
96_5,2008.0,23230.0
96_5,2009.0,21570.0
96_5,2010.0,23030.0
96_5,2011.0,24480.0
96_5,2012.0,25440.0
96_5,2013.0,25440.0
96_5,2014.0,29215.0
96_5,2015.0,30665.0
96_5,2016.0,32365.0
96_5,2017.0,32365.0
96_6,2015.0,32500.0
96_6,2016.0,32500.0
96_6,2017.0,32900.0
96_6,2018.0,34250.0
96_7,1998.0,14570.0
96_7,1999.0,14300.0
96_7,2000.0,14570.0
96_7,2001.0,15165.0
96_7,2002.0,15165.0
96_7,2003.0,14815.0
96_7,2004.0,14815.0
96_7,2012.0,18940.0
96_7,2013.0,18940.0
96_7,2014.0,18940.0
96_7,2015.0,18940.0
96_7,2016.0,18940.0
96_7,2017.0,19290.0
96_7,2018.0,20900.0
96_7,2019.0,21150.0
96_7,2020.0,21150.0
96_9,2004.0,17165.0
96_9,2005.0,17365.0
96_9,2006.0,15780.0
96_9,2007.0,15780.0
96_9,2008.0,15780.0
96_9,2009.0,15770.0
96_9,2010.0,17465.0
96_9,2011.0,17615.0
96_9,2012.0,19375.0
