genmodel_id,year,original_sales
100_1,2001.0,0
100_1,2002.0,0
100_1,2003.0,0
100_1,2004.0,0
100_1,2005.0,0
100_1,2006.0,1
100_1,2007.0,1
100_1,2008.0,0
100_1,2009.0,1
100_1,2010.0,0
100_1,2011.0,0
100_1,2012.0,0
100_1,2013.0,1
100_1,2014.0,0
100_1,2015.0,0
100_1,2016.0,0
100_1,2017.0,0
100_1,2018.0,0
100_1,2019.0,0
100_1,2020.0,0
101_1,2001.0,0
101_1,2002.0,0
101_1,2003.0,0
101_1,2004.0,0
101_1,2005.0,0
101_1,2006.0,0
101_1,2007.0,0
101_1,2008.0,0
101_1,2009.0,0
101_1,2010.0,0
101_1,2011.0,0
101_1,2012.0,0
101_1,2013.0,0
101_1,2014.0,0
101_1,2015.0,0
101_1,2016.0,0
101_1,2017.0,0
101_1,2018.0,108
101_1,2019.0,149
101_1,2020.0,102
10_1,2001.0,193
10_1,2002.0,134
10_1,2003.0,106
10_1,2004.0,90
10_1,2005.0,106
10_1,2006.0,73
10_1,2007.0,61
10_1,2008.0,40
10_1,2009.0,29
10_1,2010.0,5
10_1,2011.0,0
10_1,2012.0,1
10_1,2013.0,0
10_1,2014.0,0
10_1,2015.0,0
10_1,2016.0,0
10_1,2017.0,0
10_1,2018.0,0
10_1,2019.0,0
10_1,2020.0,0
10_2,2001.0,12
10_2,2002.0,8
10_2,2003.0,11
10_2,2004.0,0
10_2,2005.0,0
10_2,2006.0,21
10_2,2007.0,28
10_2,2008.0,14
10_2,2009.0,10
10_2,2010.0,5
10_2,2011.0,1
10_2,2012.0,0
10_2,2013.0,0
10_2,2014.0,0
10_2,2015.0,0
10_2,2016.0,0
10_2,2017.0,0
10_2,2018.0,0
10_2,2019.0,0
10_2,2020.0,0
10_3,2001.0,0
10_3,2002.0,0
10_3,2003.0,0
10_3,2004.0,0
10_3,2005.0,0
10_3,2006.0,0
10_3,2007.0,0
10_3,2008.0,0
10_3,2009.0,0
10_3,2010.0,0
10_3,2011.0,0
10_3,2012.0,0
10_3,2013.0,0
10_3,2014.0,0
10_3,2015.0,1
10_3,2016.0,342
10_3,2017.0,545
10_3,2018.0,526
10_3,2019.0,387
10_3,2020.0,436
10_4,2001.0,0
10_4,2002.0,0
10_4,2003.0,0
10_4,2004.0,0
10_4,2005.0,0
10_4,2006.0,0
10_4,2007.0,0
10_4,2008.0,28
10_4,2009.0,16
10_4,2010.0,3
10_4,2011.0,1
10_4,2012.0,0
10_4,2013.0,0
10_4,2014.0,0
10_4,2015.0,0
10_4,2016.0,0
10_4,2017.0,0
10_4,2018.0,0
10_4,2019.0,0
10_4,2020.0,0
10_5,2001.0,10
10_5,2002.0,11
10_5,2003.0,14
10_5,2004.0,1111
10_5,2005.0,1157
10_5,2006.0,1033
10_5,2007.0,1242
10_5,2008.0,821
10_5,2009.0,403
10_5,2010.0,477
10_5,2011.0,517
10_5,2012.0,704
10_5,2013.0,683
10_5,2014.0,713
10_5,2015.0,774
10_5,2016.0,808
10_5,2017.0,619
10_5,2018.0,600
10_5,2019.0,835
10_5,2020.0,699
10_6,2001.0,0
10_6,2002.0,0
10_6,2003.0,0
10_6,2004.0,0
10_6,2005.0,1
10_6,2006.0,0
10_6,2007.0,0
10_6,2008.0,0
10_6,2009.0,0
10_6,2010.0,0
10_6,2011.0,0
10_6,2012.0,0
10_6,2013.0,56
10_6,2014.0,187
10_6,2015.0,163
10_6,2016.0,126
10_6,2017.0,85
10_6,2018.0,56
10_6,2019.0,1
10_6,2020.0,26
10_7,2001.0,0
10_7,2002.0,0
10_7,2003.0,0
10_7,2004.0,0
10_7,2005.0,0
10_7,2006.0,0
10_7,2007.0,0
10_7,2008.0,0
10_7,2009.0,0
10_7,2010.0,18
10_7,2011.0,81
10_7,2012.0,56
10_7,2013.0,54
10_7,2014.0,81
10_7,2015.0,90
10_7,2016.0,110
10_7,2017.0,72
10_7,2018.0,38
10_7,2019.0,52
10_7,2020.0,29
11_1,2001.0,0
11_1,2002.0,0
11_1,2003.0,1
11_1,2004.0,1
11_1,2005.0,1
11_1,2006.0,1
11_1,2007.0,0
11_1,2008.0,0
11_1,2009.0,0
11_1,2010.0,0
11_1,2011.0,0
11_1,2012.0,0
11_1,2013.0,0
11_1,2014.0,0
11_1,2015.0,0
11_1,2016.0,0
11_1,2017.0,0
11_1,2018.0,0
11_1,2019.0,0
11_1,2020.0,0
14_1,2001.0,0
14_1,2002.0,0
14_1,2003.0,0
14_1,2004.0,0
14_1,2005.0,0
14_1,2006.0,56
14_1,2007.0,90
14_1,2008.0,44
14_1,2009.0,59
14_1,2010.0,19
14_1,2011.0,0
14_1,2012.0,0
14_1,2013.0,0
14_1,2014.0,0
14_1,2015.0,0
14_1,2016.0,0
14_1,2017.0,0
14_1,2018.0,0
14_1,2019.0,0
14_1,2020.0,0
14_2,2001.0,0
14_2,2002.0,0
14_2,2003.0,0
14_2,2004.0,0
14_2,2005.0,21
14_2,2006.0,29
14_2,2007.0,31
14_2,2008.0,9
14_2,2009.0,16
14_2,2010.0,8
14_2,2011.0,0
14_2,2012.0,3
14_2,2013.0,0
14_2,2014.0,0
14_2,2015.0,0
14_2,2016.0,1
14_2,2017.0,0
14_2,2018.0,0
14_2,2019.0,1
14_2,2020.0,0
14_3,2001.0,2
14_3,2002.0,8
14_3,2003.0,8
14_3,2004.0,8
14_3,2005.0,2
14_3,2006.0,2
14_3,2007.0,17
14_3,2008.0,3
14_3,2009.0,7
14_3,2010.0,4
14_3,2011.0,1
14_3,2012.0,2
14_3,2013.0,0
14_3,2014.0,0
14_3,2015.0,4
14_3,2016.0,6
14_3,2017.0,3
14_3,2018.0,5
14_3,2019.0,1
14_3,2020.0,0
14_5,2001.0,0
14_5,2002.0,0
14_5,2003.0,0
14_5,2004.0,0
14_5,2005.0,0
14_5,2006.0,0
14_5,2007.0,0
14_5,2008.0,8
14_5,2009.0,8
14_5,2010.0,2
14_5,2011.0,1
14_5,2012.0,0
14_5,2013.0,0
14_5,2014.0,0
14_5,2015.0,0
14_5,2016.0,0
14_5,2017.0,0
14_5,2018.0,0
14_5,2019.0,0
14_5,2020.0,0
16_10,2001.0,0
16_10,2002.0,0
16_10,2003.0,0
16_10,2004.0,0
16_10,2005.0,1077
16_10,2006.0,1252
16_10,2007.0,1910
16_10,2008.0,1398
16_10,2009.0,9
16_10,2010.0,0
16_10,2011.0,0
16_10,2012.0,0
16_10,2013.0,0
16_10,2014.0,0
16_10,2015.0,0
16_10,2016.0,0
16_10,2017.0,0
16_10,2018.0,0
16_10,2019.0,0
16_10,2020.0,0
16_11,2001.0,0
16_11,2002.0,0
16_11,2003.0,0
16_11,2004.0,0
16_11,2005.0,465
16_11,2006.0,782
16_11,2007.0,936
16_11,2008.0,1130
16_11,2009.0,1032
16_11,2010.0,349
16_11,2011.0,139
16_11,2012.0,0
16_11,2013.0,0
16_11,2014.0,0
16_11,2015.0,1
16_11,2016.0,0
16_11,2017.0,0
16_11,2018.0,0
16_11,2019.0,0
16_11,2020.0,0
16_12,2001.0,0
16_12,2002.0,0
16_12,2003.0,0
16_12,2004.0,0
16_12,2005.0,1384
16_12,2006.0,2336
16_12,2007.0,3719
16_12,2008.0,3630
16_12,2009.0,5028
16_12,2010.0,1176
16_12,2011.0,1
16_12,2012.0,0
16_12,2013.0,0
16_12,2014.0,0
16_12,2015.0,0
16_12,2016.0,0
16_12,2017.0,0
16_12,2018.0,0
16_12,2019.0,0
16_12,2020.0,0
16_13,2001.0,0
16_13,2002.0,0
16_13,2003.0,0
16_13,2004.0,0
16_13,2005.0,0
16_13,2006.0,0
16_13,2007.0,0
16_13,2008.0,0
16_13,2009.0,0
16_13,2010.0,2
16_13,2011.0,1566
16_13,2012.0,2218
16_13,2013.0,923
16_13,2014.0,210
16_13,2015.0,0
16_13,2016.0,0
16_13,2017.0,0
16_13,2018.0,0
16_13,2019.0,0
16_13,2020.0,0
16_14,2001.0,0
16_14,2002.0,0
16_14,2003.0,0
16_14,2004.0,0
16_14,2005.0,0
16_14,2006.0,0
16_14,2007.0,0
16_14,2008.0,0
16_14,2009.0,1
16_14,2010.0,3871
16_14,2011.0,4300
16_14,2012.0,4202
16_14,2013.0,4208
16_14,2014.0,880
16_14,2015.0,8
16_14,2016.0,0
16_14,2017.0,0
16_14,2018.0,0
16_14,2019.0,0
16_14,2020.0,0
16_16,2001.0,0
16_16,2002.0,0
16_16,2003.0,0
16_16,2004.0,0
16_16,2005.0,208
16_16,2006.0,246
16_16,2007.0,447
16_16,2008.0,285
16_16,2009.0,13
16_16,2010.0,2
16_16,2011.0,1
16_16,2012.0,0
16_16,2013.0,0
16_16,2014.0,0
16_16,2015.0,0
16_16,2016.0,0
16_16,2017.0,0
16_16,2018.0,0
16_16,2019.0,0
16_16,2020.0,0
16_18,2001.0,0
16_18,2002.0,0
16_18,2003.0,0
16_18,2004.0,0
16_18,2005.0,0
16_18,2006.0,0
16_18,2007.0,0
16_18,2008.0,0
16_18,2009.0,0
16_18,2010.0,0
16_18,2011.0,0
16_18,2012.0,0
16_18,2013.0,1069
16_18,2014.0,549
16_18,2015.0,1
16_18,2016.0,0
16_18,2017.0,1
16_18,2018.0,0
16_18,2019.0,0
16_18,2020.0,0
16_19,2001.0,0
16_19,2002.0,0
16_19,2003.0,0
16_19,2004.0,0
16_19,2005.0,0
16_19,2006.0,0
16_19,2007.0,0
16_19,2008.0,0
16_19,2009.0,0
16_19,2010.0,0
16_19,2011.0,0
16_19,2012.0,52
16_19,2013.0,58
16_19,2014.0,2
16_19,2015.0,0
16_19,2016.0,0
16_19,2017.0,0
16_19,2018.0,0
16_19,2019.0,0
16_19,2020.0,0
16_2,2001.0,0
16_2,2002.0,0
16_2,2003.0,0
16_2,2004.0,0
16_2,2005.0,0
16_2,2006.0,0
16_2,2007.0,0
16_2,2008.0,1295
16_2,2009.0,4605
16_2,2010.0,1951
16_2,2011.0,1504
16_2,2012.0,1798
16_2,2013.0,1475
16_2,2014.0,132
16_2,2015.0,0
16_2,2016.0,0
16_2,2017.0,0
16_2,2018.0,0
16_2,2019.0,0
16_2,2020.0,0
16_4,2001.0,0
16_4,2002.0,0
16_4,2003.0,0
16_4,2004.0,0
16_4,2005.0,0
16_4,2006.0,0
16_4,2007.0,0
16_4,2008.0,0
16_4,2009.0,1
16_4,2010.0,2
16_4,2011.0,0
16_4,2012.0,16
16_4,2013.0,24
16_4,2014.0,10
16_4,2015.0,2
16_4,2016.0,4
16_4,2017.0,28
16_4,2018.0,21
16_4,2019.0,29
16_4,2020.0,0
16_5,2001.0,0
16_5,2002.0,0
16_5,2003.0,0
16_5,2004.0,0
16_5,2005.0,0
16_5,2006.0,0
16_5,2007.0,444
16_5,2008.0,1295
16_5,2009.0,1058
16_5,2010.0,2207
16_5,2011.0,1412
16_5,2012.0,1231
16_5,2013.0,1146
16_5,2014.0,195
16_5,2015.0,0
16_5,2016.0,0
16_5,2017.0,0
16_5,2018.0,1
16_5,2019.0,0
16_5,2020.0,0
16_6,2001.0,0
16_6,2002.0,0
16_6,2003.0,0
16_6,2004.0,0
16_6,2005.0,0
16_6,2006.0,0
16_6,2007.0,0
16_6,2008.0,0
16_6,2009.0,0
16_6,2010.0,0
16_6,2011.0,0
16_6,2012.0,0
16_6,2013.0,2
16_6,2014.0,16
16_6,2015.0,4
16_6,2016.0,3
16_6,2017.0,18
16_6,2018.0,12
16_6,2019.0,14
16_6,2020.0,0
16_7,2001.0,0
16_7,2002.0,0
16_7,2003.0,0
16_7,2004.0,0
16_7,2005.0,0
16_7,2006.0,0
16_7,2007.0,0
16_7,2008.0,0
16_7,2009.0,438
16_7,2010.0,1032
16_7,2011.0,1382
16_7,2012.0,1925
16_7,2013.0,1522
16_7,2014.0,554
16_7,2015.0,1
16_7,2016.0,0
16_7,2017.0,0
16_7,2018.0,0
16_7,2019.0,0
16_7,2020.0,0
16_8,2001.0,0
16_8,2002.0,0
16_8,2003.0,0
16_8,2004.0,0
16_8,2005.0,0
16_8,2006.0,0
16_8,2007.0,0
16_8,2008.0,53
16_8,2009.0,126
16_8,2010.0,7
16_8,2011.0,12
16_8,2012.0,0
16_8,2013.0,0
16_8,2014.0,0
16_8,2015.0,0
16_8,2016.0,0
16_8,2017.0,0
16_8,2018.0,0
16_8,2019.0,0
16_8,2020.0,0
17_1,2001.0,0
17_1,2002.0,0
17_1,2003.0,0
17_1,2004.0,0
17_1,2005.0,162
17_1,2006.0,1510
17_1,2007.0,1812
17_1,2008.0,1106
17_1,2009.0,592
17_1,2010.0,624
17_1,2011.0,2
17_1,2012.0,163
17_1,2013.0,154
17_1,2014.0,47
17_1,2015.0,3
17_1,2016.0,0
17_1,2017.0,0
17_1,2018.0,0
17_1,2019.0,0
17_1,2020.0,0
17_10,2001.0,0
17_10,2002.0,0
17_10,2003.0,0
17_10,2004.0,0
17_10,2005.0,0
17_10,2006.0,0
17_10,2007.0,0
17_10,2008.0,0
17_10,2009.0,0
17_10,2010.0,0
17_10,2011.0,280
17_10,2012.0,1810
17_10,2013.0,1744
17_10,2014.0,1322
17_10,2015.0,122
17_10,2016.0,0
17_10,2017.0,0
17_10,2018.0,0
17_10,2019.0,0
17_10,2020.0,0
17_2,2001.0,0
17_2,2002.0,0
17_2,2003.0,172
17_2,2004.0,900
17_2,2005.0,606
17_2,2006.0,553
17_2,2007.0,247
17_2,2008.0,28
17_2,2009.0,2
17_2,2010.0,0
17_2,2011.0,0
17_2,2012.0,0
17_2,2013.0,0
17_2,2014.0,0
17_2,2015.0,0
17_2,2016.0,0
17_2,2017.0,0
17_2,2018.0,0
17_2,2019.0,0
17_2,2020.0,0
17_3,2001.0,0
17_3,2002.0,0
17_3,2003.0,0
17_3,2004.0,0
17_3,2005.0,0
17_3,2006.0,0
17_3,2007.0,0
17_3,2008.0,0
17_3,2009.0,0
17_3,2010.0,0
17_3,2011.0,190
17_3,2012.0,533
17_3,2013.0,45
17_3,2014.0,7
17_3,2015.0,0
17_3,2016.0,0
17_3,2017.0,0
17_3,2018.0,0
17_3,2019.0,0
17_3,2020.0,0
17_4,2001.0,0
17_4,2002.0,0
17_4,2003.0,0
17_4,2004.0,0
17_4,2005.0,0
17_4,2006.0,0
17_4,2007.0,0
17_4,2008.0,0
17_4,2009.0,0
17_4,2010.0,0
17_4,2011.0,0
17_4,2012.0,0
17_4,2013.0,324
17_4,2014.0,479
17_4,2015.0,3
17_4,2016.0,0
17_4,2017.0,0
17_4,2018.0,0
17_4,2019.0,0
17_4,2020.0,0
17_5,2001.0,83
17_5,2002.0,68
17_5,2003.0,74
17_5,2004.0,15
17_5,2005.0,0
17_5,2006.0,2
17_5,2007.0,1
17_5,2008.0,0
17_5,2009.0,0
17_5,2010.0,0
17_5,2011.0,0
17_5,2012.0,0
17_5,2013.0,0
17_5,2014.0,0
17_5,2015.0,0
17_5,2016.0,0
17_5,2017.0,0
17_5,2018.0,0
17_5,2019.0,0
17_5,2020.0,0
17_7,2001.0,278
17_7,2002.0,348
17_7,2003.0,613
17_7,2004.0,679
17_7,2005.0,828
17_7,2006.0,998
17_7,2007.0,969
17_7,2008.0,158
17_7,2009.0,2
17_7,2010.0,0
17_7,2011.0,0
17_7,2012.0,0
17_7,2013.0,0
17_7,2014.0,0
17_7,2015.0,0
17_7,2016.0,0
17_7,2017.0,0
17_7,2018.0,0
17_7,2019.0,0
17_7,2020.0,0
17_8,2001.0,6
17_8,2002.0,4
17_8,2003.0,1
17_8,2004.0,1
17_8,2005.0,2
17_8,2006.0,0
17_8,2007.0,154
17_8,2008.0,437
17_8,2009.0,495
17_8,2010.0,3
17_8,2011.0,0
17_8,2012.0,0
17_8,2013.0,0
17_8,2014.0,0
17_8,2015.0,0
17_8,2016.0,0
17_8,2017.0,0
17_8,2018.0,0
17_8,2019.0,0
17_8,2020.0,0
17_9,2001.0,296
17_9,2002.0,383
17_9,2003.0,804
17_9,2004.0,1058
17_9,2005.0,1968
17_9,2006.0,2545
17_9,2007.0,1806
17_9,2008.0,1457
17_9,2009.0,679
17_9,2010.0,490
17_9,2011.0,515
17_9,2012.0,371
17_9,2013.0,0
17_9,2014.0,1
17_9,2015.0,0
17_9,2016.0,0
17_9,2017.0,0
17_9,2018.0,0
17_9,2019.0,0
17_9,2020.0,1
18_12,2001.0,1
18_12,2002.0,0
18_12,2003.0,0
18_12,2004.0,115
18_12,2005.0,3411
18_12,2006.0,5431
18_12,2007.0,15454
18_12,2008.0,17460
18_12,2009.0,11798
18_12,2010.0,11256
18_12,2011.0,10606
18_12,2012.0,10971
18_12,2013.0,13689
18_12,2014.0,22378
18_12,2015.0,29255
18_12,2016.0,25948
18_12,2017.0,15888
18_12,2018.0,12323
18_12,2019.0,8814
18_12,2020.0,3524
18_15,2001.0,280
18_15,2002.0,772
18_15,2003.0,973
18_15,2004.0,999
18_15,2005.0,844
18_15,2006.0,1080
18_15,2007.0,923
18_15,2008.0,2427
18_15,2009.0,3385
18_15,2010.0,1918
18_15,2011.0,830
18_15,2012.0,472
18_15,2013.0,396
18_15,2014.0,246
18_15,2015.0,210
18_15,2016.0,103
18_15,2017.0,0
18_15,2018.0,22
18_15,2019.0,6499
18_15,2020.0,5086
18_16,2001.0,0
18_16,2002.0,0
18_16,2003.0,0
18_16,2004.0,0
18_16,2005.0,3
18_16,2006.0,76
18_16,2007.0,147
18_16,2008.0,79
18_16,2009.0,81
18_16,2010.0,36
18_16,2011.0,3
18_16,2012.0,5
18_16,2013.0,0
18_16,2014.0,0
18_16,2015.0,0
18_16,2016.0,0
18_16,2017.0,0
18_16,2018.0,0
18_16,2019.0,0
18_16,2020.0,0
18_17,2001.0,0
18_17,2002.0,1
18_17,2003.0,146
18_17,2004.0,287
18_17,2005.0,433
18_17,2006.0,510
18_17,2007.0,528
18_17,2008.0,350
18_17,2009.0,203
18_17,2010.0,47
18_17,2011.0,0
18_17,2012.0,0
18_17,2013.0,0
18_17,2014.0,1
18_17,2015.0,0
18_17,2016.0,0
18_17,2017.0,0
18_17,2018.0,0
18_17,2019.0,0
18_17,2020.0,0
18_18,2001.0,0
18_18,2002.0,9
18_18,2003.0,7
18_18,2004.0,22
18_18,2005.0,67
18_18,2006.0,84
18_18,2007.0,96
18_18,2008.0,169
18_18,2009.0,254
18_18,2010.0,249
18_18,2011.0,151
18_18,2012.0,184
18_18,2013.0,243
18_18,2014.0,342
18_18,2015.0,284
18_18,2016.0,112
18_18,2017.0,86
18_18,2018.0,22
18_18,2019.0,93
18_18,2020.0,1
18_2,2001.0,977
18_2,2002.0,2050
18_2,2003.0,3382
18_2,2004.0,3898
18_2,2005.0,3352
18_2,2006.0,3184
18_2,2007.0,2671
18_2,2008.0,3023
18_2,2009.0,5581
18_2,2010.0,3470
18_2,2011.0,3289
18_2,2012.0,4226
18_2,2013.0,4182
18_2,2014.0,3672
18_2,2015.0,3354
18_2,2016.0,3224
18_2,2017.0,2173
18_2,2018.0,2393
18_2,2019.0,3485
18_2,2020.0,1701
18_25,2001.0,0
18_25,2002.0,0
18_25,2003.0,0
18_25,2004.0,0
18_25,2005.0,0
18_25,2006.0,0
18_25,2007.0,0
18_25,2008.0,0
18_25,2009.0,1241
18_25,2010.0,971
18_25,2011.0,562
18_25,2012.0,345
18_25,2013.0,13
18_25,2014.0,0
18_25,2015.0,0
18_25,2016.0,0
18_25,2017.0,0
18_25,2018.0,0
18_25,2019.0,0
18_25,2020.0,0
18_26,2001.0,2070
18_26,2002.0,2033
18_26,2003.0,1539
18_26,2004.0,116
18_26,2005.0,0
18_26,2006.0,0
18_26,2007.0,0
18_26,2008.0,0
18_26,2009.0,0
18_26,2010.0,0
18_26,2011.0,0
18_26,2012.0,0
18_26,2013.0,0
18_26,2014.0,0
18_26,2015.0,0
18_26,2016.0,0
18_26,2017.0,0
18_26,2018.0,0
18_26,2019.0,0
18_26,2020.0,0
18_27,2001.0,0
18_27,2002.0,0
18_27,2003.0,0
18_27,2004.0,0
18_27,2005.0,0
18_27,2006.0,0
18_27,2007.0,0
18_27,2008.0,0
18_27,2009.0,0
18_27,2010.0,0
18_27,2011.0,0
18_27,2012.0,0
18_27,2013.0,0
18_27,2014.0,0
18_27,2015.0,0
18_27,2016.0,33
18_27,2017.0,419
18_27,2018.0,895
18_27,2019.0,717
18_27,2020.0,229
18_28,2001.0,131
18_28,2002.0,62
18_28,2003.0,0
18_28,2004.0,0
18_28,2005.0,0
18_28,2006.0,0
18_28,2007.0,0
18_28,2008.0,0
18_28,2009.0,0
18_28,2010.0,0
18_28,2011.0,0
18_28,2012.0,0
18_28,2013.0,0
18_28,2014.0,0
18_28,2015.0,0
18_28,2016.0,0
18_28,2017.0,0
18_28,2018.0,0
18_28,2019.0,0
18_28,2020.0,0
18_29,2001.0,2902
18_29,2002.0,4558
18_29,2003.0,6125
18_29,2004.0,9068
18_29,2005.0,9813
18_29,2006.0,12569
18_29,2007.0,10704
18_29,2008.0,5285
18_29,2009.0,3538
18_29,2010.0,1703
18_29,2011.0,1
18_29,2012.0,0
18_29,2013.0,1
18_29,2014.0,0
18_29,2015.0,1
18_29,2016.0,0
18_29,2017.0,0
18_29,2018.0,0
18_29,2019.0,0
18_29,2020.0,0
18_31,2001.0,46
18_31,2002.0,0
18_31,2003.0,0
18_31,2004.0,0
18_31,2005.0,0
18_31,2006.0,0
18_31,2007.0,0
18_31,2008.0,0
18_31,2009.0,0
18_31,2010.0,0
18_31,2011.0,0
18_31,2012.0,0
18_31,2013.0,0
18_31,2014.0,0
18_31,2015.0,0
18_31,2016.0,0
18_31,2017.0,0
18_31,2018.0,1
18_31,2019.0,0
18_31,2020.0,0
18_4,2001.0,0
18_4,2002.0,0
18_4,2003.0,0
18_4,2004.0,0
18_4,2005.0,0
18_4,2006.0,0
18_4,2007.0,347
18_4,2008.0,901
18_4,2009.0,677
18_4,2010.0,542
18_4,2011.0,38
18_4,2012.0,17
18_4,2013.0,0
18_4,2014.0,0
18_4,2015.0,0
18_4,2016.0,0
18_4,2017.0,0
18_4,2018.0,0
18_4,2019.0,0
18_4,2020.0,0
18_5,2001.0,0
18_5,2002.0,0
18_5,2003.0,0
18_5,2004.0,0
18_5,2005.0,0
18_5,2006.0,0
18_5,2007.0,0
18_5,2008.0,0
18_5,2009.0,0
18_5,2010.0,0
18_5,2011.0,36
18_5,2012.0,85
18_5,2013.0,52
18_5,2014.0,3
18_5,2015.0,1
18_5,2016.0,22
18_5,2017.0,6
18_5,2018.0,0
18_5,2019.0,1
18_5,2020.0,0
18_6,2001.0,0
18_6,2002.0,0
18_6,2003.0,0
18_6,2004.0,0
18_6,2005.0,1067
18_6,2006.0,6788
18_6,2007.0,9916
18_6,2008.0,12482
18_6,2009.0,13160
18_6,2010.0,13849
18_6,2011.0,14241
18_6,2012.0,14000
18_6,2013.0,14089
18_6,2014.0,13565
18_6,2015.0,17960
18_6,2016.0,18096
18_6,2017.0,8700
18_6,2018.0,6950
18_6,2019.0,5272
18_6,2020.0,3734
18_7,2001.0,0
18_7,2002.0,0
18_7,2003.0,448
18_7,2004.0,3772
18_7,2005.0,4252
18_7,2006.0,3995
18_7,2007.0,4173
18_7,2008.0,3183
18_7,2009.0,3201
18_7,2010.0,370
18_7,2011.0,2
18_7,2012.0,0
18_7,2013.0,0
18_7,2014.0,0
18_7,2015.0,0
18_7,2016.0,0
18_7,2017.0,0
18_7,2018.0,0
18_7,2019.0,0
18_7,2020.0,0
18_8,2001.0,1
18_8,2002.0,2861
18_8,2003.0,7594
18_8,2004.0,8685
18_8,2005.0,9608
18_8,2006.0,9398
18_8,2007.0,9758
18_8,2008.0,7871
18_8,2009.0,12376
18_8,2010.0,21664
18_8,2011.0,17470
18_8,2012.0,16345
18_8,2013.0,14408
18_8,2014.0,14612
18_8,2015.0,12819
18_8,2016.0,11003
18_8,2017.0,19398
18_8,2018.0,24099
18_8,2019.0,22544
18_8,2020.0,12166
19_1,2001.0,0
19_1,2002.0,0
19_1,2003.0,0
19_1,2004.0,0
19_1,2005.0,4
19_1,2006.0,0
19_1,2007.0,10
19_1,2008.0,1
19_1,2009.0,6
19_1,2010.0,0
19_1,2011.0,0
19_1,2012.0,0
19_1,2013.0,0
19_1,2014.0,0
19_1,2015.0,0
19_1,2016.0,0
19_1,2017.0,0
19_1,2018.0,0
19_1,2019.0,0
19_1,2020.0,0
21_1,2001.0,0
21_1,2002.0,0
21_1,2003.0,0
21_1,2004.0,0
21_1,2005.0,0
21_1,2006.0,0
21_1,2007.0,0
21_1,2008.0,0
21_1,2009.0,2
21_1,2010.0,4662
21_1,2011.0,10242
21_1,2012.0,15543
21_1,2013.0,18843
21_1,2014.0,18543
21_1,2015.0,15333
21_1,2016.0,11890
21_1,2017.0,6911
21_1,2018.0,3173
21_1,2019.0,2168
21_1,2020.0,1738
21_3,2001.0,0
21_3,2002.0,0
21_3,2003.0,0
21_3,2004.0,0
21_3,2005.0,0
21_3,2006.0,0
21_3,2007.0,0
21_3,2008.0,0
21_3,2009.0,0
21_3,2010.0,0
21_3,2011.0,1315
21_3,2012.0,2618
21_3,2013.0,3903
21_3,2014.0,2369
21_3,2015.0,1975
21_3,2016.0,2366
21_3,2017.0,990
21_3,2018.0,387
21_3,2019.0,2
21_3,2020.0,0
21_5,2001.0,0
21_5,2002.0,0
21_5,2003.0,0
21_5,2004.0,0
21_5,2005.0,0
21_5,2006.0,0
21_5,2007.0,0
21_5,2008.0,0
21_5,2009.0,0
21_5,2010.0,0
21_5,2011.0,2
21_5,2012.0,1233
21_5,2013.0,1892
21_5,2014.0,1093
21_5,2015.0,819
21_5,2016.0,574
21_5,2017.0,272
21_5,2018.0,122
21_5,2019.0,5
21_5,2020.0,0
21_6,2001.0,0
21_6,2002.0,0
21_6,2003.0,0
21_6,2004.0,0
21_6,2005.0,0
21_6,2006.0,0
21_6,2007.0,0
21_6,2008.0,0
21_6,2009.0,0
21_6,2010.0,0
21_6,2011.0,0
21_6,2012.0,0
21_6,2013.0,0
21_6,2014.0,0
21_6,2015.0,0
21_6,2016.0,0
21_6,2017.0,5
21_6,2018.0,913
21_6,2019.0,1457
21_6,2020.0,581
22_1,2001.0,0
22_1,2002.0,0
22_1,2003.0,0
22_1,2004.0,0
22_1,2005.0,0
22_1,2006.0,0
22_1,2007.0,0
22_1,2008.0,0
22_1,2009.0,0
22_1,2010.0,0
22_1,2011.0,1
22_1,2012.0,10
22_1,2013.0,6910
22_1,2014.0,5944
22_1,2015.0,5994
22_1,2016.0,7097
22_1,2017.0,6276
22_1,2018.0,8538
22_1,2019.0,14571
22_1,2020.0,8264
22_2,2001.0,0
22_2,2002.0,0
22_2,2003.0,0
22_2,2004.0,0
22_2,2005.0,0
22_2,2006.0,0
22_2,2007.0,0
22_2,2008.0,0
22_2,2009.0,0
22_2,2010.0,0
22_2,2011.0,0
22_2,2012.0,0
22_2,2013.0,462
22_2,2014.0,2270
22_2,2015.0,3192
22_2,2016.0,2824
22_2,2017.0,2271
22_2,2018.0,1783
22_2,2019.0,2284
22_2,2020.0,794
22_3,2001.0,0
22_3,2002.0,0
22_3,2003.0,0
22_3,2004.0,0
22_3,2005.0,0
22_3,2006.0,0
22_3,2007.0,0
22_3,2008.0,0
22_3,2009.0,0
22_3,2010.0,0
22_3,2011.0,0
22_3,2012.0,18
22_3,2013.0,7906
22_3,2014.0,13608
22_3,2015.0,15371
22_3,2016.0,15091
22_3,2017.0,14937
22_3,2018.0,12542
22_3,2019.0,12748
22_3,2020.0,9344
23_1,2001.0,0
23_1,2002.0,2
23_1,2003.0,517
23_1,2004.0,758
23_1,2005.0,122
23_1,2006.0,0
23_1,2007.0,0
23_1,2008.0,0
23_1,2009.0,0
23_1,2010.0,0
23_1,2011.0,0
23_1,2012.0,0
23_1,2013.0,0
23_1,2014.0,0
23_1,2015.0,0
23_1,2016.0,0
23_1,2017.0,0
23_1,2018.0,0
23_1,2019.0,0
23_1,2020.0,0
23_2,2001.0,0
23_2,2002.0,0
23_2,2003.0,0
23_2,2004.0,178
23_2,2005.0,145
23_2,2006.0,0
23_2,2007.0,0
23_2,2008.0,0
23_2,2009.0,0
23_2,2010.0,0
23_2,2011.0,0
23_2,2012.0,0
23_2,2013.0,0
23_2,2014.0,0
23_2,2015.0,0
23_2,2016.0,0
23_2,2017.0,0
23_2,2018.0,0
23_2,2019.0,0
23_2,2020.0,0
23_3,2001.0,362
23_3,2002.0,395
23_3,2003.0,488
23_3,2004.0,1050
23_3,2005.0,138
23_3,2006.0,0
23_3,2007.0,0
23_3,2008.0,0
23_3,2009.0,0
23_3,2010.0,0
23_3,2011.0,0
23_3,2012.0,0
23_3,2013.0,0
23_3,2014.0,0
23_3,2015.0,0
23_3,2016.0,0
23_3,2017.0,0
23_3,2018.0,0
23_3,2019.0,0
23_3,2020.0,0
23_4,2001.0,15
23_4,2002.0,6
23_4,2003.0,23
23_4,2004.0,47
23_4,2005.0,24
23_4,2006.0,0
23_4,2007.0,0
23_4,2008.0,0
23_4,2009.0,0
23_4,2010.0,0
23_4,2011.0,0
23_4,2012.0,0
23_4,2013.0,0
23_4,2014.0,0
23_4,2015.0,0
23_4,2016.0,0
23_4,2017.0,0
23_4,2018.0,0
23_4,2019.0,0
23_4,2020.0,0
23_5,2001.0,21
23_5,2002.0,24
23_5,2003.0,60
23_5,2004.0,124
23_5,2005.0,8
23_5,2006.0,0
23_5,2007.0,0
23_5,2008.0,0
23_5,2009.0,0
23_5,2010.0,0
23_5,2011.0,0
23_5,2012.0,0
23_5,2013.0,0
23_5,2014.0,0
23_5,2015.0,0
23_5,2016.0,0
23_5,2017.0,0
23_5,2018.0,0
23_5,2019.0,0
23_5,2020.0,0
23_6,2001.0,82
23_6,2002.0,87
23_6,2003.0,10
23_6,2004.0,2
23_6,2005.0,0
23_6,2006.0,0
23_6,2007.0,0
23_6,2008.0,0
23_6,2009.0,0
23_6,2010.0,0
23_6,2011.0,0
23_6,2012.0,0
23_6,2013.0,0
23_6,2014.0,0
23_6,2015.0,0
23_6,2016.0,0
23_6,2017.0,0
23_6,2018.0,0
23_6,2019.0,0
23_6,2020.0,0
23_7,2001.0,5
23_7,2002.0,11
23_7,2003.0,2
23_7,2004.0,0
23_7,2005.0,0
23_7,2006.0,0
23_7,2007.0,0
23_7,2008.0,0
23_7,2009.0,0
23_7,2010.0,0
23_7,2011.0,0
23_7,2012.0,0
23_7,2013.0,0
23_7,2014.0,0
23_7,2015.0,0
23_7,2016.0,0
23_7,2017.0,0
23_7,2018.0,0
23_7,2019.0,0
23_7,2020.0,0
23_8,2001.0,30
23_8,2002.0,20
23_8,2003.0,3
23_8,2004.0,0
23_8,2005.0,0
23_8,2006.0,3
23_8,2007.0,0
23_8,2008.0,0
23_8,2009.0,1
23_8,2010.0,0
23_8,2011.0,0
23_8,2012.0,0
23_8,2013.0,0
23_8,2014.0,0
23_8,2015.0,0
23_8,2016.0,0
23_8,2017.0,0
23_8,2018.0,0
23_8,2019.0,0
23_8,2020.0,0
24_2,2001.0,0
24_2,2002.0,0
24_2,2003.0,441
24_2,2004.0,625
24_2,2005.0,419
24_2,2006.0,343
24_2,2007.0,78
24_2,2008.0,0
24_2,2009.0,0
24_2,2010.0,0
24_2,2011.0,0
24_2,2012.0,0
24_2,2013.0,0
24_2,2014.0,0
24_2,2015.0,0
24_2,2016.0,0
24_2,2017.0,0
24_2,2018.0,0
24_2,2019.0,0
24_2,2020.0,0
24_3,2001.0,0
24_3,2002.0,1
24_3,2003.0,84
24_3,2004.0,254
24_3,2005.0,122
24_3,2006.0,139
24_3,2007.0,249
24_3,2008.0,264
24_3,2009.0,171
24_3,2010.0,5
24_3,2011.0,0
24_3,2012.0,0
24_3,2013.0,0
24_3,2014.0,2
24_3,2015.0,1
24_3,2016.0,0
24_3,2017.0,0
24_3,2018.0,0
24_3,2019.0,0
24_3,2020.0,0
24_4,2001.0,94
24_4,2002.0,71
24_4,2003.0,20
24_4,2004.0,0
24_4,2005.0,0
24_4,2006.0,0
24_4,2007.0,0
24_4,2008.0,0
24_4,2009.0,1
24_4,2010.0,0
24_4,2011.0,0
24_4,2012.0,0
24_4,2013.0,0
24_4,2014.0,0
24_4,2015.0,0
24_4,2016.0,0
24_4,2017.0,0
24_4,2018.0,0
24_4,2019.0,0
24_4,2020.0,0
24_5,2001.0,112
24_5,2002.0,11
24_5,2003.0,0
24_5,2004.0,0
24_5,2005.0,0
24_5,2006.0,0
24_5,2007.0,0
24_5,2008.0,0
24_5,2009.0,0
24_5,2010.0,0
24_5,2011.0,0
24_5,2012.0,0
24_5,2013.0,0
24_5,2014.0,0
24_5,2015.0,0
24_5,2016.0,0
24_5,2017.0,0
24_5,2018.0,0
24_5,2019.0,0
24_5,2020.0,0
24_6,2001.0,0
24_6,2002.0,0
24_6,2003.0,0
24_6,2004.0,0
24_6,2005.0,0
24_6,2006.0,0
24_6,2007.0,210
24_6,2008.0,286
24_6,2009.0,184
24_6,2010.0,29
24_6,2011.0,0
24_6,2012.0,0
24_6,2013.0,0
24_6,2014.0,0
24_6,2015.0,0
24_6,2016.0,0
24_6,2017.0,0
24_6,2018.0,0
24_6,2019.0,0
24_6,2020.0,0
24_7,2001.0,142
24_7,2002.0,228
24_7,2003.0,216
24_7,2004.0,175
24_7,2005.0,1059
24_7,2006.0,1051
24_7,2007.0,1788
24_7,2008.0,2305
24_7,2009.0,1048
24_7,2010.0,128
24_7,2011.0,1
24_7,2012.0,0
24_7,2013.0,0
24_7,2014.0,0
24_7,2015.0,0
24_7,2016.0,0
24_7,2017.0,0
24_7,2018.0,0
24_7,2019.0,0
24_7,2020.0,0
24_8,2001.0,128
24_8,2002.0,203
24_8,2003.0,357
24_8,2004.0,369
24_8,2005.0,639
24_8,2006.0,927
24_8,2007.0,1326
24_8,2008.0,923
24_8,2009.0,641
24_8,2010.0,19
24_8,2011.0,0
24_8,2012.0,1
24_8,2013.0,1
24_8,2014.0,0
24_8,2015.0,0
24_8,2016.0,0
24_8,2017.0,0
24_8,2018.0,0
24_8,2019.0,0
24_8,2020.0,0
24_9,2001.0,105
24_9,2002.0,100
24_9,2003.0,85
24_9,2004.0,71
24_9,2005.0,1
24_9,2006.0,0
24_9,2007.0,0
24_9,2008.0,0
24_9,2009.0,0
24_9,2010.0,0
24_9,2011.0,0
24_9,2012.0,0
24_9,2013.0,0
24_9,2014.0,0
24_9,2015.0,0
24_9,2016.0,0
24_9,2017.0,0
24_9,2018.0,0
24_9,2019.0,0
24_9,2020.0,0
26_1,2001.0,0
26_1,2002.0,0
26_1,2003.0,0
26_1,2004.0,0
26_1,2005.0,0
26_1,2006.0,0
26_1,2007.0,64
26_1,2008.0,353
26_1,2009.0,133
26_1,2010.0,0
26_1,2011.0,0
26_1,2012.0,0
26_1,2013.0,0
26_1,2014.0,0
26_1,2015.0,0
26_1,2016.0,0
26_1,2017.0,0
26_1,2018.0,0
26_1,2019.0,0
26_1,2020.0,0
26_2,2001.0,0
26_2,2002.0,0
26_2,2003.0,0
26_2,2004.0,0
26_2,2005.0,0
26_2,2006.0,748
26_2,2007.0,1015
26_2,2008.0,791
26_2,2009.0,294
26_2,2010.0,0
26_2,2011.0,0
26_2,2012.0,0
26_2,2013.0,0
26_2,2014.0,0
26_2,2015.0,0
26_2,2016.0,0
26_2,2017.0,0
26_2,2018.0,0
26_2,2019.0,0
26_2,2020.0,0
26_5,2001.0,0
26_5,2002.0,0
26_5,2003.0,0
26_5,2004.0,0
26_5,2005.0,0
26_5,2006.0,0
26_5,2007.0,0
26_5,2008.0,87
26_5,2009.0,613
26_5,2010.0,584
26_5,2011.0,0
26_5,2012.0,0
26_5,2013.0,1
26_5,2014.0,0
26_5,2015.0,1
26_5,2016.0,0
26_5,2017.0,1
26_5,2018.0,4
26_5,2019.0,4
26_5,2020.0,1
26_6,2001.0,0
26_6,2002.0,0
26_6,2003.0,0
26_6,2004.0,0
26_6,2005.0,0
26_6,2006.0,0
26_6,2007.0,285
26_6,2008.0,885
26_6,2009.0,640
26_6,2010.0,0
26_6,2011.0,1
26_6,2012.0,0
26_6,2013.0,0
26_6,2014.0,0
26_6,2015.0,0
26_6,2016.0,0
26_6,2017.0,0
26_6,2018.0,0
26_6,2019.0,0
26_6,2020.0,0
27_10,2001.0,0
27_10,2002.0,0
27_10,2003.0,0
27_10,2004.0,0
27_10,2005.0,0
27_10,2006.0,13
27_10,2007.0,57
27_10,2008.0,68
27_10,2009.0,29
27_10,2010.0,30
27_10,2011.0,29
27_10,2012.0,6
27_10,2013.0,1
27_10,2014.0,0
27_10,2015.0,0
27_10,2016.0,0
27_10,2017.0,0
27_10,2018.0,0
27_10,2019.0,0
27_10,2020.0,0
27_11,2001.0,0
27_11,2002.0,0
27_11,2003.0,0
27_11,2004.0,25
27_11,2005.0,56
27_11,2006.0,29
27_11,2007.0,19
27_11,2008.0,27
27_11,2009.0,7
27_11,2010.0,3
27_11,2011.0,0
27_11,2012.0,0
27_11,2013.0,0
27_11,2014.0,0
27_11,2015.0,0
27_11,2016.0,0
27_11,2017.0,0
27_11,2018.0,0
27_11,2019.0,0
27_11,2020.0,0
27_13,2001.0,0
27_13,2002.0,0
27_13,2003.0,0
27_13,2004.0,0
27_13,2005.0,0
27_13,2006.0,0
27_13,2007.0,0
27_13,2008.0,0
27_13,2009.0,128
27_13,2010.0,174
27_13,2011.0,131
27_13,2012.0,116
27_13,2013.0,86
27_13,2014.0,108
27_13,2015.0,222
27_13,2016.0,206
27_13,2017.0,123
27_13,2018.0,8
27_13,2019.0,0
27_13,2020.0,0
27_18,2001.0,0
27_18,2002.0,0
27_18,2003.0,0
27_18,2004.0,0
27_18,2005.0,156
27_18,2006.0,174
27_18,2007.0,193
27_18,2008.0,135
27_18,2009.0,47
27_18,2010.0,1
27_18,2011.0,0
27_18,2012.0,0
27_18,2013.0,0
27_18,2014.0,0
27_18,2015.0,0
27_18,2016.0,0
27_18,2017.0,0
27_18,2018.0,0
27_18,2019.0,0
27_18,2020.0,0
27_19,2001.0,0
27_19,2002.0,0
27_19,2003.0,0
27_19,2004.0,0
27_19,2005.0,0
27_19,2006.0,0
27_19,2007.0,0
27_19,2008.0,0
27_19,2009.0,0
27_19,2010.0,0
27_19,2011.0,17
27_19,2012.0,68
27_19,2013.0,27
27_19,2014.0,37
27_19,2015.0,26
27_19,2016.0,18
27_19,2017.0,0
27_19,2018.0,0
27_19,2019.0,0
27_19,2020.0,0
27_2,2001.0,85
27_2,2002.0,105
27_2,2003.0,103
27_2,2004.0,72
27_2,2005.0,19
27_2,2006.0,0
27_2,2007.0,0
27_2,2008.0,0
27_2,2009.0,0
27_2,2010.0,0
27_2,2011.0,0
27_2,2012.0,0
27_2,2013.0,0
27_2,2014.0,0
27_2,2015.0,0
27_2,2016.0,0
27_2,2017.0,0
27_2,2018.0,0
27_2,2019.0,0
27_2,2020.0,0
27_21,2001.0,0
27_21,2002.0,0
27_21,2003.0,0
27_21,2004.0,0
27_21,2005.0,0
27_21,2006.0,0
27_21,2007.0,0
27_21,2008.0,0
27_21,2009.0,0
27_21,2010.0,0
27_21,2011.0,0
27_21,2012.0,0
27_21,2013.0,1
27_21,2014.0,10
27_21,2015.0,7
27_21,2016.0,7
27_21,2017.0,5
27_21,2018.0,1
27_21,2019.0,1
27_21,2020.0,0
27_23,2001.0,0
27_23,2002.0,0
27_23,2003.0,0
27_23,2004.0,0
27_23,2005.0,0
27_23,2006.0,0
27_23,2007.0,0
27_23,2008.0,0
27_23,2009.0,0
27_23,2010.0,0
27_23,2011.0,0
27_23,2012.0,0
27_23,2013.0,0
27_23,2014.0,0
27_23,2015.0,0
27_23,2016.0,0
27_23,2017.0,0
27_23,2018.0,91
27_23,2019.0,275
27_23,2020.0,207
27_3,2001.0,0
27_3,2002.0,0
27_3,2003.0,0
27_3,2004.0,0
27_3,2005.0,0
27_3,2006.0,0
27_3,2007.0,0
27_3,2008.0,18
27_3,2009.0,21
27_3,2010.0,2
27_3,2011.0,0
27_3,2012.0,0
27_3,2013.0,0
27_3,2014.0,0
27_3,2015.0,0
27_3,2016.0,0
27_3,2017.0,0
27_3,2018.0,0
27_3,2019.0,0
27_3,2020.0,0
27_6,2001.0,0
27_6,2002.0,0
27_6,2003.0,0
27_6,2004.0,0
27_6,2005.0,0
27_6,2006.0,0
27_6,2007.0,0
27_6,2008.0,0
27_6,2009.0,0
27_6,2010.0,44
27_6,2011.0,115
27_6,2012.0,224
27_6,2013.0,290
27_6,2014.0,216
27_6,2015.0,180
27_6,2016.0,5
27_6,2017.0,1
27_6,2018.0,1
27_6,2019.0,0
27_6,2020.0,0
27_7,2001.0,0
27_7,2002.0,0
27_7,2003.0,0
27_7,2004.0,0
27_7,2005.0,0
27_7,2006.0,0
27_7,2007.0,0
27_7,2008.0,0
27_7,2009.0,0
27_7,2010.0,0
27_7,2011.0,0
27_7,2012.0,0
27_7,2013.0,0
27_7,2014.0,0
27_7,2015.0,8
27_7,2016.0,236
27_7,2017.0,356
27_7,2018.0,387
27_7,2019.0,274
27_7,2020.0,261
27_9,2001.0,0
27_9,2002.0,20
27_9,2003.0,40
27_9,2004.0,20
27_9,2005.0,10
27_9,2006.0,0
27_9,2007.0,0
27_9,2008.0,0
27_9,2009.0,0
27_9,2010.0,0
27_9,2011.0,0
27_9,2012.0,0
27_9,2013.0,0
27_9,2014.0,0
27_9,2015.0,0
27_9,2016.0,0
27_9,2017.0,0
27_9,2018.0,0
27_9,2019.0,0
27_9,2020.0,0
28_1,2001.0,0
28_1,2002.0,0
28_1,2003.0,0
28_1,2004.0,0
28_1,2005.0,0
28_1,2006.0,0
28_1,2007.0,0
28_1,2008.0,0
28_1,2009.0,0
28_1,2010.0,0
28_1,2011.0,0
28_1,2012.0,0
28_1,2013.0,0
28_1,2014.0,0
28_1,2015.0,0
28_1,2016.0,625
28_1,2017.0,776
28_1,2018.0,1231
28_1,2019.0,15
28_1,2020.0,0
28_10,2001.0,44
28_10,2002.0,5
28_10,2003.0,0
28_10,2004.0,0
28_10,2005.0,0
28_10,2006.0,0
28_10,2007.0,2926
28_10,2008.0,3300
28_10,2009.0,2218
28_10,2010.0,909
28_10,2011.0,504
28_10,2012.0,302
28_10,2013.0,148
28_10,2014.0,62
28_10,2015.0,4
28_10,2016.0,0
28_10,2017.0,0
28_10,2018.0,0
28_10,2019.0,0
28_10,2020.0,0
28_11,2001.0,0
28_11,2002.0,0
28_11,2003.0,0
28_11,2004.0,0
28_11,2005.0,63
28_11,2006.0,188
28_11,2007.0,33
28_11,2008.0,0
28_11,2009.0,0
28_11,2010.0,0
28_11,2011.0,0
28_11,2012.0,0
28_11,2013.0,0
28_11,2014.0,0
28_11,2015.0,0
28_11,2016.0,0
28_11,2017.0,0
28_11,2018.0,0
28_11,2019.0,0
28_11,2020.0,0
28_12,2001.0,47
28_12,2002.0,235
28_12,2003.0,528
28_12,2004.0,960
28_12,2005.0,1049
28_12,2006.0,1329
28_12,2007.0,1766
28_12,2008.0,1827
28_12,2009.0,1472
28_12,2010.0,946
28_12,2011.0,733
28_12,2012.0,631
28_12,2013.0,564
28_12,2014.0,557
28_12,2015.0,720
28_12,2016.0,739
28_12,2017.0,530
28_12,2018.0,411
28_12,2019.0,236
28_12,2020.0,146
28_13,2001.0,0
28_13,2002.0,0
28_13,2003.0,0
28_13,2004.0,0
28_13,2005.0,0
28_13,2006.0,0
28_13,2007.0,0
28_13,2008.0,15
28_13,2009.0,28
28_13,2010.0,25
28_13,2011.0,58
28_13,2012.0,81
28_13,2013.0,31
28_13,2014.0,7
28_13,2015.0,1
28_13,2016.0,3
28_13,2017.0,6
28_13,2018.0,2
28_13,2019.0,2
28_13,2020.0,25
28_16,2001.0,0
28_16,2002.0,0
28_16,2003.0,0
28_16,2004.0,409
28_16,2005.0,270
28_16,2006.0,274
28_16,2007.0,76
28_16,2008.0,1
28_16,2009.0,0
28_16,2010.0,1
28_16,2011.0,0
28_16,2012.0,0
28_16,2013.0,0
28_16,2014.0,0
28_16,2015.0,0
28_16,2016.0,0
28_16,2017.0,0
28_16,2018.0,0
28_16,2019.0,0
28_16,2020.0,0
28_17,2001.0,74
28_17,2002.0,94
28_17,2003.0,188
28_17,2004.0,224
28_17,2005.0,251
28_17,2006.0,167
28_17,2007.0,217
28_17,2008.0,195
28_17,2009.0,145
28_17,2010.0,163
28_17,2011.0,77
28_17,2012.0,0
28_17,2013.0,0
28_17,2014.0,0
28_17,2015.0,0
28_17,2016.0,0
28_17,2017.0,0
28_17,2018.0,0
28_17,2019.0,0
28_17,2020.0,0
28_18,2001.0,0
28_18,2002.0,0
28_18,2003.0,127
28_18,2004.0,4408
28_18,2005.0,4836
28_18,2006.0,5951
28_18,2007.0,7012
28_18,2008.0,6174
28_18,2009.0,11531
28_18,2010.0,9712
28_18,2011.0,5707
28_18,2012.0,6575
28_18,2013.0,7580
28_18,2014.0,7963
28_18,2015.0,7930
28_18,2016.0,4779
28_18,2017.0,3445
28_18,2018.0,2623
28_18,2019.0,2537
28_18,2020.0,1723
28_19,2001.0,1132
28_19,2002.0,2452
28_19,2003.0,4420
28_19,2004.0,6977
28_19,2005.0,4459
28_19,2006.0,15739
28_19,2007.0,19615
28_19,2008.0,13231
28_19,2009.0,11595
28_19,2010.0,10441
28_19,2011.0,6942
28_19,2012.0,6643
28_19,2013.0,4662
28_19,2014.0,3722
28_19,2015.0,2489
28_19,2016.0,1711
28_19,2017.0,1212
28_19,2018.0,311
28_19,2019.0,0
28_19,2020.0,0
28_2,2001.0,0
28_2,2002.0,0
28_2,2003.0,0
28_2,2004.0,0
28_2,2005.0,0
28_2,2006.0,0
28_2,2007.0,160
28_2,2008.0,12141
28_2,2009.0,21268
28_2,2010.0,22739
28_2,2011.0,21944
28_2,2012.0,29842
28_2,2013.0,41336
28_2,2014.0,49591
28_2,2015.0,48914
28_2,2016.0,47643
28_2,2017.0,28129
28_2,2018.0,24220
28_2,2019.0,20425
28_2,2020.0,13198
28_21,2001.0,0
28_21,2002.0,0
28_21,2003.0,0
28_21,2004.0,0
28_21,2005.0,0
28_21,2006.0,0
28_21,2007.0,0
28_21,2008.0,48
28_21,2009.0,566
28_21,2010.0,705
28_21,2011.0,702
28_21,2012.0,926
28_21,2013.0,637
28_21,2014.0,295
28_21,2015.0,182
28_21,2016.0,161
28_21,2017.0,192
28_21,2018.0,114
28_21,2019.0,104
28_21,2020.0,38
28_22,2001.0,2
28_22,2002.0,0
28_22,2003.0,0
28_22,2004.0,2
28_22,2005.0,1
28_22,2006.0,3
28_22,2007.0,167
28_22,2008.0,370
28_22,2009.0,201
28_22,2010.0,88
28_22,2011.0,90
28_22,2012.0,9
28_22,2013.0,184
28_22,2014.0,12
28_22,2015.0,5
28_22,2016.0,10
28_22,2017.0,0
28_22,2018.0,0
28_22,2019.0,0
28_22,2020.0,0
28_23,2001.0,0
28_23,2002.0,0
28_23,2003.0,0
28_23,2004.0,0
28_23,2005.0,0
28_23,2006.0,628
28_23,2007.0,604
28_23,2008.0,455
28_23,2009.0,227
28_23,2010.0,5
28_23,2011.0,4
28_23,2012.0,0
28_23,2013.0,0
28_23,2014.0,0
28_23,2015.0,0
28_23,2016.0,0
28_23,2017.0,0
28_23,2018.0,0
28_23,2019.0,0
28_23,2020.0,0
28_24,2001.0,605
28_24,2002.0,743
28_24,2003.0,869
28_24,2004.0,2
28_24,2005.0,0
28_24,2006.0,0
28_24,2007.0,0
28_24,2008.0,0
28_24,2009.0,0
28_24,2010.0,0
28_24,2011.0,0
28_24,2012.0,0
28_24,2013.0,0
28_24,2014.0,0
28_24,2015.0,0
28_24,2016.0,0
28_24,2017.0,0
28_24,2018.0,0
28_24,2019.0,0
28_24,2020.0,0
28_26,2001.0,0
28_26,2002.0,225
28_26,2003.0,493
28_26,2004.0,799
28_26,2005.0,418
28_26,2006.0,525
28_26,2007.0,159
28_26,2008.0,0
28_26,2009.0,0
28_26,2010.0,0
28_26,2011.0,0
28_26,2012.0,0
28_26,2013.0,0
28_26,2014.0,0
28_26,2015.0,0
28_26,2016.0,0
28_26,2017.0,0
28_26,2018.0,0
28_26,2019.0,0
28_26,2020.0,0
28_27,2001.0,0
28_27,2002.0,0
28_27,2003.0,0
28_27,2004.0,0
28_27,2005.0,0
28_27,2006.0,0
28_27,2007.0,0
28_27,2008.0,0
28_27,2009.0,0
28_27,2010.0,0
28_27,2011.0,0
28_27,2012.0,0
28_27,2013.0,0
28_27,2014.0,0
28_27,2015.0,0
28_27,2016.0,7
28_27,2017.0,130
28_27,2018.0,52
28_27,2019.0,13
28_27,2020.0,89
28_28,2001.0,0
28_28,2002.0,0
28_28,2003.0,0
28_28,2004.0,0
28_28,2005.0,0
28_28,2006.0,0
28_28,2007.0,0
28_28,2008.0,0
28_28,2009.0,0
28_28,2010.0,0
28_28,2011.0,0
28_28,2012.0,0
28_28,2013.0,0
28_28,2014.0,0
28_28,2015.0,0
28_28,2016.0,1134
28_28,2017.0,5949
28_28,2018.0,1935
28_28,2019.0,1601
28_28,2020.0,1005
28_29,2001.0,26
28_29,2002.0,15
28_29,2003.0,64
28_29,2004.0,173
28_29,2005.0,123
28_29,2006.0,1
28_29,2007.0,0
28_29,2008.0,0
28_29,2009.0,0
28_29,2010.0,0
28_29,2011.0,0
28_29,2012.0,0
28_29,2013.0,0
28_29,2014.0,0
28_29,2015.0,0
28_29,2016.0,0
28_29,2017.0,0
28_29,2018.0,0
28_29,2019.0,0
28_29,2020.0,0
28_30,2001.0,22
28_30,2002.0,9
28_30,2003.0,0
28_30,2004.0,0
28_30,2005.0,1
28_30,2006.0,0
28_30,2007.0,1
28_30,2008.0,0
28_30,2009.0,0
28_30,2010.0,0
28_30,2011.0,0
28_30,2012.0,0
28_30,2013.0,0
28_30,2014.0,0
28_30,2015.0,0
28_30,2016.0,0
28_30,2017.0,0
28_30,2018.0,0
28_30,2019.0,0
28_30,2020.0,0
28_4,2001.0,0
28_4,2002.0,0
28_4,2003.0,0
28_4,2004.0,0
28_4,2005.0,0
28_4,2006.0,0
28_4,2007.0,0
28_4,2008.0,0
28_4,2009.0,0
28_4,2010.0,0
28_4,2011.0,0
28_4,2012.0,0
28_4,2013.0,1
28_4,2014.0,149
28_4,2015.0,55
28_4,2016.0,2
28_4,2017.0,195
28_4,2018.0,674
28_4,2019.0,417
28_4,2020.0,217
28_5,2001.0,0
28_5,2002.0,0
28_5,2003.0,0
28_5,2004.0,0
28_5,2005.0,0
28_5,2006.0,0
28_5,2007.0,0
28_5,2008.0,0
28_5,2009.0,0
28_5,2010.0,0
28_5,2011.0,0
28_5,2012.0,0
28_5,2013.0,0
28_5,2014.0,0
28_5,2015.0,0
28_5,2016.0,0
28_5,2017.0,255
28_5,2018.0,1728
28_5,2019.0,3479
28_5,2020.0,2074
28_6,2001.0,0
28_6,2002.0,0
28_6,2003.0,0
28_6,2004.0,0
28_6,2005.0,0
28_6,2006.0,0
28_6,2007.0,0
28_6,2008.0,0
28_6,2009.0,1
28_6,2010.0,0
28_6,2011.0,0
28_6,2012.0,0
28_6,2013.0,0
28_6,2014.0,0
28_6,2015.0,0
28_6,2016.0,0
28_6,2017.0,0
28_6,2018.0,0
28_6,2019.0,0
28_6,2020.0,0
28_8,2001.0,17
28_8,2002.0,4
28_8,2003.0,11
28_8,2004.0,26
28_8,2005.0,27
28_8,2006.0,0
28_8,2007.0,0
28_8,2008.0,0
28_8,2009.0,0
28_8,2010.0,0
28_8,2011.0,0
28_8,2012.0,0
28_8,2013.0,0
28_8,2014.0,0
28_8,2015.0,0
28_8,2016.0,0
28_8,2017.0,0
28_8,2018.0,0
28_8,2019.0,0
28_8,2020.0,0
28_9,2001.0,81
28_9,2002.0,4
28_9,2003.0,0
28_9,2004.0,0
28_9,2005.0,0
28_9,2006.0,0
28_9,2007.0,0
28_9,2008.0,0
28_9,2009.0,0
28_9,2010.0,0
28_9,2011.0,0
28_9,2012.0,0
28_9,2013.0,0
28_9,2014.0,0
28_9,2015.0,0
28_9,2016.0,0
28_9,2017.0,0
28_9,2018.0,0
28_9,2019.0,0
28_9,2020.0,0
29_1,2001.0,0
29_1,2002.0,0
29_1,2003.0,0
29_1,2004.0,0
29_1,2005.0,0
29_1,2006.0,0
29_1,2007.0,0
29_1,2008.0,0
29_1,2009.0,0
29_1,2010.0,0
29_1,2011.0,0
29_1,2012.0,3037
29_1,2013.0,15027
29_1,2014.0,13045
29_1,2015.0,9841
29_1,2016.0,7154
29_1,2017.0,5232
29_1,2018.0,662
29_1,2019.0,0
29_1,2020.0,0
29_11,2001.0,0
29_11,2002.0,0
29_11,2003.0,1
29_11,2004.0,0
29_11,2005.0,0
29_11,2006.0,0
29_11,2007.0,0
29_11,2008.0,0
29_11,2009.0,0
29_11,2010.0,0
29_11,2011.0,0
29_11,2012.0,1
29_11,2013.0,0
29_11,2014.0,0
29_11,2015.0,1
29_11,2016.0,0
29_11,2017.0,0
29_11,2018.0,0
29_11,2019.0,0
29_11,2020.0,0
29_13,2001.0,6445
29_13,2002.0,17090
29_13,2003.0,32345
29_13,2004.0,39201
29_13,2005.0,43986
29_13,2006.0,66133
29_13,2007.0,73685
29_13,2008.0,73429
29_13,2009.0,100975
29_13,2010.0,91353
29_13,2011.0,87266
29_13,2012.0,100228
29_13,2013.0,113390
29_13,2014.0,122815
29_13,2015.0,125619
29_13,2016.0,113568
29_13,2017.0,87409
29_13,2018.0,89564
29_13,2019.0,74500
29_13,2020.0,46739
29_14,2001.0,14364
29_14,2002.0,24270
29_14,2003.0,29093
29_14,2004.0,43404
29_14,2005.0,58824
29_14,2006.0,68079
29_14,2007.0,77257
29_14,2008.0,70986
29_14,2009.0,72711
29_14,2010.0,64533
29_14,2011.0,71077
29_14,2012.0,73326
29_14,2013.0,77782
29_14,2014.0,77222
29_14,2015.0,76895
29_14,2016.0,64870
29_14,2017.0,63283
29_14,2018.0,47374
29_14,2019.0,53901
29_14,2020.0,37738
29_18,2001.0,0
29_18,2002.0,1089
29_18,2003.0,7601
29_18,2004.0,7530
29_18,2005.0,7383
29_18,2006.0,9490
29_18,2007.0,9775
29_18,2008.0,9892
29_18,2009.0,9817
29_18,2010.0,6267
29_18,2011.0,2669
29_18,2012.0,831
29_18,2013.0,0
29_18,2014.0,2
29_18,2015.0,1
29_18,2016.0,0
29_18,2017.0,1
29_18,2018.0,1
29_18,2019.0,1
29_18,2020.0,0
29_19,2001.0,875
29_19,2002.0,1345
29_19,2003.0,2679
29_19,2004.0,2763
29_19,2005.0,3875
29_19,2006.0,3668
29_19,2007.0,5776
29_19,2008.0,5540
29_19,2009.0,5521
29_19,2010.0,5453
29_19,2011.0,5636
29_19,2012.0,5774
29_19,2013.0,4788
29_19,2014.0,5039
29_19,2015.0,2900
29_19,2016.0,4480
29_19,2017.0,4274
29_19,2018.0,2901
29_19,2019.0,2245
29_19,2020.0,1589
29_2,2001.0,0
29_2,2002.0,0
29_2,2003.0,0
29_2,2004.0,9
29_2,2005.0,14
29_2,2006.0,222
29_2,2007.0,8208
29_2,2008.0,16842
29_2,2009.0,7516
29_2,2010.0,7482
29_2,2011.0,17184
29_2,2012.0,15424
29_2,2013.0,17773
29_2,2014.0,16161
29_2,2015.0,12877
29_2,2016.0,10640
29_2,2017.0,7330
29_2,2018.0,4753
29_2,2019.0,2583
29_2,2020.0,0
29_20,2001.0,0
29_20,2002.0,0
29_20,2003.0,0
29_20,2004.0,0
29_20,2005.0,0
29_20,2006.0,0
29_20,2007.0,0
29_20,2008.0,0
29_20,2009.0,0
29_20,2010.0,0
29_20,2011.0,2
29_20,2012.0,158
29_20,2013.0,1297
29_20,2014.0,1040
29_20,2015.0,2557
29_20,2016.0,6592
29_20,2017.0,3631
29_20,2018.0,2738
29_20,2019.0,1058
29_20,2020.0,0
29_22,2001.0,0
29_22,2002.0,0
29_22,2003.0,0
29_22,2004.0,0
29_22,2005.0,15
29_22,2006.0,13
29_22,2007.0,2
29_22,2008.0,1
29_22,2009.0,0
29_22,2010.0,0
29_22,2011.0,0
29_22,2012.0,0
29_22,2013.0,0
29_22,2014.0,0
29_22,2015.0,0
29_22,2016.0,0
29_22,2017.0,0
29_22,2018.0,8
29_22,2019.0,0
29_22,2020.0,0
29_23,2001.0,1478
29_23,2002.0,2943
29_23,2003.0,3360
29_23,2004.0,4503
29_23,2005.0,5197
29_23,2006.0,7394
29_23,2007.0,10499
29_23,2008.0,12296
29_23,2009.0,19457
29_23,2010.0,19267
29_23,2011.0,16383
29_23,2012.0,17120
29_23,2013.0,18602
29_23,2014.0,18490
29_23,2015.0,13122
29_23,2016.0,5499
29_23,2017.0,2
29_23,2018.0,0
29_23,2019.0,0
29_23,2020.0,0
29_24,2001.0,0
29_24,2002.0,0
29_24,2003.0,0
29_24,2004.0,0
29_24,2005.0,0
29_24,2006.0,0
29_24,2007.0,0
29_24,2008.0,0
29_24,2009.0,0
29_24,2010.0,0
29_24,2011.0,0
29_24,2012.0,0
29_24,2013.0,0
29_24,2014.0,0
29_24,2015.0,0
29_24,2016.0,2760
29_24,2017.0,13116
29_24,2018.0,10768
29_24,2019.0,10044
29_24,2020.0,7
29_25,2001.0,0
29_25,2002.0,0
29_25,2003.0,0
29_25,2004.0,0
29_25,2005.0,0
29_25,2006.0,0
29_25,2007.0,0
29_25,2008.0,3278
29_25,2009.0,8915
29_25,2010.0,10475
29_25,2011.0,9585
29_25,2012.0,9815
29_25,2013.0,13018
29_25,2014.0,23040
29_25,2015.0,31140
29_25,2016.0,33839
29_25,2017.0,35323
29_25,2018.0,38265
29_25,2019.0,39672
29_25,2020.0,15403
29_26,2001.0,90
29_26,2002.0,255
29_26,2003.0,213
29_26,2004.0,59
29_26,2005.0,0
29_26,2006.0,0
29_26,2007.0,0
29_26,2008.0,1
29_26,2009.0,0
29_26,2010.0,1
29_26,2011.0,0
29_26,2012.0,0
29_26,2013.0,0
29_26,2014.0,0
29_26,2015.0,0
29_26,2016.0,0
29_26,2017.0,0
29_26,2018.0,0
29_26,2019.0,0
29_26,2020.0,0
29_27,2001.0,3915
29_27,2002.0,4594
29_27,2003.0,6222
29_27,2004.0,9870
29_27,2005.0,14079
29_27,2006.0,15525
29_27,2007.0,23237
29_27,2008.0,25666
29_27,2009.0,23669
29_27,2010.0,22124
29_27,2011.0,16107
29_27,2012.0,18212
29_27,2013.0,14016
29_27,2014.0,12404
29_27,2015.0,17937
29_27,2016.0,16291
29_27,2017.0,11348
29_27,2018.0,7337
29_27,2019.0,4472
29_27,2020.0,2319
29_28,2001.0,10
29_28,2002.0,8
29_28,2003.0,13
29_28,2004.0,21
29_28,2005.0,181
29_28,2006.0,133
29_28,2007.0,121
29_28,2008.0,106
29_28,2009.0,33
29_28,2010.0,44
29_28,2011.0,20
29_28,2012.0,24
29_28,2013.0,28
29_28,2014.0,33
29_28,2015.0,268
29_28,2016.0,2367
29_28,2017.0,1807
29_28,2018.0,2028
29_28,2019.0,1198
29_28,2020.0,1043
29_29,2001.0,1074
29_29,2002.0,768
29_29,2003.0,1
29_29,2004.0,0
29_29,2005.0,0
29_29,2006.0,0
29_29,2007.0,0
29_29,2008.0,0
29_29,2009.0,0
29_29,2010.0,0
29_29,2011.0,0
29_29,2012.0,0
29_29,2013.0,0
29_29,2014.0,0
29_29,2015.0,0
29_29,2016.0,0
29_29,2017.0,0
29_29,2018.0,0
29_29,2019.0,180
29_29,2020.0,25750
29_3,2001.0,167
29_3,2002.0,5
29_3,2003.0,0
29_3,2004.0,0
29_3,2005.0,0
29_3,2006.0,0
29_3,2007.0,0
29_3,2008.0,0
29_3,2009.0,0
29_3,2010.0,0
29_3,2011.0,0
29_3,2012.0,0
29_3,2013.0,0
29_3,2014.0,0
29_3,2015.0,0
29_3,2016.0,0
29_3,2017.0,0
29_3,2018.0,0
29_3,2019.0,0
29_3,2020.0,0
29_30,2001.0,1
29_30,2002.0,1
29_30,2003.0,1
29_30,2004.0,0
29_30,2005.0,0
29_30,2006.0,0
29_30,2007.0,0
29_30,2008.0,0
29_30,2009.0,0
29_30,2010.0,0
29_30,2011.0,0
29_30,2012.0,0
29_30,2013.0,1
29_30,2014.0,0
29_30,2015.0,0
29_30,2016.0,0
29_30,2017.0,1
29_30,2018.0,7
29_30,2019.0,1
29_30,2020.0,0
29_31,2001.0,0
29_31,2002.0,0
29_31,2003.0,0
29_31,2004.0,0
29_31,2005.0,1
29_31,2006.0,3515
29_31,2007.0,8408
29_31,2008.0,7110
29_31,2009.0,7822
29_31,2010.0,10503
29_31,2011.0,7119
29_31,2012.0,7589
29_31,2013.0,6711
29_31,2014.0,6858
29_31,2015.0,3397
29_31,2016.0,6968
29_31,2017.0,5176
29_31,2018.0,2416
29_31,2019.0,2141
29_31,2020.0,1169
29_32,2001.0,0
29_32,2002.0,0
29_32,2003.0,940
29_32,2004.0,1170
29_32,2005.0,1357
29_32,2006.0,529
29_32,2007.0,1
29_32,2008.0,0
29_32,2009.0,0
29_32,2010.0,0
29_32,2011.0,0
29_32,2012.0,0
29_32,2013.0,0
29_32,2014.0,0
29_32,2015.0,0
29_32,2016.0,0
29_32,2017.0,0
29_32,2018.0,0
29_32,2019.0,0
29_32,2020.0,0
29_34,2001.0,0
29_34,2002.0,0
29_34,2003.0,2
29_34,2004.0,1
29_34,2005.0,2
29_34,2006.0,0
29_34,2007.0,5
29_34,2008.0,5
29_34,2009.0,1
29_34,2010.0,7
29_34,2011.0,0
29_34,2012.0,0
29_34,2013.0,1
29_34,2014.0,113
29_34,2015.0,1718
29_34,2016.0,2295
29_34,2017.0,1790
29_34,2018.0,1120
29_34,2019.0,1874
29_34,2020.0,2054
29_35,2001.0,0
29_35,2002.0,0
29_35,2003.0,0
29_35,2004.0,0
29_35,2005.0,0
29_35,2006.0,0
29_35,2007.0,0
29_35,2008.0,0
29_35,2009.0,0
29_35,2010.0,0
29_35,2011.0,0
29_35,2012.0,0
29_35,2013.0,307
29_35,2014.0,898
29_35,2015.0,2029
29_35,2016.0,1398
29_35,2017.0,2600
29_35,2018.0,3333
29_35,2019.0,3097
29_35,2020.0,2697
29_36,2001.0,13
29_36,2002.0,21
29_36,2003.0,14
29_36,2004.0,24
29_36,2005.0,9
29_36,2006.0,22
29_36,2007.0,33
29_36,2008.0,36
29_36,2009.0,21
29_36,2010.0,16
29_36,2011.0,18
29_36,2012.0,224
29_36,2013.0,329
29_36,2014.0,124
29_36,2015.0,324
29_36,2016.0,245
29_36,2017.0,174
29_36,2018.0,322
29_36,2019.0,225
29_36,2020.0,39
29_37,2001.0,0
29_37,2002.0,0
29_37,2003.0,0
29_37,2004.0,0
29_37,2005.0,0
29_37,2006.0,0
29_37,2007.0,0
29_37,2008.0,0
29_37,2009.0,0
29_37,2010.0,0
29_37,2011.0,0
29_37,2012.0,0
29_37,2013.0,0
29_37,2014.0,13
29_37,2015.0,1
29_37,2016.0,8
29_37,2017.0,0
29_37,2018.0,24
29_37,2019.0,55
29_37,2020.0,16
29_38,2001.0,0
29_38,2002.0,0
29_38,2003.0,0
29_38,2004.0,0
29_38,2005.0,0
29_38,2006.0,0
29_38,2007.0,1
29_38,2008.0,0
29_38,2009.0,0
29_38,2010.0,0
29_38,2011.0,0
29_38,2012.0,0
29_38,2013.0,122
29_38,2014.0,351
29_38,2015.0,289
29_38,2016.0,96
29_38,2017.0,148
29_38,2018.0,202
29_38,2019.0,500
29_38,2020.0,232
29_39,2001.0,0
29_39,2002.0,0
29_39,2003.0,0
29_39,2004.0,0
29_39,2005.0,0
29_39,2006.0,0
29_39,2007.0,0
29_39,2008.0,0
29_39,2009.0,0
29_39,2010.0,0
29_39,2011.0,0
29_39,2012.0,0
29_39,2013.0,0
29_39,2014.0,0
29_39,2015.0,0
29_39,2016.0,0
29_39,2017.0,0
29_39,2018.0,8
29_39,2019.0,1130
29_39,2020.0,291
29_4,2001.0,0
29_4,2002.0,0
29_4,2003.0,0
29_4,2004.0,0
29_4,2005.0,0
29_4,2006.0,0
29_4,2007.0,0
29_4,2008.0,0
29_4,2009.0,0
29_4,2010.0,0
29_4,2011.0,0
29_4,2012.0,0
29_4,2013.0,10
29_4,2014.0,2592
29_4,2015.0,10659
29_4,2016.0,14555
29_4,2017.0,13027
29_4,2018.0,21921
29_4,2019.0,24639
29_4,2020.0,8895
29_40,2001.0,0
29_40,2002.0,0
29_40,2003.0,0
29_40,2004.0,0
29_40,2005.0,0
29_40,2006.0,0
29_40,2007.0,0
29_40,2008.0,0
29_40,2009.0,0
29_40,2010.0,0
29_40,2011.0,0
29_40,2012.0,0
29_40,2013.0,0
29_40,2014.0,0
29_40,2015.0,0
29_40,2016.0,325
29_40,2017.0,492
29_40,2018.0,250
29_40,2019.0,85
29_40,2020.0,142
29_41,2001.0,0
29_41,2002.0,0
29_41,2003.0,0
29_41,2004.0,0
29_41,2005.0,0
29_41,2006.0,0
29_41,2007.0,0
29_41,2008.0,0
29_41,2009.0,0
29_41,2010.0,0
29_41,2011.0,0
29_41,2012.0,0
29_41,2013.0,0
29_41,2014.0,0
29_41,2015.0,0
29_41,2016.0,1
29_41,2017.0,351
29_41,2018.0,738
29_41,2019.0,1089
29_41,2020.0,1041
29_5,2001.0,0
29_5,2002.0,0
29_5,2003.0,0
29_5,2004.0,0
29_5,2005.0,0
29_5,2006.0,0
29_5,2007.0,0
29_5,2008.0,0
29_5,2009.0,0
29_5,2010.0,0
29_5,2011.0,0
29_5,2012.0,0
29_5,2013.0,1
29_5,2014.0,0
29_5,2015.0,0
29_5,2016.0,2305
29_5,2017.0,3856
29_5,2018.0,1589
29_5,2019.0,990
29_5,2020.0,1
29_7,2001.0,86
29_7,2002.0,1
29_7,2003.0,0
29_7,2004.0,1
29_7,2005.0,0
29_7,2006.0,1
29_7,2007.0,0
29_7,2008.0,1
29_7,2009.0,0
29_7,2010.0,0
29_7,2011.0,0
29_7,2012.0,0
29_7,2013.0,1
29_7,2014.0,1
29_7,2015.0,0
29_7,2016.0,3
29_7,2017.0,0
29_7,2018.0,2
29_7,2019.0,0
29_7,2020.0,0
29_9,2001.0,10
29_9,2002.0,1
29_9,2003.0,1
29_9,2004.0,3
29_9,2005.0,0
29_9,2006.0,1
29_9,2007.0,0
29_9,2008.0,0
29_9,2009.0,0
29_9,2010.0,0
29_9,2011.0,0
29_9,2012.0,0
29_9,2013.0,0
29_9,2014.0,0
29_9,2015.0,0
29_9,2016.0,0
29_9,2017.0,1
29_9,2018.0,0
29_9,2019.0,0
29_9,2020.0,0
2_1,2001.0,0
2_1,2002.0,0
2_1,2003.0,0
2_1,2004.0,0
2_1,2005.0,0
2_1,2006.0,0
2_1,2007.0,0
2_1,2008.0,0
2_1,2009.0,0
2_1,2010.0,0
2_1,2011.0,0
2_1,2012.0,0
2_1,2013.0,0
2_1,2014.0,0
2_1,2015.0,0
2_1,2016.0,176
2_1,2017.0,469
2_1,2018.0,804
2_1,2019.0,242
2_1,2020.0,0
2_2,2001.0,0
2_2,2002.0,0
2_2,2003.0,0
2_2,2004.0,0
2_2,2005.0,0
2_2,2006.0,0
2_2,2007.0,0
2_2,2008.0,0
2_2,2009.0,766
2_2,2010.0,915
2_2,2011.0,882
2_2,2012.0,763
2_2,2013.0,545
2_2,2014.0,762
2_2,2015.0,717
2_2,2016.0,66
2_2,2017.0,2
2_2,2018.0,1
2_2,2019.0,0
2_2,2020.0,0
2_4,2001.0,0
2_4,2002.0,0
2_4,2003.0,0
2_4,2004.0,0
2_4,2005.0,0
2_4,2006.0,0
2_4,2007.0,0
2_4,2008.0,0
2_4,2009.0,0
2_4,2010.0,0
2_4,2011.0,0
2_4,2012.0,165
2_4,2013.0,491
2_4,2014.0,516
2_4,2015.0,1612
2_4,2016.0,3132
2_4,2017.0,3295
2_4,2018.0,3907
2_4,2019.0,2866
2_4,2020.0,2144
2_6,2001.0,0
2_6,2002.0,0
2_6,2003.0,0
2_6,2004.0,0
2_6,2005.0,0
2_6,2006.0,0
2_6,2007.0,0
2_6,2008.0,0
2_6,2009.0,0
2_6,2010.0,0
2_6,2011.0,0
2_6,2012.0,0
2_6,2013.0,0
2_6,2014.0,14
2_6,2015.0,10
2_6,2016.0,29
2_6,2017.0,114
2_6,2018.0,270
2_6,2019.0,65
2_6,2020.0,45
2_9,2001.0,0
2_9,2002.0,0
2_9,2003.0,0
2_9,2004.0,0
2_9,2005.0,0
2_9,2006.0,0
2_9,2007.0,0
2_9,2008.0,74
2_9,2009.0,172
2_9,2010.0,97
2_9,2011.0,120
2_9,2012.0,90
2_9,2013.0,75
2_9,2014.0,56
2_9,2015.0,0
2_9,2016.0,0
2_9,2017.0,0
2_9,2018.0,0
2_9,2019.0,0
2_9,2020.0,0
34_1,2001.0,1275
34_1,2002.0,1297
34_1,2003.0,2927
34_1,2004.0,4663
34_1,2005.0,5419
34_1,2006.0,5192
34_1,2007.0,5179
34_1,2008.0,3985
34_1,2009.0,3764
34_1,2010.0,1526
34_1,2011.0,1428
34_1,2012.0,1309
34_1,2013.0,519
34_1,2014.0,446
34_1,2015.0,168
34_1,2016.0,2
34_1,2017.0,6
34_1,2018.0,3
34_1,2019.0,1
34_1,2020.0,3
34_10,2001.0,101
34_10,2002.0,84
34_10,2003.0,48
34_10,2004.0,40
34_10,2005.0,28
34_10,2006.0,9
34_10,2007.0,1
34_10,2008.0,0
34_10,2009.0,0
34_10,2010.0,0
34_10,2011.0,0
34_10,2012.0,0
34_10,2013.0,0
34_10,2014.0,0
34_10,2015.0,0
34_10,2016.0,0
34_10,2017.0,0
34_10,2018.0,0
34_10,2019.0,0
34_10,2020.0,0
34_11,2001.0,2
34_11,2002.0,5099
34_11,2003.0,9728
34_11,2004.0,15897
34_11,2005.0,21078
34_11,2006.0,24300
34_11,2007.0,23782
34_11,2008.0,22718
34_11,2009.0,24844
34_11,2010.0,22439
34_11,2011.0,19715
34_11,2012.0,21027
34_11,2013.0,20605
34_11,2014.0,19598
34_11,2015.0,17661
34_11,2016.0,18273
34_11,2017.0,17322
34_11,2018.0,19585
34_11,2019.0,16262
34_11,2020.0,10537
34_12,2001.0,24
34_12,2002.0,17
34_12,2003.0,4
34_12,2004.0,2
34_12,2005.0,1
34_12,2006.0,95
34_12,2007.0,132
34_12,2008.0,111
34_12,2009.0,70
34_12,2010.0,0
34_12,2011.0,0
34_12,2012.0,0
34_12,2013.0,0
34_12,2014.0,0
34_12,2015.0,0
34_12,2016.0,0
34_12,2017.0,0
34_12,2018.0,0
34_12,2019.0,0
34_12,2020.0,0
34_13,2001.0,2
34_13,2002.0,12
34_13,2003.0,7
34_13,2004.0,3
34_13,2005.0,10
34_13,2006.0,0
34_13,2007.0,0
34_13,2008.0,0
34_13,2009.0,0
34_13,2010.0,0
34_13,2011.0,0
34_13,2012.0,0
34_13,2013.0,0
34_13,2014.0,0
34_13,2015.0,0
34_13,2016.0,7
34_13,2017.0,44
34_13,2018.0,11
34_13,2019.0,9
34_13,2020.0,4
34_14,2001.0,7
34_14,2002.0,2
34_14,2003.0,7
34_14,2004.0,11
34_14,2005.0,10
34_14,2006.0,5
34_14,2007.0,4
34_14,2008.0,10
34_14,2009.0,8
34_14,2010.0,3
34_14,2011.0,3
34_14,2012.0,8
34_14,2013.0,2
34_14,2014.0,7
34_14,2015.0,3
34_14,2016.0,6
34_14,2017.0,1
34_14,2018.0,2
34_14,2019.0,1
34_14,2020.0,0
34_16,2001.0,207
34_16,2002.0,540
34_16,2003.0,573
34_16,2004.0,555
34_16,2005.0,575
34_16,2006.0,397
34_16,2007.0,345
34_16,2008.0,201
34_16,2009.0,248
34_16,2010.0,4
34_16,2011.0,0
34_16,2012.0,0
34_16,2013.0,0
34_16,2014.0,0
34_16,2015.0,0
34_16,2016.0,0
34_16,2017.0,0
34_16,2018.0,0
34_16,2019.0,0
34_16,2020.0,0
34_17,2001.0,12
34_17,2002.0,6
34_17,2003.0,29
34_17,2004.0,34
34_17,2005.0,51
34_17,2006.0,33
34_17,2007.0,28
34_17,2008.0,27
34_17,2009.0,19
34_17,2010.0,11
34_17,2011.0,3
34_17,2012.0,6
34_17,2013.0,0
34_17,2014.0,3
34_17,2015.0,1
34_17,2016.0,0
34_17,2017.0,0
34_17,2018.0,0
34_17,2019.0,0
34_17,2020.0,0
34_18,2001.0,311
34_18,2002.0,390
34_18,2003.0,166
34_18,2004.0,210
34_18,2005.0,57
34_18,2006.0,4
34_18,2007.0,2
34_18,2008.0,2
34_18,2009.0,4
34_18,2010.0,1
34_18,2011.0,0
34_18,2012.0,0
34_18,2013.0,0
34_18,2014.0,0
34_18,2015.0,0
34_18,2016.0,0
34_18,2017.0,0
34_18,2018.0,0
34_18,2019.0,0
34_18,2020.0,0
34_19,2001.0,0
34_19,2002.0,0
34_19,2003.0,1
34_19,2004.0,0
34_19,2005.0,0
34_19,2006.0,0
34_19,2007.0,1
34_19,2008.0,1
34_19,2009.0,0
34_19,2010.0,0
34_19,2011.0,0
34_19,2012.0,0
34_19,2013.0,0
34_19,2014.0,0
34_19,2015.0,0
34_19,2016.0,0
34_19,2017.0,0
34_19,2018.0,0
34_19,2019.0,0
34_19,2020.0,0
34_2,2001.0,9009
34_2,2002.0,12113
34_2,2003.0,13894
34_2,2004.0,17205
34_2,2005.0,19748
34_2,2006.0,25219
34_2,2007.0,33661
34_2,2008.0,27536
34_2,2009.0,22363
34_2,2010.0,18386
34_2,2011.0,11781
34_2,2012.0,13703
34_2,2013.0,15771
34_2,2014.0,14741
34_2,2015.0,15198
34_2,2016.0,16278
34_2,2017.0,14311
34_2,2018.0,13638
34_2,2019.0,12489
34_2,2020.0,5648
34_3,2001.0,2361
34_3,2002.0,5648
34_3,2003.0,7782
34_3,2004.0,8441
34_3,2005.0,12205
34_3,2006.0,12396
34_3,2007.0,17925
34_3,2008.0,12371
34_3,2009.0,10690
34_3,2010.0,10678
34_3,2011.0,10448
34_3,2012.0,12897
34_3,2013.0,14650
34_3,2014.0,15364
34_3,2015.0,14660
34_3,2016.0,14559
34_3,2017.0,11754
34_3,2018.0,9596
34_3,2019.0,7917
34_3,2020.0,5420
34_4,2001.0,0
34_4,2002.0,0
34_4,2003.0,0
34_4,2004.0,0
34_4,2005.0,0
34_4,2006.0,0
34_4,2007.0,0
34_4,2008.0,0
34_4,2009.0,0
34_4,2010.0,1300
34_4,2011.0,1458
34_4,2012.0,629
34_4,2013.0,295
34_4,2014.0,165
34_4,2015.0,23
34_4,2016.0,0
34_4,2017.0,0
34_4,2018.0,0
34_4,2019.0,0
34_4,2020.0,0
34_7,2001.0,0
34_7,2002.0,0
34_7,2003.0,0
34_7,2004.0,320
34_7,2005.0,2168
34_7,2006.0,2579
34_7,2007.0,2278
34_7,2008.0,2048
34_7,2009.0,1369
34_7,2010.0,79
34_7,2011.0,0
34_7,2012.0,0
34_7,2013.0,0
34_7,2014.0,0
34_7,2015.0,0
34_7,2016.0,0
34_7,2017.0,0
34_7,2018.0,0
34_7,2019.0,0
34_7,2020.0,0
34_8,2001.0,820
34_8,2002.0,795
34_8,2003.0,424
34_8,2004.0,373
34_8,2005.0,289
34_8,2006.0,37
34_8,2007.0,1
34_8,2008.0,0
34_8,2009.0,0
34_8,2010.0,0
34_8,2011.0,0
34_8,2012.0,0
34_8,2013.0,0
34_8,2014.0,0
34_8,2015.0,2754
34_8,2016.0,6839
34_8,2017.0,5726
34_8,2018.0,5946
34_8,2019.0,4663
34_8,2020.0,3586
34_9,2001.0,61
34_9,2002.0,33
34_9,2003.0,3
34_9,2004.0,4
34_9,2005.0,7
34_9,2006.0,2
34_9,2007.0,0
34_9,2008.0,2
34_9,2009.0,2139
34_9,2010.0,2882
34_9,2011.0,1768
34_9,2012.0,1289
34_9,2013.0,422
34_9,2014.0,232
34_9,2015.0,3
34_9,2016.0,0
34_9,2017.0,0
34_9,2018.0,0
34_9,2019.0,1
34_9,2020.0,0
35_2,2001.0,0
35_2,2002.0,0
35_2,2003.0,2
35_2,2004.0,4
35_2,2005.0,4
35_2,2006.0,2
35_2,2007.0,1
35_2,2008.0,6
35_2,2009.0,1
35_2,2010.0,1
35_2,2011.0,1
35_2,2012.0,0
35_2,2013.0,0
35_2,2014.0,0
35_2,2015.0,0
35_2,2016.0,0
35_2,2017.0,0
35_2,2018.0,0
35_2,2019.0,0
35_2,2020.0,0
35_3,2001.0,0
35_3,2002.0,0
35_3,2003.0,0
35_3,2004.0,0
35_3,2005.0,6
35_3,2006.0,8
35_3,2007.0,30
35_3,2008.0,26
35_3,2009.0,5
35_3,2010.0,0
35_3,2011.0,0
35_3,2012.0,0
35_3,2013.0,0
35_3,2014.0,0
35_3,2015.0,0
35_3,2016.0,0
35_3,2017.0,0
35_3,2018.0,0
35_3,2019.0,0
35_3,2020.0,0
36_1,2001.0,339
36_1,2002.0,575
36_1,2003.0,336
36_1,2004.0,424
36_1,2005.0,620
36_1,2006.0,389
36_1,2007.0,361
36_1,2008.0,163
36_1,2009.0,23
36_1,2010.0,0
36_1,2011.0,0
36_1,2012.0,1
36_1,2013.0,1
36_1,2014.0,0
36_1,2015.0,0
36_1,2016.0,0
36_1,2017.0,0
36_1,2018.0,0
36_1,2019.0,0
36_1,2020.0,0
36_10,2001.0,0
36_10,2002.0,0
36_10,2003.0,0
36_10,2004.0,0
36_10,2005.0,0
36_10,2006.0,0
36_10,2007.0,1226
36_10,2008.0,3480
36_10,2009.0,11059
36_10,2010.0,12273
36_10,2011.0,10385
36_10,2012.0,9627
36_10,2013.0,11234
36_10,2014.0,10562
36_10,2015.0,14649
36_10,2016.0,10402
36_10,2017.0,7090
36_10,2018.0,7491
36_10,2019.0,4281
36_10,2020.0,1650
36_12,2001.0,0
36_12,2002.0,0
36_12,2003.0,0
36_12,2004.0,0
36_12,2005.0,0
36_12,2006.0,0
36_12,2007.0,0
36_12,2008.0,0
36_12,2009.0,0
36_12,2010.0,0
36_12,2011.0,713
36_12,2012.0,3917
36_12,2013.0,3403
36_12,2014.0,4300
36_12,2015.0,4120
36_12,2016.0,4019
36_12,2017.0,2865
36_12,2018.0,1324
36_12,2019.0,524
36_12,2020.0,6
36_13,2001.0,0
36_13,2002.0,0
36_13,2003.0,0
36_13,2004.0,0
36_13,2005.0,0
36_13,2006.0,0
36_13,2007.0,0
36_13,2008.0,161
36_13,2009.0,199
36_13,2010.0,525
36_13,2011.0,566
36_13,2012.0,965
36_13,2013.0,213
36_13,2014.0,152
36_13,2015.0,154
36_13,2016.0,1014
36_13,2017.0,1327
36_13,2018.0,1124
36_13,2019.0,1734
36_13,2020.0,79
36_14,2001.0,0
36_14,2002.0,0
36_14,2003.0,0
36_14,2004.0,0
36_14,2005.0,0
36_14,2006.0,0
36_14,2007.0,0
36_14,2008.0,0
36_14,2009.0,0
36_14,2010.0,0
36_14,2011.0,0
36_14,2012.0,0
36_14,2013.0,0
36_14,2014.0,0
36_14,2015.0,0
36_14,2016.0,421
36_14,2017.0,4818
36_14,2018.0,7263
36_14,2019.0,8310
36_14,2020.0,7096
36_15,2001.0,0
36_15,2002.0,0
36_15,2003.0,0
36_15,2004.0,0
36_15,2005.0,0
36_15,2006.0,0
36_15,2007.0,0
36_15,2008.0,0
36_15,2009.0,0
36_15,2010.0,371
36_15,2011.0,3857
36_15,2012.0,3725
36_15,2013.0,3509
36_15,2014.0,3619
36_15,2015.0,3413
36_15,2016.0,3779
36_15,2017.0,3876
36_15,2018.0,2241
36_15,2019.0,1564
36_15,2020.0,119
36_16,2001.0,0
36_16,2002.0,0
36_16,2003.0,0
36_16,2004.0,0
36_16,2005.0,0
36_16,2006.0,0
36_16,2007.0,0
36_16,2008.0,0
36_16,2009.0,0
36_16,2010.0,3370
36_16,2011.0,5823
36_16,2012.0,9282
36_16,2013.0,11562
36_16,2014.0,14744
36_16,2015.0,12819
36_16,2016.0,336
36_16,2017.0,2
36_16,2018.0,0
36_16,2019.0,0
36_16,2020.0,0
36_17,2001.0,0
36_17,2002.0,0
36_17,2003.0,0
36_17,2004.0,0
36_17,2005.0,0
36_17,2006.0,0
36_17,2007.0,0
36_17,2008.0,0
36_17,2009.0,0
36_17,2010.0,0
36_17,2011.0,0
36_17,2012.0,0
36_17,2013.0,0
36_17,2014.0,0
36_17,2015.0,0
36_17,2016.0,0
36_17,2017.0,425
36_17,2018.0,6508
36_17,2019.0,8561
36_17,2020.0,12073
36_18,2001.0,28
36_18,2002.0,224
36_18,2003.0,466
36_18,2004.0,880
36_18,2005.0,1318
36_18,2006.0,1338
36_18,2007.0,1133
36_18,2008.0,723
36_18,2009.0,393
36_18,2010.0,214
36_18,2011.0,6
36_18,2012.0,0
36_18,2013.0,0
36_18,2014.0,0
36_18,2015.0,0
36_18,2016.0,0
36_18,2017.0,0
36_18,2018.0,0
36_18,2019.0,0
36_18,2020.0,0
36_2,2001.0,761
36_2,2002.0,853
36_2,2003.0,36
36_2,2004.0,0
36_2,2005.0,0
36_2,2006.0,2793
36_2,2007.0,3118
36_2,2008.0,1285
36_2,2009.0,0
36_2,2010.0,0
36_2,2011.0,0
36_2,2012.0,0
36_2,2013.0,0
36_2,2014.0,0
36_2,2015.0,0
36_2,2016.0,0
36_2,2017.0,0
36_2,2018.0,0
36_2,2019.0,0
36_2,2020.0,0
36_20,2001.0,117
36_20,2002.0,419
36_20,2003.0,900
36_20,2004.0,1456
36_20,2005.0,1707
36_20,2006.0,2539
36_20,2007.0,2117
36_20,2008.0,1320
36_20,2009.0,942
36_20,2010.0,3698
36_20,2011.0,3830
36_20,2012.0,3427
36_20,2013.0,1554
36_20,2014.0,2720
36_20,2015.0,3179
36_20,2016.0,4525
36_20,2017.0,2827
36_20,2018.0,2071
36_20,2019.0,1182
36_20,2020.0,544
36_21,2001.0,19
36_21,2002.0,42
36_21,2003.0,72
36_21,2004.0,88
36_21,2005.0,170
36_21,2006.0,196
36_21,2007.0,181
36_21,2008.0,79
36_21,2009.0,69
36_21,2010.0,31
36_21,2011.0,1
36_21,2012.0,0
36_21,2013.0,0
36_21,2014.0,0
36_21,2015.0,0
36_21,2016.0,0
36_21,2017.0,0
36_21,2018.0,0
36_21,2019.0,0
36_21,2020.0,0
36_22,2001.0,0
36_22,2002.0,0
36_22,2003.0,215
36_22,2004.0,598
36_22,2005.0,735
36_22,2006.0,462
36_22,2007.0,370
36_22,2008.0,0
36_22,2009.0,0
36_22,2010.0,0
36_22,2011.0,0
36_22,2012.0,0
36_22,2013.0,0
36_22,2014.0,0
36_22,2015.0,0
36_22,2016.0,0
36_22,2017.0,0
36_22,2018.0,0
36_22,2019.0,0
36_22,2020.0,0
36_23,2001.0,33
36_23,2002.0,73
36_23,2003.0,129
36_23,2004.0,201
36_23,2005.0,356
36_23,2006.0,255
36_23,2007.0,14
36_23,2008.0,0
36_23,2009.0,0
36_23,2010.0,0
36_23,2011.0,0
36_23,2012.0,0
36_23,2013.0,0
36_23,2014.0,0
36_23,2015.0,0
36_23,2016.0,0
36_23,2017.0,0
36_23,2018.0,0
36_23,2019.0,0
36_23,2020.0,0
36_24,2001.0,0
36_24,2002.0,0
36_24,2003.0,1
36_24,2004.0,669
36_24,2005.0,2366
36_24,2006.0,2660
36_24,2007.0,1868
36_24,2008.0,973
36_24,2009.0,820
36_24,2010.0,323
36_24,2011.0,0
36_24,2012.0,1
36_24,2013.0,0
36_24,2014.0,1
36_24,2015.0,5161
36_24,2016.0,21703
36_24,2017.0,24127
36_24,2018.0,25419
36_24,2019.0,25445
36_24,2020.0,12887
36_25,2001.0,0
36_25,2002.0,0
36_25,2003.0,0
36_25,2004.0,0
36_25,2005.0,0
36_25,2006.0,0
36_25,2007.0,0
36_25,2008.0,0
36_25,2009.0,0
36_25,2010.0,0
36_25,2011.0,13
36_25,2012.0,1517
36_25,2013.0,880
36_25,2014.0,143
36_25,2015.0,22
36_25,2016.0,0
36_25,2017.0,0
36_25,2018.0,0
36_25,2019.0,0
36_25,2020.0,0
36_3,2001.0,219
36_3,2002.0,336
36_3,2003.0,570
36_3,2004.0,931
36_3,2005.0,1438
36_3,2006.0,2011
36_3,2007.0,2269
36_3,2008.0,1462
36_3,2009.0,1436
36_3,2010.0,0
36_3,2011.0,0
36_3,2012.0,0
36_3,2013.0,0
36_3,2014.0,0
36_3,2015.0,0
36_3,2016.0,0
36_3,2017.0,0
36_3,2018.0,0
36_3,2019.0,0
36_3,2020.0,0
36_4,2001.0,52
36_4,2002.0,72
36_4,2003.0,69
36_4,2004.0,76
36_4,2005.0,99
36_4,2006.0,53
36_4,2007.0,0
36_4,2008.0,0
36_4,2009.0,0
36_4,2010.0,0
36_4,2011.0,0
36_4,2012.0,0
36_4,2013.0,1
36_4,2014.0,0
36_4,2015.0,0
36_4,2016.0,0
36_4,2017.0,0
36_4,2018.0,0
36_4,2019.0,0
36_4,2020.0,0
36_5,2001.0,0
36_5,2002.0,0
36_5,2003.0,0
36_5,2004.0,0
36_5,2005.0,0
36_5,2006.0,0
36_5,2007.0,0
36_5,2008.0,0
36_5,2009.0,0
36_5,2010.0,0
36_5,2011.0,0
36_5,2012.0,0
36_5,2013.0,1
36_5,2014.0,3
36_5,2015.0,17
36_5,2016.0,19
36_5,2017.0,3
36_5,2018.0,0
36_5,2019.0,0
36_5,2020.0,0
36_6,2001.0,0
36_6,2002.0,289
36_6,2003.0,2870
36_6,2004.0,5418
36_6,2005.0,5811
36_6,2006.0,6230
36_6,2007.0,6628
36_6,2008.0,5693
36_6,2009.0,523
36_6,2010.0,0
36_6,2011.0,0
36_6,2012.0,0
36_6,2013.0,0
36_6,2014.0,0
36_6,2015.0,0
36_6,2016.0,0
36_6,2017.0,0
36_6,2018.0,0
36_6,2019.0,0
36_6,2020.0,0
36_7,2001.0,0
36_7,2002.0,0
36_7,2003.0,0
36_7,2004.0,0
36_7,2005.0,1
36_7,2006.0,1
36_7,2007.0,14
36_7,2008.0,4
36_7,2009.0,2
36_7,2010.0,4
36_7,2011.0,0
36_7,2012.0,0
36_7,2013.0,0
36_7,2014.0,0
36_7,2015.0,0
36_7,2016.0,0
36_7,2017.0,0
36_7,2018.0,0
36_7,2019.0,0
36_7,2020.0,0
36_8,2001.0,0
36_8,2002.0,0
36_8,2003.0,0
36_8,2004.0,0
36_8,2005.0,0
36_8,2006.0,0
36_8,2007.0,0
36_8,2008.0,5668
36_8,2009.0,21758
36_8,2010.0,20912
36_8,2011.0,18439
36_8,2012.0,21361
36_8,2013.0,21435
36_8,2014.0,23655
36_8,2015.0,22639
36_8,2016.0,22569
36_8,2017.0,23664
36_8,2018.0,20719
36_8,2019.0,17947
36_8,2020.0,6452
36_9,2001.0,0
36_9,2002.0,0
36_9,2003.0,0
36_9,2004.0,0
36_9,2005.0,0
36_9,2006.0,0
36_9,2007.0,0
36_9,2008.0,123
36_9,2009.0,11244
36_9,2010.0,11182
36_9,2011.0,10710
36_9,2012.0,10308
36_9,2013.0,13275
36_9,2014.0,13696
36_9,2015.0,13198
36_9,2016.0,14178
36_9,2017.0,11863
36_9,2018.0,8877
36_9,2019.0,7393
36_9,2020.0,4207
37_10,2001.0,0
37_10,2002.0,0
37_10,2003.0,0
37_10,2004.0,0
37_10,2005.0,0
37_10,2006.0,0
37_10,2007.0,0
37_10,2008.0,0
37_10,2009.0,0
37_10,2010.0,0
37_10,2011.0,0
37_10,2012.0,0
37_10,2013.0,0
37_10,2014.0,8
37_10,2015.0,27
37_10,2016.0,33
37_10,2017.0,0
37_10,2018.0,0
37_10,2019.0,0
37_10,2020.0,0
37_11,2001.0,0
37_11,2002.0,0
37_11,2003.0,0
37_11,2004.0,0
37_11,2005.0,0
37_11,2006.0,0
37_11,2007.0,0
37_11,2008.0,0
37_11,2009.0,0
37_11,2010.0,0
37_11,2011.0,0
37_11,2012.0,0
37_11,2013.0,9
37_11,2014.0,150
37_11,2015.0,109
37_11,2016.0,143
37_11,2017.0,10
37_11,2018.0,0
37_11,2019.0,0
37_11,2020.0,0
37_2,2001.0,0
37_2,2002.0,0
37_2,2003.0,0
37_2,2004.0,0
37_2,2005.0,0
37_2,2006.0,0
37_2,2007.0,0
37_2,2008.0,0
37_2,2009.0,0
37_2,2010.0,24
37_2,2011.0,124
37_2,2012.0,175
37_2,2013.0,192
37_2,2014.0,2
37_2,2015.0,0
37_2,2016.0,0
37_2,2017.0,0
37_2,2018.0,0
37_2,2019.0,0
37_2,2020.0,0
37_5,2001.0,0
37_5,2002.0,0
37_5,2003.0,0
37_5,2004.0,0
37_5,2005.0,0
37_5,2006.0,0
37_5,2007.0,0
37_5,2008.0,0
37_5,2009.0,0
37_5,2010.0,0
37_5,2011.0,0
37_5,2012.0,1
37_5,2013.0,0
37_5,2014.0,0
37_5,2015.0,10
37_5,2016.0,1764
37_5,2017.0,2505
37_5,2018.0,312
37_5,2019.0,208
37_5,2020.0,0
37_6,2001.0,0
37_6,2002.0,0
37_6,2003.0,0
37_6,2004.0,0
37_6,2005.0,0
37_6,2006.0,0
37_6,2007.0,0
37_6,2008.0,0
37_6,2009.0,0
37_6,2010.0,0
37_6,2011.0,0
37_6,2012.0,0
37_6,2013.0,19
37_6,2014.0,428
37_6,2015.0,765
37_6,2016.0,633
37_6,2017.0,400
37_6,2018.0,258
37_6,2019.0,18
37_6,2020.0,0
37_7,2001.0,0
37_7,2002.0,0
37_7,2003.0,0
37_7,2004.0,0
37_7,2005.0,0
37_7,2006.0,0
37_7,2007.0,0
37_7,2008.0,0
37_7,2009.0,0
37_7,2010.0,0
37_7,2011.0,0
37_7,2012.0,0
37_7,2013.0,0
37_7,2014.0,8
37_7,2015.0,3
37_7,2016.0,15
37_7,2017.0,89
37_7,2018.0,60
37_7,2019.0,3
37_7,2020.0,0
37_8,2001.0,0
37_8,2002.0,0
37_8,2003.0,0
37_8,2004.0,0
37_8,2005.0,0
37_8,2006.0,0
37_8,2007.0,0
37_8,2008.0,0
37_8,2009.0,0
37_8,2010.0,0
37_8,2011.0,0
37_8,2012.0,0
37_8,2013.0,0
37_8,2014.0,12
37_8,2015.0,141
37_8,2016.0,84
37_8,2017.0,132
37_8,2018.0,4
37_8,2019.0,1
37_8,2020.0,0
37_9,2001.0,0
37_9,2002.0,0
37_9,2003.0,0
37_9,2004.0,0
37_9,2005.0,0
37_9,2006.0,0
37_9,2007.0,0
37_9,2008.0,0
37_9,2009.0,0
37_9,2010.0,0
37_9,2011.0,0
37_9,2012.0,0
37_9,2013.0,0
37_9,2014.0,0
37_9,2015.0,0
37_9,2016.0,53
37_9,2017.0,131
37_9,2018.0,85
37_9,2019.0,48
37_9,2020.0,0
38_2,2001.0,0
38_2,2002.0,0
38_2,2003.0,0
38_2,2004.0,0
38_2,2005.0,0
38_2,2006.0,0
38_2,2007.0,0
38_2,2008.0,3
38_2,2009.0,0
38_2,2010.0,0
38_2,2011.0,0
38_2,2012.0,0
38_2,2013.0,0
38_2,2014.0,0
38_2,2015.0,0
38_2,2016.0,1
38_2,2017.0,0
38_2,2018.0,6
38_2,2019.0,1
38_2,2020.0,0
38_4,2001.0,263
38_4,2002.0,451
38_4,2003.0,318
38_4,2004.0,246
38_4,2005.0,120
38_4,2006.0,0
38_4,2007.0,0
38_4,2008.0,0
38_4,2009.0,0
38_4,2010.0,0
38_4,2011.0,0
38_4,2012.0,0
38_4,2013.0,0
38_4,2014.0,0
38_4,2015.0,0
38_4,2016.0,0
38_4,2017.0,0
38_4,2018.0,0
38_4,2019.0,0
38_4,2020.0,0
39_1,2001.0,0
39_1,2002.0,0
39_1,2003.0,0
39_1,2004.0,0
39_1,2005.0,0
39_1,2006.0,0
39_1,2007.0,0
39_1,2008.0,0
39_1,2009.0,0
39_1,2010.0,0
39_1,2011.0,0
39_1,2012.0,0
39_1,2013.0,0
39_1,2014.0,0
39_1,2015.0,0
39_1,2016.0,0
39_1,2017.0,211
39_1,2018.0,10141
39_1,2019.0,10661
39_1,2020.0,6130
39_13,2001.0,0
39_13,2002.0,0
39_13,2003.0,0
39_13,2004.0,0
39_13,2005.0,0
39_13,2006.0,0
39_13,2007.0,0
39_13,2008.0,0
39_13,2009.0,0
39_13,2010.0,0
39_13,2011.0,0
39_13,2012.0,0
39_13,2013.0,0
39_13,2014.0,0
39_13,2015.0,0
39_13,2016.0,0
39_13,2017.0,0
39_13,2018.0,708
39_13,2019.0,3935
39_13,2020.0,8218
39_14,2001.0,0
39_14,2002.0,0
39_14,2003.0,0
39_14,2004.0,1
39_14,2005.0,9
39_14,2006.0,19
39_14,2007.0,23
39_14,2008.0,24
39_14,2009.0,23
39_14,2010.0,24
39_14,2011.0,52
39_14,2012.0,95
39_14,2013.0,85
39_14,2014.0,94
39_14,2015.0,96
39_14,2016.0,81
39_14,2017.0,96
39_14,2018.0,88
39_14,2019.0,78
39_14,2020.0,52
39_2,2001.0,0
39_2,2002.0,0
39_2,2003.0,0
39_2,2004.0,0
39_2,2005.0,0
39_2,2006.0,0
39_2,2007.0,0
39_2,2008.0,0
39_2,2009.0,0
39_2,2010.0,0
39_2,2011.0,0
39_2,2012.0,0
39_2,2013.0,0
39_2,2014.0,0
39_2,2015.0,10
39_2,2016.0,7590
39_2,2017.0,12179
39_2,2018.0,10458
39_2,2019.0,9629
39_2,2020.0,6478
39_3,2001.0,0
39_3,2002.0,0
39_3,2003.0,0
39_3,2004.0,0
39_3,2005.0,0
39_3,2006.0,0
39_3,2007.0,0
39_3,2008.0,0
39_3,2009.0,0
39_3,2010.0,0
39_3,2011.0,0
39_3,2012.0,2
39_3,2013.0,1081
39_3,2014.0,1981
39_3,2015.0,1891
39_3,2016.0,1976
39_3,2017.0,1968
39_3,2018.0,1696
39_3,2019.0,1458
39_3,2020.0,945
39_4,2001.0,1320
39_4,2002.0,1928
39_4,2003.0,2394
39_4,2004.0,2902
39_4,2005.0,2640
39_4,2006.0,2622
39_4,2007.0,2774
39_4,2008.0,12
39_4,2009.0,1
39_4,2010.0,0
39_4,2011.0,0
39_4,2012.0,0
39_4,2013.0,0
39_4,2014.0,0
39_4,2015.0,0
39_4,2016.0,0
39_4,2017.0,0
39_4,2018.0,0
39_4,2019.0,0
39_4,2020.0,0
39_5,2001.0,1203
39_5,2002.0,2979
39_5,2003.0,4397
39_5,2004.0,6111
39_5,2005.0,6310
39_5,2006.0,6757
39_5,2007.0,6159
39_5,2008.0,6519
39_5,2009.0,5040
39_5,2010.0,195
39_5,2011.0,1
39_5,2012.0,0
39_5,2013.0,0
39_5,2014.0,0
39_5,2015.0,0
39_5,2016.0,0
39_5,2017.0,0
39_5,2018.0,0
39_5,2019.0,0
39_5,2020.0,0
39_6,2001.0,0
39_6,2002.0,0
39_6,2003.0,0
39_6,2004.0,0
39_6,2005.0,0
39_6,2006.0,0
39_6,2007.0,0
39_6,2008.0,0
39_6,2009.0,0
39_6,2010.0,0
39_6,2011.0,0
39_6,2012.0,0
39_6,2013.0,0
39_6,2014.0,1
39_6,2015.0,8855
39_6,2016.0,12422
39_6,2017.0,10692
39_6,2018.0,5585
39_6,2019.0,4478
39_6,2020.0,1619
39_7,2001.0,0
39_7,2002.0,0
39_7,2003.0,0
39_7,2004.0,0
39_7,2005.0,1
39_7,2006.0,0
39_7,2007.0,61
39_7,2008.0,6529
39_7,2009.0,8134
39_7,2010.0,10615
39_7,2011.0,8967
39_7,2012.0,10449
39_7,2013.0,11370
39_7,2014.0,12452
39_7,2015.0,10025
39_7,2016.0,8709
39_7,2017.0,7023
39_7,2018.0,5549
39_7,2019.0,3235
39_7,2020.0,1292
39_8,2001.0,731
39_8,2002.0,679
39_8,2003.0,2080
39_8,2004.0,1903
39_8,2005.0,1257
39_8,2006.0,1477
39_8,2007.0,1309
39_8,2008.0,942
39_8,2009.0,559
39_8,2010.0,1397
39_8,2011.0,1557
39_8,2012.0,1027
39_8,2013.0,1148
39_8,2014.0,1038
39_8,2015.0,972
39_8,2016.0,1086
39_8,2017.0,884
39_8,2018.0,710
39_8,2019.0,400
39_8,2020.0,166
39_9,2001.0,1085
39_9,2002.0,916
39_9,2003.0,902
39_9,2004.0,832
39_9,2005.0,878
39_9,2006.0,1930
39_9,2007.0,2135
39_9,2008.0,1276
39_9,2009.0,1121
39_9,2010.0,1302
39_9,2011.0,1102
39_9,2012.0,809
39_9,2013.0,783
39_9,2014.0,1060
39_9,2015.0,107
39_9,2016.0,0
39_9,2017.0,0
39_9,2018.0,0
39_9,2019.0,0
39_9,2020.0,0
3_1,2001.0,0
3_1,2002.0,0
3_1,2003.0,0
3_1,2004.0,0
3_1,2005.0,0
3_1,2006.0,0
3_1,2007.0,38
3_1,2008.0,39
3_1,2009.0,50
3_1,2010.0,39
3_1,2011.0,69
3_1,2012.0,31
3_1,2013.0,20
3_1,2014.0,10
3_1,2015.0,16
3_1,2016.0,15
3_1,2017.0,6
3_1,2018.0,0
3_1,2019.0,0
3_1,2020.0,0
3_3,2001.0,0
3_3,2002.0,4
3_3,2003.0,4
3_3,2004.0,4
3_3,2005.0,5
3_3,2006.0,0
3_3,2007.0,0
3_3,2008.0,0
3_3,2009.0,0
3_3,2010.0,0
3_3,2011.0,0
3_3,2012.0,0
3_3,2013.0,0
3_3,2014.0,0
3_3,2015.0,0
3_3,2016.0,0
3_3,2017.0,0
3_3,2018.0,0
3_3,2019.0,0
3_3,2020.0,0
3_4,2001.0,0
3_4,2002.0,0
3_4,2003.0,0
3_4,2004.0,0
3_4,2005.0,13
3_4,2006.0,23
3_4,2007.0,10
3_4,2008.0,13
3_4,2009.0,4
3_4,2010.0,1
3_4,2011.0,0
3_4,2012.0,0
3_4,2013.0,0
3_4,2014.0,0
3_4,2015.0,0
3_4,2016.0,0
3_4,2017.0,0
3_4,2018.0,0
3_4,2019.0,0
3_4,2020.0,0
3_5,2001.0,0
3_5,2002.0,0
3_5,2003.0,0
3_5,2004.0,0
3_5,2005.0,0
3_5,2006.0,0
3_5,2007.0,0
3_5,2008.0,0
3_5,2009.0,0
3_5,2010.0,0
3_5,2011.0,0
3_5,2012.0,1
3_5,2013.0,3
3_5,2014.0,6
3_5,2015.0,5
3_5,2016.0,3
3_5,2017.0,0
3_5,2018.0,0
3_5,2019.0,0
3_5,2020.0,0
3_6,2001.0,0
3_6,2002.0,0
3_6,2003.0,0
3_6,2004.0,0
3_6,2005.0,0
3_6,2006.0,0
3_6,2007.0,0
3_6,2008.0,0
3_6,2009.0,0
3_6,2010.0,0
3_6,2011.0,0
3_6,2012.0,25
3_6,2013.0,34
3_6,2014.0,48
3_6,2015.0,43
3_6,2016.0,50
3_6,2017.0,51
3_6,2018.0,32
3_6,2019.0,2
3_6,2020.0,0
3_7,2001.0,0
3_7,2002.0,0
3_7,2003.0,0
3_7,2004.0,0
3_7,2005.0,0
3_7,2006.0,0
3_7,2007.0,3
3_7,2008.0,2
3_7,2009.0,1
3_7,2010.0,0
3_7,2011.0,0
3_7,2012.0,0
3_7,2013.0,0
3_7,2014.0,0
3_7,2015.0,0
3_7,2016.0,0
3_7,2017.0,0
3_7,2018.0,0
3_7,2019.0,0
3_7,2020.0,0
3_8,2001.0,0
3_8,2002.0,0
3_8,2003.0,0
3_8,2004.0,0
3_8,2005.0,0
3_8,2006.0,0
3_8,2007.0,3
3_8,2008.0,1
3_8,2009.0,0
3_8,2010.0,1
3_8,2011.0,1
3_8,2012.0,0
3_8,2013.0,0
3_8,2014.0,0
3_8,2015.0,0
3_8,2016.0,0
3_8,2017.0,0
3_8,2018.0,0
3_8,2019.0,0
3_8,2020.0,0
40_1,2001.0,1057
40_1,2002.0,1826
40_1,2003.0,2377
40_1,2004.0,2668
40_1,2005.0,2694
40_1,2006.0,3348
40_1,2007.0,2422
40_1,2008.0,970
40_1,2009.0,841
40_1,2010.0,750
40_1,2011.0,304
40_1,2012.0,592
40_1,2013.0,137
40_1,2014.0,1218
40_1,2015.0,2122
40_1,2016.0,1487
40_1,2017.0,558
40_1,2018.0,321
40_1,2019.0,25
40_1,2020.0,4
40_2,2001.0,0
40_2,2002.0,0
40_2,2003.0,0
40_2,2004.0,0
40_2,2005.0,0
40_2,2006.0,346
40_2,2007.0,482
40_2,2008.0,18
40_2,2009.0,84
40_2,2010.0,0
40_2,2011.0,0
40_2,2012.0,0
40_2,2013.0,0
40_2,2014.0,0
40_2,2015.0,0
40_2,2016.0,0
40_2,2017.0,0
40_2,2018.0,0
40_2,2019.0,0
40_2,2020.0,0
40_3,2001.0,0
40_3,2002.0,0
40_3,2003.0,0
40_3,2004.0,0
40_3,2005.0,0
40_3,2006.0,1
40_3,2007.0,105
40_3,2008.0,136
40_3,2009.0,81
40_3,2010.0,5
40_3,2011.0,887
40_3,2012.0,892
40_3,2013.0,574
40_3,2014.0,434
40_3,2015.0,4
40_3,2016.0,0
40_3,2017.0,18
40_3,2018.0,2319
40_3,2019.0,2969
40_3,2020.0,1652
40_4,2001.0,0
40_4,2002.0,0
40_4,2003.0,0
40_4,2004.0,0
40_4,2005.0,1
40_4,2006.0,0
40_4,2007.0,1
40_4,2008.0,0
40_4,2009.0,0
40_4,2010.0,0
40_4,2011.0,0
40_4,2012.0,57
40_4,2013.0,922
40_4,2014.0,1522
40_4,2015.0,1352
40_4,2016.0,986
40_4,2017.0,861
40_4,2018.0,412
40_4,2019.0,249
40_4,2020.0,64
40_5,2001.0,0
40_5,2002.0,0
40_5,2003.0,0
40_5,2004.0,0
40_5,2005.0,0
40_5,2006.0,0
40_5,2007.0,460
40_5,2008.0,1312
40_5,2009.0,557
40_5,2010.0,759
40_5,2011.0,397
40_5,2012.0,0
40_5,2013.0,1
40_5,2014.0,1
40_5,2015.0,0
40_5,2016.0,0
40_5,2017.0,0
40_5,2018.0,0
40_5,2019.0,0
40_5,2020.0,0
40_6,2001.0,0
40_6,2002.0,0
40_6,2003.0,0
40_6,2004.0,0
40_6,2005.0,0
40_6,2006.0,0
40_6,2007.0,0
40_6,2008.0,0
40_6,2009.0,0
40_6,2010.0,0
40_6,2011.0,0
40_6,2012.0,0
40_6,2013.0,0
40_6,2014.0,0
40_6,2015.0,5874
40_6,2016.0,10422
40_6,2017.0,3953
40_6,2018.0,2314
40_6,2019.0,1798
40_6,2020.0,1898
40_7,2001.0,176
40_7,2002.0,126
40_7,2003.0,136
40_7,2004.0,131
40_7,2005.0,79
40_7,2006.0,90
40_7,2007.0,222
40_7,2008.0,178
40_7,2009.0,310
40_7,2010.0,153
40_7,2011.0,120
40_7,2012.0,154
40_7,2013.0,209
40_7,2014.0,330
40_7,2015.0,484
40_7,2016.0,257
40_7,2017.0,248
40_7,2018.0,365
40_7,2019.0,621
40_7,2020.0,755
43_1,2001.0,36
43_1,2002.0,24
43_1,2003.0,199
43_1,2004.0,336
43_1,2005.0,481
43_1,2006.0,838
43_1,2007.0,1187
43_1,2008.0,1956
43_1,2009.0,1799
43_1,2010.0,479
43_1,2011.0,459
43_1,2012.0,127
43_1,2013.0,1506
43_1,2014.0,2305
43_1,2015.0,2211
43_1,2016.0,1811
43_1,2017.0,1764
43_1,2018.0,1535
43_1,2019.0,87
43_1,2020.0,0
43_10,2001.0,32
43_10,2002.0,88
43_10,2003.0,335
43_10,2004.0,800
43_10,2005.0,1110
43_10,2006.0,1405
43_10,2007.0,1727
43_10,2008.0,1614
43_10,2009.0,703
43_10,2010.0,928
43_10,2011.0,787
43_10,2012.0,137
43_10,2013.0,0
43_10,2014.0,1
43_10,2015.0,0
43_10,2016.0,1
43_10,2017.0,0
43_10,2018.0,0
43_10,2019.0,0
43_10,2020.0,3
43_11,2001.0,0
43_11,2002.0,0
43_11,2003.0,561
43_11,2004.0,1726
43_11,2005.0,2507
43_11,2006.0,3725
43_11,2007.0,2137
43_11,2008.0,1450
43_11,2009.0,1723
43_11,2010.0,2128
43_11,2011.0,1835
43_11,2012.0,2046
43_11,2013.0,2205
43_11,2014.0,2958
43_11,2015.0,4082
43_11,2016.0,3182
43_11,2017.0,3126
43_11,2018.0,2752
43_11,2019.0,2724
43_11,2020.0,1161
43_12,2001.0,1
43_12,2002.0,0
43_12,2003.0,0
43_12,2004.0,0
43_12,2005.0,0
43_12,2006.0,0
43_12,2007.0,0
43_12,2008.0,0
43_12,2009.0,2462
43_12,2010.0,3128
43_12,2011.0,3531
43_12,2012.0,1660
43_12,2013.0,1294
43_12,2014.0,2689
43_12,2015.0,2589
43_12,2016.0,2129
43_12,2017.0,1645
43_12,2018.0,1920
43_12,2019.0,339
43_12,2020.0,871
43_13,2001.0,36
43_13,2002.0,30
43_13,2003.0,95
43_13,2004.0,14
43_13,2005.0,2537
43_13,2006.0,2430
43_13,2007.0,2476
43_13,2008.0,2402
43_13,2009.0,3225
43_13,2010.0,4919
43_13,2011.0,8320
43_13,2012.0,13582
43_13,2013.0,18981
43_13,2014.0,19877
43_13,2015.0,21628
43_13,2016.0,37482
43_13,2017.0,35672
43_13,2018.0,34280
43_13,2019.0,32594
43_13,2020.0,17323
43_14,2001.0,0
43_14,2002.0,0
43_14,2003.0,0
43_14,2004.0,0
43_14,2005.0,0
43_14,2006.0,0
43_14,2007.0,0
43_14,2008.0,0
43_14,2009.0,0
43_14,2010.0,0
43_14,2011.0,0
43_14,2012.0,0
43_14,2013.0,0
43_14,2014.0,0
43_14,2015.0,0
43_14,2016.0,0
43_14,2017.0,124
43_14,2018.0,623
43_14,2019.0,894
43_14,2020.0,202
43_15,2001.0,0
43_15,2002.0,0
43_15,2003.0,0
43_15,2004.0,0
43_15,2005.0,0
43_15,2006.0,0
43_15,2007.0,0
43_15,2008.0,0
43_15,2009.0,0
43_15,2010.0,0
43_15,2011.0,0
43_15,2012.0,0
43_15,2013.0,0
43_15,2014.0,0
43_15,2015.0,0
43_15,2016.0,0
43_15,2017.0,699
43_15,2018.0,6753
43_15,2019.0,8099
43_15,2020.0,4502
43_16,2001.0,0
43_16,2002.0,0
43_16,2003.0,0
43_16,2004.0,0
43_16,2005.0,0
43_16,2006.0,0
43_16,2007.0,0
43_16,2008.0,0
43_16,2009.0,26
43_16,2010.0,3295
43_16,2011.0,4577
43_16,2012.0,5155
43_16,2013.0,5768
43_16,2014.0,5526
43_16,2015.0,6239
43_16,2016.0,5686
43_16,2017.0,5478
43_16,2018.0,3641
43_16,2019.0,2608
43_16,2020.0,0
43_17,2001.0,37
43_17,2002.0,48
43_17,2003.0,37
43_17,2004.0,9
43_17,2005.0,0
43_17,2006.0,0
43_17,2007.0,0
43_17,2008.0,0
43_17,2009.0,0
43_17,2010.0,0
43_17,2011.0,0
43_17,2012.0,0
43_17,2013.0,0
43_17,2014.0,0
43_17,2015.0,0
43_17,2016.0,0
43_17,2017.0,0
43_17,2018.0,0
43_17,2019.0,0
43_17,2020.0,0
43_19,2001.0,0
43_19,2002.0,0
43_19,2003.0,0
43_19,2004.0,0
43_19,2005.0,0
43_19,2006.0,0
43_19,2007.0,0
43_19,2008.0,0
43_19,2009.0,0
43_19,2010.0,0
43_19,2011.0,0
43_19,2012.0,0
43_19,2013.0,0
43_19,2014.0,0
43_19,2015.0,0
43_19,2016.0,0
43_19,2017.0,0
43_19,2018.0,0
43_19,2019.0,813
43_19,2020.0,6370
43_2,2001.0,0
43_2,2002.0,0
43_2,2003.0,0
43_2,2004.0,0
43_2,2005.0,0
43_2,2006.0,0
43_2,2007.0,4052
43_2,2008.0,7187
43_2,2009.0,9787
43_2,2010.0,10526
43_2,2011.0,8692
43_2,2012.0,12737
43_2,2013.0,10630
43_2,2014.0,10192
43_2,2015.0,10038
43_2,2016.0,8583
43_2,2017.0,7692
43_2,2018.0,8519
43_2,2019.0,9763
43_2,2020.0,4053
43_3,2001.0,2
43_3,2002.0,0
43_3,2003.0,0
43_3,2004.0,220
43_3,2005.0,833
43_3,2006.0,776
43_3,2007.0,125
43_3,2008.0,0
43_3,2009.0,0
43_3,2010.0,0
43_3,2011.0,0
43_3,2012.0,0
43_3,2013.0,0
43_3,2014.0,0
43_3,2015.0,0
43_3,2016.0,0
43_3,2017.0,0
43_3,2018.0,0
43_3,2019.0,0
43_3,2020.0,1
43_4,2001.0,7
43_4,2002.0,26
43_4,2003.0,62
43_4,2004.0,108
43_4,2005.0,157
43_4,2006.0,251
43_4,2007.0,208
43_4,2008.0,117
43_4,2009.0,196
43_4,2010.0,158
43_4,2011.0,1
43_4,2012.0,0
43_4,2013.0,0
43_4,2014.0,0
43_4,2015.0,0
43_4,2016.0,0
43_4,2017.0,0
43_4,2018.0,0
43_4,2019.0,0
43_4,2020.0,0
43_5,2001.0,0
43_5,2002.0,0
43_5,2003.0,0
43_5,2004.0,0
43_5,2005.0,0
43_5,2006.0,0
43_5,2007.0,0
43_5,2008.0,0
43_5,2009.0,0
43_5,2010.0,0
43_5,2011.0,0
43_5,2012.0,0
43_5,2013.0,0
43_5,2014.0,0
43_5,2015.0,0
43_5,2016.0,1197
43_5,2017.0,4047
43_5,2018.0,6089
43_5,2019.0,8932
43_5,2020.0,18234
43_6,2001.0,0
43_6,2002.0,0
43_6,2003.0,0
43_6,2004.0,0
43_6,2005.0,0
43_6,2006.0,0
43_6,2007.0,0
43_6,2008.0,0
43_6,2009.0,0
43_6,2010.0,0
43_6,2011.0,34
43_6,2012.0,799
43_6,2013.0,381
43_6,2014.0,672
43_6,2015.0,646
43_6,2016.0,1272
43_6,2017.0,3267
43_6,2018.0,2731
43_6,2019.0,1723
43_6,2020.0,131
43_7,2001.0,0
43_7,2002.0,0
43_7,2003.0,0
43_7,2004.0,3556
43_7,2005.0,6392
43_7,2006.0,6687
43_7,2007.0,4010
43_7,2008.0,3860
43_7,2009.0,14514
43_7,2010.0,14469
43_7,2011.0,11119
43_7,2012.0,13392
43_7,2013.0,12910
43_7,2014.0,14575
43_7,2015.0,13631
43_7,2016.0,12588
43_7,2017.0,12866
43_7,2018.0,15738
43_7,2019.0,17372
43_7,2020.0,8935
43_8,2001.0,0
43_8,2002.0,0
43_8,2003.0,0
43_8,2004.0,0
43_8,2005.0,0
43_8,2006.0,0
43_8,2007.0,0
43_8,2008.0,0
43_8,2009.0,0
43_8,2010.0,0
43_8,2011.0,0
43_8,2012.0,0
43_8,2013.0,1054
43_8,2014.0,1588
43_8,2015.0,1327
43_8,2016.0,1214
43_8,2017.0,906
43_8,2018.0,519
43_8,2019.0,1814
43_8,2020.0,936
43_9,2001.0,73
43_9,2002.0,247
43_9,2003.0,504
43_9,2004.0,851
43_9,2005.0,1214
43_9,2006.0,1845
43_9,2007.0,2018
43_9,2008.0,3108
43_9,2009.0,6429
43_9,2010.0,7450
43_9,2011.0,7734
43_9,2012.0,9588
43_9,2013.0,10386
43_9,2014.0,11445
43_9,2015.0,11499
43_9,2016.0,8936
43_9,2017.0,7998
43_9,2018.0,5621
43_9,2019.0,4854
43_9,2020.0,3395
45_1,2001.0,0
45_1,2002.0,0
45_1,2003.0,0
45_1,2004.0,0
45_1,2005.0,0
45_1,2006.0,0
45_1,2007.0,0
45_1,2008.0,0
45_1,2009.0,0
45_1,2010.0,0
45_1,2011.0,5
45_1,2012.0,19
45_1,2013.0,29
45_1,2014.0,31
45_1,2015.0,39
45_1,2016.0,61
45_1,2017.0,65
45_1,2018.0,97
45_1,2019.0,89
45_1,2020.0,63
45_2,2001.0,5
45_2,2002.0,1
45_2,2003.0,0
45_2,2004.0,0
45_2,2005.0,0
45_2,2006.0,0
45_2,2007.0,0
45_2,2008.0,0
45_2,2009.0,0
45_2,2010.0,0
45_2,2011.0,0
45_2,2012.0,0
45_2,2013.0,0
45_2,2014.0,0
45_2,2015.0,0
45_2,2016.0,0
45_2,2017.0,0
45_2,2018.0,0
45_2,2019.0,0
45_2,2020.0,0
45_3,2001.0,0
45_3,2002.0,0
45_3,2003.0,2
45_3,2004.0,39
45_3,2005.0,25
45_3,2006.0,43
45_3,2007.0,72
45_3,2008.0,48
45_3,2009.0,30
45_3,2010.0,26
45_3,2011.0,28
45_3,2012.0,39
45_3,2013.0,24
45_3,2014.0,7
45_3,2015.0,0
45_3,2016.0,0
45_3,2017.0,0
45_3,2018.0,0
45_3,2019.0,0
45_3,2020.0,0
45_4,2001.0,0
45_4,2002.0,0
45_4,2003.0,0
45_4,2004.0,0
45_4,2005.0,0
45_4,2006.0,0
45_4,2007.0,0
45_4,2008.0,0
45_4,2009.0,0
45_4,2010.0,0
45_4,2011.0,0
45_4,2012.0,0
45_4,2013.0,0
45_4,2014.0,19
45_4,2015.0,87
45_4,2016.0,62
45_4,2017.0,87
45_4,2018.0,172
45_4,2019.0,160
45_4,2020.0,96
45_5,2001.0,0
45_5,2002.0,9
45_5,2003.0,7
45_5,2004.0,7
45_5,2005.0,5
45_5,2006.0,2
45_5,2007.0,7
45_5,2008.0,12
45_5,2009.0,5
45_5,2010.0,3
45_5,2011.0,0
45_5,2012.0,0
45_5,2013.0,0
45_5,2014.0,0
45_5,2015.0,0
45_5,2016.0,0
45_5,2017.0,0
45_5,2018.0,0
45_5,2019.0,0
45_5,2020.0,0
47_1,2001.0,1
47_1,2002.0,0
47_1,2003.0,2
47_1,2004.0,2
47_1,2005.0,2
47_1,2006.0,0
47_1,2007.0,0
47_1,2008.0,0
47_1,2009.0,0
47_1,2010.0,0
47_1,2011.0,1
47_1,2012.0,1
47_1,2013.0,0
47_1,2014.0,0
47_1,2015.0,0
47_1,2016.0,0
47_1,2017.0,0
47_1,2018.0,2
47_1,2019.0,1
47_1,2020.0,0
47_11,2001.0,2734
47_11,2002.0,5114
47_11,2003.0,6830
47_11,2004.0,9459
47_11,2005.0,9834
47_11,2006.0,9213
47_11,2007.0,16295
47_11,2008.0,11822
47_11,2009.0,10409
47_11,2010.0,14631
47_11,2011.0,12448
47_11,2012.0,10553
47_11,2013.0,13265
47_11,2014.0,11647
47_11,2015.0,42
47_11,2016.0,26
47_11,2017.0,0
47_11,2018.0,0
47_11,2019.0,0
47_11,2020.0,0
47_13,2001.0,1525
47_13,2002.0,2499
47_13,2003.0,3751
47_13,2004.0,4092
47_13,2005.0,7613
47_13,2006.0,10701
47_13,2007.0,10975
47_13,2008.0,8007
47_13,2009.0,7992
47_13,2010.0,9955
47_13,2011.0,13994
47_13,2012.0,24856
47_13,2013.0,29258
47_13,2014.0,31705
47_13,2015.0,37174
47_13,2016.0,41679
47_13,2017.0,42860
47_13,2018.0,45902
47_13,2019.0,48419
47_13,2020.0,36052
47_5,2001.0,127
47_5,2002.0,813
47_5,2003.0,1350
47_5,2004.0,1359
47_5,2005.0,1494
47_5,2006.0,1386
47_5,2007.0,1540
47_5,2008.0,1451
47_5,2009.0,1061
47_5,2010.0,690
47_5,2011.0,7
47_5,2012.0,8
47_5,2013.0,13
47_5,2014.0,27
47_5,2015.0,16
47_5,2016.0,2
47_5,2017.0,0
47_5,2018.0,0
47_5,2019.0,1
47_5,2020.0,4296
47_6,2001.0,5174
47_6,2002.0,5881
47_6,2003.0,7043
47_6,2004.0,7746
47_6,2005.0,9904
47_6,2006.0,9712
47_6,2007.0,8251
47_6,2008.0,5598
47_6,2009.0,5622
47_6,2010.0,6809
47_6,2011.0,6017
47_6,2012.0,6664
47_6,2013.0,5869
47_6,2014.0,7066
47_6,2015.0,23571
47_6,2016.0,31681
47_6,2017.0,33138
47_6,2018.0,26722
47_6,2019.0,22509
47_6,2020.0,15762
48_1,2001.0,0
48_1,2002.0,0
48_1,2003.0,0
48_1,2004.0,0
48_1,2005.0,0
48_1,2006.0,0
48_1,2007.0,0
48_1,2008.0,0
48_1,2009.0,0
48_1,2010.0,0
48_1,2011.0,3779
48_1,2012.0,4184
48_1,2013.0,3647
48_1,2014.0,3687
48_1,2015.0,3361
48_1,2016.0,2827
48_1,2017.0,2788
48_1,2018.0,2606
48_1,2019.0,1815
48_1,2020.0,1245
48_14,2001.0,0
48_14,2002.0,0
48_14,2003.0,0
48_14,2004.0,0
48_14,2005.0,0
48_14,2006.0,0
48_14,2007.0,0
48_14,2008.0,0
48_14,2009.0,0
48_14,2010.0,0
48_14,2011.0,0
48_14,2012.0,0
48_14,2013.0,0
48_14,2014.0,0
48_14,2015.0,0
48_14,2016.0,0
48_14,2017.0,145
48_14,2018.0,136
48_14,2019.0,70
48_14,2020.0,45
48_15,2001.0,255
48_15,2002.0,219
48_15,2003.0,211
48_15,2004.0,271
48_15,2005.0,279
48_15,2006.0,82
48_15,2007.0,1
48_15,2008.0,0
48_15,2009.0,0
48_15,2010.0,0
48_15,2011.0,0
48_15,2012.0,0
48_15,2013.0,0
48_15,2014.0,0
48_15,2015.0,0
48_15,2016.0,0
48_15,2017.0,0
48_15,2018.0,0
48_15,2019.0,0
48_15,2020.0,0
48_18,2001.0,0
48_18,2002.0,0
48_18,2003.0,0
48_18,2004.0,0
48_18,2005.0,0
48_18,2006.0,0
48_18,2007.0,0
48_18,2008.0,0
48_18,2009.0,0
48_18,2010.0,0
48_18,2011.0,0
48_18,2012.0,0
48_18,2013.0,0
48_18,2014.0,792
48_18,2015.0,2972
48_18,2016.0,3607
48_18,2017.0,3656
48_18,2018.0,4486
48_18,2019.0,4443
48_18,2020.0,4142
48_2,2001.0,204
48_2,2002.0,227
48_2,2003.0,184
48_2,2004.0,108
48_2,2005.0,895
48_2,2006.0,920
48_2,2007.0,884
48_2,2008.0,581
48_2,2009.0,339
48_2,2010.0,180
48_2,2011.0,67
48_2,2012.0,575
48_2,2013.0,595
48_2,2014.0,513
48_2,2015.0,382
48_2,2016.0,541
48_2,2017.0,338
48_2,2018.0,226
48_2,2019.0,3
48_2,2020.0,0
48_21,2001.0,0
48_21,2002.0,0
48_21,2003.0,0
48_21,2004.0,0
48_21,2005.0,0
48_21,2006.0,0
48_21,2007.0,0
48_21,2008.0,0
48_21,2009.0,0
48_21,2010.0,0
48_21,2011.0,0
48_21,2012.0,0
48_21,2013.0,0
48_21,2014.0,5
48_21,2015.0,175
48_21,2016.0,560
48_21,2017.0,407
48_21,2018.0,397
48_21,2019.0,395
48_21,2020.0,253
48_24,2001.0,333
48_24,2002.0,433
48_24,2003.0,1036
48_24,2004.0,2137
48_24,2005.0,2795
48_24,2006.0,2919
48_24,2007.0,3310
48_24,2008.0,2656
48_24,2009.0,2442
48_24,2010.0,2526
48_24,2011.0,1786
48_24,2012.0,1736
48_24,2013.0,1808
48_24,2014.0,1619
48_24,2015.0,1288
48_24,2016.0,2319
48_24,2017.0,2000
48_24,2018.0,1940
48_24,2019.0,2352
48_24,2020.0,1962
48_30,2001.0,196
48_30,2002.0,318
48_30,2003.0,270
48_30,2004.0,212
48_30,2005.0,219
48_30,2006.0,172
48_30,2007.0,148
48_30,2008.0,51
48_30,2009.0,51
48_30,2010.0,0
48_30,2011.0,0
48_30,2012.0,0
48_30,2013.0,0
48_30,2014.0,0
48_30,2015.0,0
48_30,2016.0,0
48_30,2017.0,0
48_30,2018.0,0
48_30,2019.0,0
48_30,2020.0,0
48_31,2001.0,0
48_31,2002.0,0
48_31,2003.0,0
48_31,2004.0,0
48_31,2005.0,0
48_31,2006.0,0
48_31,2007.0,0
48_31,2008.0,0
48_31,2009.0,0
48_31,2010.0,0
48_31,2011.0,0
48_31,2012.0,0
48_31,2013.0,0
48_31,2014.0,0
48_31,2015.0,0
48_31,2016.0,0
48_31,2017.0,0
48_31,2018.0,0
48_31,2019.0,3336
48_31,2020.0,3899
48_32,2001.0,0
48_32,2002.0,0
48_32,2003.0,0
48_32,2004.0,0
48_32,2005.0,0
48_32,2006.0,0
48_32,2007.0,0
48_32,2008.0,0
48_32,2009.0,0
48_32,2010.0,0
48_32,2011.0,0
48_32,2012.0,0
48_32,2013.0,0
48_32,2014.0,0
48_32,2015.0,0
48_32,2016.0,0
48_32,2017.0,0
48_32,2018.0,0
48_32,2019.0,931
48_32,2020.0,1058
48_8,2001.0,1401
48_8,2002.0,1785
48_8,2003.0,2064
48_8,2004.0,2244
48_8,2005.0,2137
48_8,2006.0,4561
48_8,2007.0,5393
48_8,2008.0,3811
48_8,2009.0,2953
48_8,2010.0,2500
48_8,2011.0,1562
48_8,2012.0,902
48_8,2013.0,1686
48_8,2014.0,3074
48_8,2015.0,2724
48_8,2016.0,1921
48_8,2017.0,1444
48_8,2018.0,1411
48_8,2019.0,1134
48_8,2020.0,555
49_2,2001.0,8
49_2,2002.0,2
49_2,2003.0,3
49_2,2004.0,4
49_2,2005.0,7
49_2,2006.0,3
49_2,2007.0,3
49_2,2008.0,1
49_2,2009.0,0
49_2,2010.0,1
49_2,2011.0,0
49_2,2012.0,0
49_2,2013.0,0
49_2,2014.0,0
49_2,2015.0,0
49_2,2016.0,0
49_2,2017.0,0
49_2,2018.0,0
49_2,2019.0,0
49_2,2020.0,0
4_1,2001.0,140
4_1,2002.0,339
4_1,2003.0,466
4_1,2004.0,377
4_1,2005.0,473
4_1,2006.0,497
4_1,2007.0,652
4_1,2008.0,744
4_1,2009.0,268
4_1,2010.0,5
4_1,2011.0,0
4_1,2012.0,0
4_1,2013.0,0
4_1,2014.0,0
4_1,2015.0,0
4_1,2016.0,0
4_1,2017.0,0
4_1,2018.0,0
4_1,2019.0,0
4_1,2020.0,0
4_10,2001.0,0
4_10,2002.0,2
4_10,2003.0,0
4_10,2004.0,0
4_10,2005.0,0
4_10,2006.0,0
4_10,2007.0,0
4_10,2008.0,0
4_10,2009.0,0
4_10,2010.0,1
4_10,2011.0,0
4_10,2012.0,1
4_10,2013.0,0
4_10,2014.0,0
4_10,2015.0,0
4_10,2016.0,159
4_10,2017.0,1849
4_10,2018.0,1427
4_10,2019.0,1392
4_10,2020.0,676
4_11,2001.0,0
4_11,2002.0,0
4_11,2003.0,0
4_11,2004.0,0
4_11,2005.0,0
4_11,2006.0,0
4_11,2007.0,0
4_11,2008.0,0
4_11,2009.0,0
4_11,2010.0,2084
4_11,2011.0,6026
4_11,2012.0,3721
4_11,2013.0,3242
4_11,2014.0,3206
4_11,2015.0,3019
4_11,2016.0,2763
4_11,2017.0,1486
4_11,2018.0,834
4_11,2019.0,564
4_11,2020.0,524
4_12,2001.0,0
4_12,2002.0,0
4_12,2003.0,0
4_12,2004.0,206
4_12,2005.0,427
4_12,2006.0,480
4_12,2007.0,800
4_12,2008.0,734
4_12,2009.0,174
4_12,2010.0,116
4_12,2011.0,12
4_12,2012.0,0
4_12,2013.0,0
4_12,2014.0,0
4_12,2015.0,0
4_12,2016.0,0
4_12,2017.0,0
4_12,2018.0,0
4_12,2019.0,0
4_12,2020.0,0
4_13,2001.0,143
4_13,2002.0,118
4_13,2003.0,73
4_13,2004.0,50
4_13,2005.0,25
4_13,2006.0,1
4_13,2007.0,0
4_13,2008.0,0
4_13,2009.0,0
4_13,2010.0,0
4_13,2011.0,0
4_13,2012.0,0
4_13,2013.0,0
4_13,2014.0,0
4_13,2015.0,0
4_13,2016.0,0
4_13,2017.0,0
4_13,2018.0,0
4_13,2019.0,0
4_13,2020.0,0
4_14,2001.0,0
4_14,2002.0,0
4_14,2003.0,0
4_14,2004.0,0
4_14,2005.0,0
4_14,2006.0,0
4_14,2007.0,0
4_14,2008.0,19
4_14,2009.0,4797
4_14,2010.0,3977
4_14,2011.0,3188
4_14,2012.0,2521
4_14,2013.0,1801
4_14,2014.0,1734
4_14,2015.0,1592
4_14,2016.0,1444
4_14,2017.0,706
4_14,2018.0,378
4_14,2019.0,36
4_14,2020.0,0
4_15,2001.0,184
4_15,2002.0,69
4_15,2003.0,62
4_15,2004.0,53
4_15,2005.0,47
4_15,2006.0,9
4_15,2007.0,497
4_15,2008.0,518
4_15,2009.0,114
4_15,2010.0,103
4_15,2011.0,19
4_15,2012.0,0
4_15,2013.0,1
4_15,2014.0,0
4_15,2015.0,0
4_15,2016.0,0
4_15,2017.0,0
4_15,2018.0,0
4_15,2019.0,0
4_15,2020.0,0
4_16,2001.0,0
4_16,2002.0,0
4_16,2003.0,0
4_16,2004.0,0
4_16,2005.0,0
4_16,2006.0,0
4_16,2007.0,0
4_16,2008.0,0
4_16,2009.0,0
4_16,2010.0,0
4_16,2011.0,0
4_16,2012.0,0
4_16,2013.0,0
4_16,2014.0,0
4_16,2015.0,0
4_16,2016.0,0
4_16,2017.0,203
4_16,2018.0,1023
4_16,2019.0,1159
4_16,2020.0,679
4_2,2001.0,215
4_2,2002.0,286
4_2,2003.0,373
4_2,2004.0,383
4_2,2005.0,312
4_2,2006.0,21
4_2,2007.0,31
4_2,2008.0,6
4_2,2009.0,0
4_2,2010.0,0
4_2,2011.0,0
4_2,2012.0,0
4_2,2013.0,0
4_2,2014.0,0
4_2,2015.0,0
4_2,2016.0,0
4_2,2017.0,0
4_2,2018.0,0
4_2,2019.0,0
4_2,2020.0,0
4_4,2001.0,0
4_4,2002.0,0
4_4,2003.0,0
4_4,2004.0,0
4_4,2005.0,1
4_4,2006.0,564
4_4,2007.0,1407
4_4,2008.0,1218
4_4,2009.0,1104
4_4,2010.0,813
4_4,2011.0,517
4_4,2012.0,95
4_4,2013.0,0
4_4,2014.0,1
4_4,2015.0,0
4_4,2016.0,0
4_4,2017.0,0
4_4,2018.0,0
4_4,2019.0,3
4_4,2020.0,0
4_6,2001.0,35
4_6,2002.0,29
4_6,2003.0,28
4_6,2004.0,42
4_6,2005.0,53
4_6,2006.0,0
4_6,2007.0,2
4_6,2008.0,3
4_6,2009.0,0
4_6,2010.0,0
4_6,2011.0,0
4_6,2012.0,0
4_6,2013.0,0
4_6,2014.0,0
4_6,2015.0,0
4_6,2016.0,0
4_6,2017.0,0
4_6,2018.0,0
4_6,2019.0,0
4_6,2020.0,0
4_7,2001.0,0
4_7,2002.0,0
4_7,2003.0,0
4_7,2004.0,0
4_7,2005.0,0
4_7,2006.0,0
4_7,2007.0,0
4_7,2008.0,0
4_7,2009.0,0
4_7,2010.0,0
4_7,2011.0,0
4_7,2012.0,0
4_7,2013.0,0
4_7,2014.0,84
4_7,2015.0,68
4_7,2016.0,116
4_7,2017.0,106
4_7,2018.0,13
4_7,2019.0,2
4_7,2020.0,0
4_8,2001.0,0
4_8,2002.0,0
4_8,2003.0,0
4_8,2004.0,0
4_8,2005.0,0
4_8,2006.0,0
4_8,2007.0,0
4_8,2008.0,4
4_8,2009.0,7
4_8,2010.0,0
4_8,2011.0,0
4_8,2012.0,0
4_8,2013.0,0
4_8,2014.0,0
4_8,2015.0,0
4_8,2016.0,0
4_8,2017.0,0
4_8,2018.0,0
4_8,2019.0,0
4_8,2020.0,0
4_9,2001.0,0
4_9,2002.0,0
4_9,2003.0,0
4_9,2004.0,0
4_9,2005.0,0
4_9,2006.0,503
4_9,2007.0,483
4_9,2008.0,548
4_9,2009.0,445
4_9,2010.0,103
4_9,2011.0,25
4_9,2012.0,0
4_9,2013.0,0
4_9,2014.0,0
4_9,2015.0,0
4_9,2016.0,0
4_9,2017.0,0
4_9,2018.0,0
4_9,2019.0,0
4_9,2020.0,0
51_3,2001.0,220
51_3,2002.0,339
51_3,2003.0,227
51_3,2004.0,195
51_3,2005.0,214
51_3,2006.0,185
51_3,2007.0,170
51_3,2008.0,159
51_3,2009.0,85
51_3,2010.0,101
51_3,2011.0,59
51_3,2012.0,37
51_3,2013.0,44
51_3,2014.0,74
51_3,2015.0,95
51_3,2016.0,81
51_3,2017.0,75
51_3,2018.0,60
51_3,2019.0,78
51_3,2020.0,70
51_5,2001.0,3
51_5,2002.0,6
51_5,2003.0,5
51_5,2004.0,0
51_5,2005.0,0
51_5,2006.0,0
51_5,2007.0,0
51_5,2008.0,0
51_5,2009.0,0
51_5,2010.0,0
51_5,2011.0,0
51_5,2012.0,0
51_5,2013.0,0
51_5,2014.0,0
51_5,2015.0,0
51_5,2016.0,0
51_5,2017.0,0
51_5,2018.0,0
51_5,2019.0,0
51_5,2020.0,0
51_6,2001.0,0
51_6,2002.0,0
51_6,2003.0,0
51_6,2004.0,0
51_6,2005.0,0
51_6,2006.0,0
51_6,2007.0,0
51_6,2008.0,0
51_6,2009.0,59
51_6,2010.0,130
51_6,2011.0,89
51_6,2012.0,36
51_6,2013.0,41
51_6,2014.0,44
51_6,2015.0,56
51_6,2016.0,71
51_6,2017.0,32
51_6,2018.0,53
51_6,2019.0,44
51_6,2020.0,23
51_7,2001.0,21
51_7,2002.0,0
51_7,2003.0,0
51_7,2004.0,29
51_7,2005.0,60
51_7,2006.0,79
51_7,2007.0,74
51_7,2008.0,68
51_7,2009.0,28
51_7,2010.0,51
51_7,2011.0,8
51_7,2012.0,1
51_7,2013.0,51
51_7,2014.0,71
51_7,2015.0,69
51_7,2016.0,75
51_7,2017.0,74
51_7,2018.0,75
51_7,2019.0,72
51_7,2020.0,73
53_1,2001.0,0
53_1,2002.0,0
53_1,2003.0,0
53_1,2004.0,0
53_1,2005.0,0
53_1,2006.0,0
53_1,2007.0,0
53_1,2008.0,0
53_1,2009.0,0
53_1,2010.0,0
53_1,2011.0,0
53_1,2012.0,0
53_1,2013.0,0
53_1,2014.0,0
53_1,2015.0,0
53_1,2016.0,561
53_1,2017.0,923
53_1,2018.0,932
53_1,2019.0,351
53_1,2020.0,0
53_10,2001.0,0
53_10,2002.0,0
53_10,2003.0,0
53_10,2004.0,0
53_10,2005.0,0
53_10,2006.0,0
53_10,2007.0,0
53_10,2008.0,0
53_10,2009.0,0
53_10,2010.0,0
53_10,2011.0,0
53_10,2012.0,0
53_10,2013.0,0
53_10,2014.0,0
53_10,2015.0,0
53_10,2016.0,0
53_10,2017.0,353
53_10,2018.0,5149
53_10,2019.0,7252
53_10,2020.0,3923
53_2,2001.0,0
53_2,2002.0,0
53_2,2003.0,0
53_2,2004.0,0
53_2,2005.0,0
53_2,2006.0,0
53_2,2007.0,0
53_2,2008.0,0
53_2,2009.0,0
53_2,2010.0,0
53_2,2011.0,0
53_2,2012.0,0
53_2,2013.0,192
53_2,2014.0,1628
53_2,2015.0,2400
53_2,2016.0,3059
53_2,2017.0,2853
53_2,2018.0,2566
53_2,2019.0,3260
53_2,2020.0,2236
53_3,2001.0,0
53_3,2002.0,0
53_3,2003.0,1
53_3,2004.0,0
53_3,2005.0,0
53_3,2006.0,0
53_3,2007.0,0
53_3,2008.0,0
53_3,2009.0,0
53_3,2010.0,0
53_3,2011.0,240
53_3,2012.0,624
53_3,2013.0,247
53_3,2014.0,476
53_3,2015.0,475
53_3,2016.0,348
53_3,2017.0,0
53_3,2018.0,0
53_3,2019.0,0
53_3,2020.0,0
53_4,2001.0,1567
53_4,2002.0,112
53_4,2003.0,3
53_4,2004.0,2
53_4,2005.0,2
53_4,2006.0,0
53_4,2007.0,0
53_4,2008.0,0
53_4,2009.0,0
53_4,2010.0,0
53_4,2011.0,0
53_4,2012.0,0
53_4,2013.0,0
53_4,2014.0,0
53_4,2015.0,0
53_4,2016.0,0
53_4,2017.0,0
53_4,2018.0,0
53_4,2019.0,0
53_4,2020.0,0
53_5,2001.0,1
53_5,2002.0,1744
53_5,2003.0,2675
53_5,2004.0,2552
53_5,2005.0,1190
53_5,2006.0,272
53_5,2007.0,41
53_5,2008.0,88
53_5,2009.0,256
53_5,2010.0,178
53_5,2011.0,68
53_5,2012.0,9
53_5,2013.0,2
53_5,2014.0,1
53_5,2015.0,0
53_5,2016.0,0
53_5,2017.0,0
53_5,2018.0,0
53_5,2019.0,0
53_5,2020.0,0
53_6,2001.0,106
53_6,2002.0,449
53_6,2003.0,858
53_6,2004.0,1191
53_6,2005.0,761
53_6,2006.0,105
53_6,2007.0,4
53_6,2008.0,2
53_6,2009.0,0
53_6,2010.0,0
53_6,2011.0,0
53_6,2012.0,0
53_6,2013.0,0
53_6,2014.0,0
53_6,2015.0,0
53_6,2016.0,0
53_6,2017.0,0
53_6,2018.0,0
53_6,2019.0,0
53_6,2020.0,0
53_7,2001.0,118
53_7,2002.0,366
53_7,2003.0,455
53_7,2004.0,623
53_7,2005.0,388
53_7,2006.0,78
53_7,2007.0,0
53_7,2008.0,1
53_7,2009.0,0
53_7,2010.0,0
53_7,2011.0,0
53_7,2012.0,0
53_7,2013.0,0
53_7,2014.0,0
53_7,2015.0,0
53_7,2016.0,0
53_7,2017.0,0
53_7,2018.0,0
53_7,2019.0,1075
53_7,2020.0,8158
53_8,2001.0,129
53_8,2002.0,424
53_8,2003.0,904
53_8,2004.0,1211
53_8,2005.0,715
53_8,2006.0,190
53_8,2007.0,26
53_8,2008.0,5
53_8,2009.0,0
53_8,2010.0,0
53_8,2011.0,0
53_8,2012.0,0
53_8,2013.0,0
53_8,2014.0,0
53_8,2015.0,0
53_8,2016.0,0
53_8,2017.0,0
53_8,2018.0,0
53_8,2019.0,0
53_8,2020.0,0
54_1,2001.0,0
54_1,2002.0,0
54_1,2003.0,0
54_1,2004.0,0
54_1,2005.0,0
54_1,2006.0,0
54_1,2007.0,1475
54_1,2008.0,4993
54_1,2009.0,2891
54_1,2010.0,2720
54_1,2011.0,2103
54_1,2012.0,1696
54_1,2013.0,1415
54_1,2014.0,742
54_1,2015.0,1240
54_1,2016.0,8451
54_1,2017.0,7302
54_1,2018.0,6930
54_1,2019.0,5746
54_1,2020.0,3432
54_4,2001.0,0
54_4,2002.0,0
54_4,2003.0,0
54_4,2004.0,0
54_4,2005.0,0
54_4,2006.0,0
54_4,2007.0,0
54_4,2008.0,0
54_4,2009.0,0
54_4,2010.0,1393
54_4,2011.0,8760
54_4,2012.0,10168
54_4,2013.0,10867
54_4,2014.0,10813
54_4,2015.0,8206
54_4,2016.0,7969
54_4,2017.0,10329
54_4,2018.0,13653
54_4,2019.0,16288
54_4,2020.0,9758
54_6,2001.0,4342
54_6,2002.0,15907
54_6,2003.0,22005
54_6,2004.0,27603
54_6,2005.0,31047
54_6,2006.0,27976
54_6,2007.0,33635
54_6,2008.0,27232
54_6,2009.0,30503
54_6,2010.0,33488
54_6,2011.0,32718
54_6,2012.0,32955
54_6,2013.0,29647
54_6,2014.0,31705
54_6,2015.0,44931
54_6,2016.0,44718
54_6,2017.0,41638
54_6,2018.0,40585
54_6,2019.0,38030
54_6,2020.0,27972
54_7,2001.0,0
54_7,2002.0,0
54_7,2003.0,0
54_7,2004.0,0
54_7,2005.0,0
54_7,2006.0,0
54_7,2007.0,0
54_7,2008.0,0
54_7,2009.0,0
54_7,2010.0,0
54_7,2011.0,0
54_7,2012.0,0
54_7,2013.0,2608
54_7,2014.0,3663
54_7,2015.0,1981
54_7,2016.0,1279
54_7,2017.0,118
54_7,2018.0,0
54_7,2019.0,0
54_7,2020.0,0
54_8,2001.0,0
54_8,2002.0,0
54_8,2003.0,0
54_8,2004.0,0
54_8,2005.0,0
54_8,2006.0,0
54_8,2007.0,0
54_8,2008.0,0
54_8,2009.0,0
54_8,2010.0,0
54_8,2011.0,0
54_8,2012.0,1252
54_8,2013.0,2118
54_8,2014.0,1103
54_8,2015.0,945
54_8,2016.0,1
54_8,2017.0,0
54_8,2018.0,0
54_8,2019.0,0
54_8,2020.0,0
54_9,2001.0,0
54_9,2002.0,0
54_9,2003.0,0
54_9,2004.0,0
54_9,2005.0,54
54_9,2006.0,340
54_9,2007.0,33
54_9,2008.0,426
54_9,2009.0,472
54_9,2010.0,574
54_9,2011.0,674
54_9,2012.0,880
54_9,2013.0,1430
54_9,2014.0,844
54_9,2015.0,2007
54_9,2016.0,2192
54_9,2017.0,2535
54_9,2018.0,2622
54_9,2019.0,2595
54_9,2020.0,3083
55_1,2001.0,105
55_1,2002.0,22
55_1,2003.0,1
55_1,2004.0,0
55_1,2005.0,0
55_1,2006.0,0
55_1,2007.0,0
55_1,2008.0,0
55_1,2009.0,0
55_1,2010.0,0
55_1,2011.0,0
55_1,2012.0,0
55_1,2013.0,0
55_1,2014.0,0
55_1,2015.0,0
55_1,2016.0,0
55_1,2017.0,0
55_1,2018.0,0
55_1,2019.0,0
55_1,2020.0,0
55_10,2001.0,1
55_10,2002.0,0
55_10,2003.0,0
55_10,2004.0,47
55_10,2005.0,85
55_10,2006.0,97
55_10,2007.0,159
55_10,2008.0,117
55_10,2009.0,95
55_10,2010.0,47
55_10,2011.0,33
55_10,2012.0,8
55_10,2013.0,23
55_10,2014.0,127
55_10,2015.0,158
55_10,2016.0,121
55_10,2017.0,70
55_10,2018.0,66
55_10,2019.0,39
55_10,2020.0,9
55_11,2001.0,4
55_11,2002.0,61
55_11,2003.0,35
55_11,2004.0,22
55_11,2005.0,17
55_11,2006.0,3
55_11,2007.0,1
55_11,2008.0,0
55_11,2009.0,0
55_11,2010.0,0
55_11,2011.0,0
55_11,2012.0,0
55_11,2013.0,0
55_11,2014.0,0
55_11,2015.0,0
55_11,2016.0,0
55_11,2017.0,0
55_11,2018.0,0
55_11,2019.0,0
55_11,2020.0,0
55_4,2001.0,0
55_4,2002.0,50
55_4,2003.0,106
55_4,2004.0,141
55_4,2005.0,111
55_4,2006.0,43
55_4,2007.0,8
55_4,2008.0,2
55_4,2009.0,0
55_4,2010.0,0
55_4,2011.0,0
55_4,2012.0,0
55_4,2013.0,0
55_4,2014.0,0
55_4,2015.0,0
55_4,2016.0,0
55_4,2017.0,0
55_4,2018.0,0
55_4,2019.0,0
55_4,2020.0,0
55_5,2001.0,0
55_5,2002.0,0
55_5,2003.0,0
55_5,2004.0,0
55_5,2005.0,0
55_5,2006.0,0
55_5,2007.0,0
55_5,2008.0,0
55_5,2009.0,0
55_5,2010.0,0
55_5,2011.0,0
55_5,2012.0,0
55_5,2013.0,2
55_5,2014.0,650
55_5,2015.0,777
55_5,2016.0,792
55_5,2017.0,466
55_5,2018.0,346
55_5,2019.0,222
55_5,2020.0,101
55_6,2001.0,0
55_6,2002.0,0
55_6,2003.0,0
55_6,2004.0,0
55_6,2005.0,0
55_6,2006.0,0
55_6,2007.0,0
55_6,2008.0,0
55_6,2009.0,0
55_6,2010.0,107
55_6,2011.0,88
55_6,2012.0,70
55_6,2013.0,72
55_6,2014.0,39
55_6,2015.0,52
55_6,2016.0,52
55_6,2017.0,31
55_6,2018.0,39
55_6,2019.0,23
55_6,2020.0,14
55_7,2001.0,0
55_7,2002.0,0
55_7,2003.0,0
55_7,2004.0,0
55_7,2005.0,0
55_7,2006.0,26
55_7,2007.0,55
55_7,2008.0,3
55_7,2009.0,1
55_7,2010.0,0
55_7,2011.0,0
55_7,2012.0,0
55_7,2013.0,0
55_7,2014.0,0
55_7,2015.0,0
55_7,2016.0,0
55_7,2017.0,0
55_7,2018.0,0
55_7,2019.0,0
55_7,2020.0,0
55_8,2001.0,0
55_8,2002.0,0
55_8,2003.0,0
55_8,2004.0,0
55_8,2005.0,0
55_8,2006.0,0
55_8,2007.0,137
55_8,2008.0,318
55_8,2009.0,187
55_8,2010.0,157
55_8,2011.0,149
55_8,2012.0,142
55_8,2013.0,144
55_8,2014.0,108
55_8,2015.0,104
55_8,2016.0,90
55_8,2017.0,57
55_8,2018.0,92
55_8,2019.0,70
55_8,2020.0,20
55_9,2001.0,0
55_9,2002.0,0
55_9,2003.0,0
55_9,2004.0,0
55_9,2005.0,0
55_9,2006.0,0
55_9,2007.0,0
55_9,2008.0,0
55_9,2009.0,0
55_9,2010.0,0
55_9,2011.0,0
55_9,2012.0,0
55_9,2013.0,0
55_9,2014.0,0
55_9,2015.0,0
55_9,2016.0,95
55_9,2017.0,629
55_9,2018.0,599
55_9,2019.0,512
55_9,2020.0,408
56_1,2001.0,0
56_1,2002.0,0
56_1,2003.0,4
56_1,2004.0,1
56_1,2005.0,4
56_1,2006.0,1
56_1,2007.0,5
56_1,2008.0,0
56_1,2009.0,1
56_1,2010.0,0
56_1,2011.0,1
56_1,2012.0,0
56_1,2013.0,0
56_1,2014.0,0
56_1,2015.0,0
56_1,2016.0,0
56_1,2017.0,0
56_1,2018.0,0
56_1,2019.0,0
56_1,2020.0,0
56_2,2001.0,0
56_2,2002.0,0
56_2,2003.0,2
56_2,2004.0,7
56_2,2005.0,5
56_2,2006.0,4
56_2,2007.0,2
56_2,2008.0,0
56_2,2009.0,0
56_2,2010.0,2
56_2,2011.0,1
56_2,2012.0,1
56_2,2013.0,0
56_2,2014.0,0
56_2,2015.0,0
56_2,2016.0,0
56_2,2017.0,0
56_2,2018.0,0
56_2,2019.0,0
56_2,2020.0,0
57_1,2001.0,357
57_1,2002.0,515
57_1,2003.0,574
57_1,2004.0,7
57_1,2005.0,0
57_1,2006.0,0
57_1,2007.0,0
57_1,2008.0,0
57_1,2009.0,0
57_1,2010.0,0
57_1,2011.0,1
57_1,2012.0,0
57_1,2013.0,0
57_1,2014.0,0
57_1,2015.0,0
57_1,2016.0,0
57_1,2017.0,0
57_1,2018.0,2
57_1,2019.0,0
57_1,2020.0,0
57_10,2001.0,0
57_10,2002.0,0
57_10,2003.0,802
57_10,2004.0,1761
57_10,2005.0,2032
57_10,2006.0,2203
57_10,2007.0,3795
57_10,2008.0,9958
57_10,2009.0,14206
57_10,2010.0,13546
57_10,2011.0,11110
57_10,2012.0,9205
57_10,2013.0,8764
57_10,2014.0,8556
57_10,2015.0,10018
57_10,2016.0,10122
57_10,2017.0,7537
57_10,2018.0,7936
57_10,2019.0,8360
57_10,2020.0,4091
57_11,2001.0,0
57_11,2002.0,0
57_11,2003.0,29
57_11,2004.0,2112
57_11,2005.0,5927
57_11,2006.0,7285
57_11,2007.0,8119
57_11,2008.0,8545
57_11,2009.0,9399
57_11,2010.0,9590
57_11,2011.0,6010
57_11,2012.0,5337
57_11,2013.0,5315
57_11,2014.0,8663
57_11,2015.0,11950
57_11,2016.0,10650
57_11,2017.0,8013
57_11,2018.0,6899
57_11,2019.0,4276
57_11,2020.0,4232
57_12,2001.0,0
57_12,2002.0,0
57_12,2003.0,0
57_12,2004.0,0
57_12,2005.0,521
57_12,2006.0,1864
57_12,2007.0,3465
57_12,2008.0,3502
57_12,2009.0,2022
57_12,2010.0,1791
57_12,2011.0,932
57_12,2012.0,811
57_12,2013.0,786
57_12,2014.0,628
57_12,2015.0,721
57_12,2016.0,14
57_12,2017.0,0
57_12,2018.0,0
57_12,2019.0,0
57_12,2020.0,0
57_13,2001.0,0
57_13,2002.0,246
57_13,2003.0,657
57_13,2004.0,1211
57_13,2005.0,2336
57_13,2006.0,3344
57_13,2007.0,5393
57_13,2008.0,6599
57_13,2009.0,6727
57_13,2010.0,7544
57_13,2011.0,5439
57_13,2012.0,3563
57_13,2013.0,4891
57_13,2014.0,6919
57_13,2015.0,7152
57_13,2016.0,7113
57_13,2017.0,4645
57_13,2018.0,3234
57_13,2019.0,4376
57_13,2020.0,1025
57_14,2001.0,5
57_14,2002.0,15
57_14,2003.0,24
57_14,2004.0,24
57_14,2005.0,7
57_14,2006.0,3
57_14,2007.0,5
57_14,2008.0,3
57_14,2009.0,1
57_14,2010.0,0
57_14,2011.0,0
57_14,2012.0,0
57_14,2013.0,0
57_14,2014.0,0
57_14,2015.0,0
57_14,2016.0,0
57_14,2017.0,0
57_14,2018.0,0
57_14,2019.0,0
57_14,2020.0,0
57_15,2001.0,1812
57_15,2002.0,3173
57_15,2003.0,4260
57_15,2004.0,3329
57_15,2005.0,3306
57_15,2006.0,6251
57_15,2007.0,7313
57_15,2008.0,5179
57_15,2009.0,4059
57_15,2010.0,4548
57_15,2011.0,3299
57_15,2012.0,3034
57_15,2013.0,3011
57_15,2014.0,2752
57_15,2015.0,2864
57_15,2016.0,3972
57_15,2017.0,4408
57_15,2018.0,4060
57_15,2019.0,3988
57_15,2020.0,1057
57_17,2001.0,144
57_17,2002.0,84
57_17,2003.0,100
57_17,2004.0,151
57_17,2005.0,2
57_17,2006.0,1
57_17,2007.0,0
57_17,2008.0,0
57_17,2009.0,0
57_17,2010.0,0
57_17,2011.0,0
57_17,2012.0,1
57_17,2013.0,0
57_17,2014.0,1
57_17,2015.0,0
57_17,2016.0,0
57_17,2017.0,0
57_17,2018.0,0
57_17,2019.0,0
57_17,2020.0,0
57_18,2001.0,0
57_18,2002.0,0
57_18,2003.0,139
57_18,2004.0,775
57_18,2005.0,632
57_18,2006.0,847
57_18,2007.0,779
57_18,2008.0,473
57_18,2009.0,313
57_18,2010.0,100
57_18,2011.0,25
57_18,2012.0,0
57_18,2013.0,0
57_18,2014.0,0
57_18,2015.0,0
57_18,2016.0,0
57_18,2017.0,0
57_18,2018.0,0
57_18,2019.0,0
57_18,2020.0,0
57_19,2001.0,31
57_19,2002.0,82
57_19,2003.0,110
57_19,2004.0,97
57_19,2005.0,2
57_19,2006.0,1
57_19,2007.0,0
57_19,2008.0,0
57_19,2009.0,0
57_19,2010.0,0
57_19,2011.0,0
57_19,2012.0,0
57_19,2013.0,0
57_19,2014.0,0
57_19,2015.0,0
57_19,2016.0,0
57_19,2017.0,0
57_19,2018.0,0
57_19,2019.0,0
57_19,2020.0,0
57_2,2001.0,150
57_2,2002.0,119
57_2,2003.0,1
57_2,2004.0,0
57_2,2005.0,0
57_2,2006.0,0
57_2,2007.0,0
57_2,2008.0,0
57_2,2009.0,0
57_2,2010.0,0
57_2,2011.0,0
57_2,2012.0,0
57_2,2013.0,0
57_2,2014.0,0
57_2,2015.0,0
57_2,2016.0,0
57_2,2017.0,0
57_2,2018.0,0
57_2,2019.0,0
57_2,2020.0,0
57_3,2001.0,0
57_3,2002.0,2
57_3,2003.0,0
57_3,2004.0,0
57_3,2005.0,0
57_3,2006.0,0
57_3,2007.0,0
57_3,2008.0,0
57_3,2009.0,0
57_3,2010.0,0
57_3,2011.0,0
57_3,2012.0,0
57_3,2013.0,0
57_3,2014.0,0
57_3,2015.0,0
57_3,2016.0,0
57_3,2017.0,0
57_3,2018.0,0
57_3,2019.0,0
57_3,2020.0,0
57_6,2001.0,0
57_6,2002.0,0
57_6,2003.0,0
57_6,2004.0,0
57_6,2005.0,0
57_6,2006.0,0
57_6,2007.0,0
57_6,2008.0,0
57_6,2009.0,0
57_6,2010.0,0
57_6,2011.0,0
57_6,2012.0,0
57_6,2013.0,0
57_6,2014.0,0
57_6,2015.0,2365
57_6,2016.0,4854
57_6,2017.0,4732
57_6,2018.0,9522
57_6,2019.0,16161
57_6,2020.0,2721
57_7,2001.0,0
57_7,2002.0,0
57_7,2003.0,0
57_7,2004.0,0
57_7,2005.0,0
57_7,2006.0,0
57_7,2007.0,0
57_7,2008.0,0
57_7,2009.0,0
57_7,2010.0,0
57_7,2011.0,0
57_7,2012.0,1651
57_7,2013.0,5514
57_7,2014.0,7121
57_7,2015.0,7249
57_7,2016.0,7169
57_7,2017.0,6961
57_7,2018.0,5924
57_7,2019.0,1411
57_7,2020.0,2938
57_8,2001.0,0
57_8,2002.0,0
57_8,2003.0,0
57_8,2004.0,0
57_8,2005.0,0
57_8,2006.0,0
57_8,2007.0,211
57_8,2008.0,306
57_8,2009.0,317
57_8,2010.0,674
57_8,2011.0,538
57_8,2012.0,178
57_8,2013.0,3
57_8,2014.0,0
57_8,2015.0,0
57_8,2016.0,0
57_8,2017.0,0
57_8,2018.0,0
57_8,2019.0,0
57_8,2020.0,0
57_9,2001.0,250
57_9,2002.0,312
57_9,2003.0,137
57_9,2004.0,1
57_9,2005.0,1
57_9,2006.0,0
57_9,2007.0,3
57_9,2008.0,16
57_9,2009.0,12
57_9,2010.0,11
57_9,2011.0,2
57_9,2012.0,2
57_9,2013.0,1
57_9,2014.0,1
57_9,2015.0,0
57_9,2016.0,0
57_9,2017.0,0
57_9,2018.0,0
57_9,2019.0,0
57_9,2020.0,0
58_2,2001.0,0
58_2,2002.0,0
58_2,2003.0,0
58_2,2004.0,0
58_2,2005.0,0
58_2,2006.0,0
58_2,2007.0,0
58_2,2008.0,0
58_2,2009.0,0
58_2,2010.0,0
58_2,2011.0,0
58_2,2012.0,0
58_2,2013.0,0
58_2,2014.0,0
58_2,2015.0,2
58_2,2016.0,17
58_2,2017.0,43
58_2,2018.0,9
58_2,2019.0,7
58_2,2020.0,1
58_3,2001.0,0
58_3,2002.0,0
58_3,2003.0,0
58_3,2004.0,0
58_3,2005.0,0
58_3,2006.0,0
58_3,2007.0,0
58_3,2008.0,0
58_3,2009.0,0
58_3,2010.0,0
58_3,2011.0,0
58_3,2012.0,0
58_3,2013.0,0
58_3,2014.0,0
58_3,2015.0,0
58_3,2016.0,7
58_3,2017.0,84
58_3,2018.0,51
58_3,2019.0,52
58_3,2020.0,6
58_4,2001.0,0
58_4,2002.0,0
58_4,2003.0,0
58_4,2004.0,0
58_4,2005.0,0
58_4,2006.0,0
58_4,2007.0,0
58_4,2008.0,0
58_4,2009.0,0
58_4,2010.0,0
58_4,2011.0,0
58_4,2012.0,0
58_4,2013.0,0
58_4,2014.0,0
58_4,2015.0,5
58_4,2016.0,85
58_4,2017.0,149
58_4,2018.0,195
58_4,2019.0,120
58_4,2020.0,21
58_5,2001.0,0
58_5,2002.0,0
58_5,2003.0,0
58_5,2004.0,0
58_5,2005.0,0
58_5,2006.0,0
58_5,2007.0,0
58_5,2008.0,0
58_5,2009.0,0
58_5,2010.0,0
58_5,2011.0,0
58_5,2012.0,0
58_5,2013.0,0
58_5,2014.0,2
58_5,2015.0,10
58_5,2016.0,28
58_5,2017.0,0
58_5,2018.0,0
58_5,2019.0,1
58_5,2020.0,0
58_6,2001.0,0
58_6,2002.0,0
58_6,2003.0,0
58_6,2004.0,0
58_6,2005.0,0
58_6,2006.0,0
58_6,2007.0,0
58_6,2008.0,0
58_6,2009.0,0
58_6,2010.0,0
58_6,2011.0,0
58_6,2012.0,0
58_6,2013.0,0
58_6,2014.0,0
58_6,2015.0,13
58_6,2016.0,40
58_6,2017.0,12
58_6,2018.0,0
58_6,2019.0,0
58_6,2020.0,0
58_7,2001.0,0
58_7,2002.0,0
58_7,2003.0,0
58_7,2004.0,0
58_7,2005.0,0
58_7,2006.0,0
58_7,2007.0,0
58_7,2008.0,0
58_7,2009.0,0
58_7,2010.0,0
58_7,2011.0,0
58_7,2012.0,0
58_7,2013.0,0
58_7,2014.0,0
58_7,2015.0,0
58_7,2016.0,0
58_7,2017.0,92
58_7,2018.0,194
58_7,2019.0,145
58_7,2020.0,80
58_8,2001.0,0
58_8,2002.0,0
58_8,2003.0,0
58_8,2004.0,0
58_8,2005.0,0
58_8,2006.0,0
58_8,2007.0,0
58_8,2008.0,0
58_8,2009.0,0
58_8,2010.0,0
58_8,2011.0,0
58_8,2012.0,0
58_8,2013.0,1
58_8,2014.0,0
58_8,2015.0,1
58_8,2016.0,0
58_8,2017.0,0
58_8,2018.0,0
58_8,2019.0,0
58_8,2020.0,0
58_9,2001.0,0
58_9,2002.0,0
58_9,2003.0,0
58_9,2004.0,0
58_9,2005.0,0
58_9,2006.0,0
58_9,2007.0,0
58_9,2008.0,0
58_9,2009.0,0
58_9,2010.0,0
58_9,2011.0,0
58_9,2012.0,0
58_9,2013.0,0
58_9,2014.0,0
58_9,2015.0,0
58_9,2016.0,0
58_9,2017.0,0
58_9,2018.0,15
58_9,2019.0,153
58_9,2020.0,116
59_1,2001.0,9
59_1,2002.0,37
59_1,2003.0,11
59_1,2004.0,65
59_1,2005.0,24
59_1,2006.0,10
59_1,2007.0,6
59_1,2008.0,8
59_1,2009.0,5
59_1,2010.0,5
59_1,2011.0,0
59_1,2012.0,6
59_1,2013.0,0
59_1,2014.0,2
59_1,2015.0,2
59_1,2016.0,0
59_1,2017.0,0
59_1,2018.0,1
59_1,2019.0,0
59_1,2020.0,0
59_11,2001.0,0
59_11,2002.0,0
59_11,2003.0,0
59_11,2004.0,0
59_11,2005.0,804
59_11,2006.0,3472
59_11,2007.0,3854
59_11,2008.0,4474
59_11,2009.0,5094
59_11,2010.0,5035
59_11,2011.0,3864
59_11,2012.0,5929
59_11,2013.0,7238
59_11,2014.0,8342
59_11,2015.0,5664
59_11,2016.0,5293
59_11,2017.0,5540
59_11,2018.0,3821
59_11,2019.0,3975
59_11,2020.0,2720
59_12,2001.0,3443
59_12,2002.0,6250
59_12,2003.0,10175
59_12,2004.0,12784
59_12,2005.0,15552
59_12,2006.0,15638
59_12,2007.0,17238
59_12,2008.0,17711
59_12,2009.0,16194
59_12,2010.0,17034
59_12,2011.0,23539
59_12,2012.0,30455
59_12,2013.0,31068
59_12,2014.0,33031
59_12,2015.0,40124
59_12,2016.0,37729
59_12,2017.0,39648
59_12,2018.0,28412
59_12,2019.0,21683
59_12,2020.0,9676
59_13,2001.0,0
59_13,2002.0,0
59_13,2003.0,0
59_13,2004.0,0
59_13,2005.0,0
59_13,2006.0,0
59_13,2007.0,0
59_13,2008.0,0
59_13,2009.0,0
59_13,2010.0,0
59_13,2011.0,0
59_13,2012.0,0
59_13,2013.0,0
59_13,2014.0,0
59_13,2015.0,5
59_13,2016.0,1
59_13,2017.0,4
59_13,2018.0,3
59_13,2019.0,6
59_13,2020.0,37
59_15,2001.0,208
59_15,2002.0,364
59_15,2003.0,304
59_15,2004.0,228
59_15,2005.0,172
59_15,2006.0,51
59_15,2007.0,478
59_15,2008.0,241
59_15,2009.0,223
59_15,2010.0,166
59_15,2011.0,110
59_15,2012.0,99
59_15,2013.0,109
59_15,2014.0,90
59_15,2015.0,0
59_15,2016.0,0
59_15,2017.0,0
59_15,2018.0,0
59_15,2019.0,0
59_15,2020.0,0
59_16,2001.0,0
59_16,2002.0,0
59_16,2003.0,0
59_16,2004.0,0
59_16,2005.0,0
59_16,2006.0,0
59_16,2007.0,0
59_16,2008.0,0
59_16,2009.0,0
59_16,2010.0,0
59_16,2011.0,0
59_16,2012.0,0
59_16,2013.0,1
59_16,2014.0,109
59_16,2015.0,3182
59_16,2016.0,7755
59_16,2017.0,8032
59_16,2018.0,8408
59_16,2019.0,8497
59_16,2020.0,7782
59_17,2001.0,0
59_17,2002.0,0
59_17,2003.0,0
59_17,2004.0,0
59_17,2005.0,0
59_17,2006.0,1
59_17,2007.0,0
59_17,2008.0,3242
59_17,2009.0,4625
59_17,2010.0,3341
59_17,2011.0,839
59_17,2012.0,1
59_17,2013.0,0
59_17,2014.0,1
59_17,2015.0,0
59_17,2016.0,0
59_17,2017.0,0
59_17,2018.0,0
59_17,2019.0,0
59_17,2020.0,0
59_18,2001.0,1936
59_18,2002.0,2371
59_18,2003.0,4088
59_18,2004.0,5118
59_18,2005.0,5294
59_18,2006.0,4044
59_18,2007.0,4300
59_18,2008.0,2868
59_18,2009.0,3050
59_18,2010.0,24
59_18,2011.0,1
59_18,2012.0,0
59_18,2013.0,0
59_18,2014.0,0
59_18,2015.0,0
59_18,2016.0,0
59_18,2017.0,0
59_18,2018.0,0
59_18,2019.0,0
59_18,2020.0,0
59_19,2001.0,1
59_19,2002.0,0
59_19,2003.0,0
59_19,2004.0,2
59_19,2005.0,1312
59_19,2006.0,2176
59_19,2007.0,2482
59_19,2008.0,1824
59_19,2009.0,1413
59_19,2010.0,1245
59_19,2011.0,1367
59_19,2012.0,1056
59_19,2013.0,862
59_19,2014.0,608
59_19,2015.0,2945
59_19,2016.0,2112
59_19,2017.0,1437
59_19,2018.0,988
59_19,2019.0,1021
59_19,2020.0,349
59_20,2001.0,1507
59_20,2002.0,1996
59_20,2003.0,5595
59_20,2004.0,7162
59_20,2005.0,6916
59_20,2006.0,5649
59_20,2007.0,7593
59_20,2008.0,5754
59_20,2009.0,8591
59_20,2010.0,13652
59_20,2011.0,15448
59_20,2012.0,16076
59_20,2013.0,20415
59_20,2014.0,21475
59_20,2015.0,21722
59_20,2016.0,20580
59_20,2017.0,20884
59_20,2018.0,20137
59_20,2019.0,18372
59_20,2020.0,9725
59_21,2001.0,9
59_21,2002.0,4
59_21,2003.0,3
59_21,2004.0,3
59_21,2005.0,3
59_21,2006.0,3
59_21,2007.0,4
59_21,2008.0,5
59_21,2009.0,5
59_21,2010.0,13
59_21,2011.0,64
59_21,2012.0,74
59_21,2013.0,610
59_21,2014.0,655
59_21,2015.0,172
59_21,2016.0,80
59_21,2017.0,96
59_21,2018.0,62
59_21,2019.0,139
59_21,2020.0,167
59_22,2001.0,0
59_22,2002.0,0
59_22,2003.0,0
59_22,2004.0,0
59_22,2005.0,0
59_22,2006.0,168
59_22,2007.0,649
59_22,2008.0,344
59_22,2009.0,211
59_22,2010.0,215
59_22,2011.0,305
59_22,2012.0,116
59_22,2013.0,0
59_22,2014.0,2
59_22,2015.0,560
59_22,2016.0,214
59_22,2017.0,3
59_22,2018.0,0
59_22,2019.0,1
59_22,2020.0,1
59_23,2001.0,0
59_23,2002.0,0
59_23,2003.0,0
59_23,2004.0,0
59_23,2005.0,0
59_23,2006.0,0
59_23,2007.0,0
59_23,2008.0,0
59_23,2009.0,0
59_23,2010.0,0
59_23,2011.0,0
59_23,2012.0,0
59_23,2013.0,0
59_23,2014.0,3401
59_23,2015.0,8715
59_23,2016.0,10312
59_23,2017.0,12308
59_23,2018.0,16435
59_23,2019.0,17092
59_23,2020.0,9386
59_24,2001.0,0
59_24,2002.0,0
59_24,2003.0,0
59_24,2004.0,0
59_24,2005.0,0
59_24,2006.0,0
59_24,2007.0,0
59_24,2008.0,0
59_24,2009.0,0
59_24,2010.0,0
59_24,2011.0,0
59_24,2012.0,0
59_24,2013.0,0
59_24,2014.0,0
59_24,2015.0,1390
59_24,2016.0,9509
59_24,2017.0,12766
59_24,2018.0,19632
59_24,2019.0,17627
59_24,2020.0,11711
59_25,2001.0,0
59_25,2002.0,0
59_25,2003.0,0
59_25,2004.0,0
59_25,2005.0,0
59_25,2006.0,0
59_25,2007.0,0
59_25,2008.0,0
59_25,2009.0,0
59_25,2010.0,0
59_25,2011.0,0
59_25,2012.0,0
59_25,2013.0,0
59_25,2014.0,0
59_25,2015.0,1222
59_25,2016.0,5366
59_25,2017.0,4168
59_25,2018.0,5810
59_25,2019.0,3527
59_25,2020.0,5327
59_26,2001.0,0
59_26,2002.0,0
59_26,2003.0,0
59_26,2004.0,0
59_26,2005.0,0
59_26,2006.0,0
59_26,2007.0,0
59_26,2008.0,0
59_26,2009.0,0
59_26,2010.0,0
59_26,2011.0,0
59_26,2012.0,0
59_26,2013.0,0
59_26,2014.0,0
59_26,2015.0,0
59_26,2016.0,426
59_26,2017.0,679
59_26,2018.0,624
59_26,2019.0,395
59_26,2020.0,433
59_27,2001.0,1145
59_27,2002.0,1952
59_27,2003.0,2074
59_27,2004.0,2662
59_27,2005.0,1786
59_27,2006.0,3027
59_27,2007.0,3319
59_27,2008.0,3146
59_27,2009.0,2542
59_27,2010.0,3184
59_27,2011.0,2996
59_27,2012.0,2721
59_27,2013.0,4407
59_27,2014.0,3980
59_27,2015.0,3173
59_27,2016.0,7
59_27,2017.0,0
59_27,2018.0,0
59_27,2019.0,0
59_27,2020.0,0
59_28,2001.0,0
59_28,2002.0,0
59_28,2003.0,0
59_28,2004.0,0
59_28,2005.0,0
59_28,2006.0,506
59_28,2007.0,559
59_28,2008.0,364
59_28,2009.0,244
59_28,2010.0,260
59_28,2011.0,413
59_28,2012.0,309
59_28,2013.0,157
59_28,2014.0,0
59_28,2015.0,0
59_28,2016.0,0
59_28,2017.0,0
59_28,2018.0,0
59_28,2019.0,0
59_28,2020.0,0
59_29,2001.0,579
59_29,2002.0,646
59_29,2003.0,1042
59_29,2004.0,964
59_29,2005.0,781
59_29,2006.0,1374
59_29,2007.0,1698
59_29,2008.0,1193
59_29,2009.0,1034
59_29,2010.0,1015
59_29,2011.0,1034
59_29,2012.0,1348
59_29,2013.0,1055
59_29,2014.0,1706
59_29,2015.0,2128
59_29,2016.0,1988
59_29,2017.0,2114
59_29,2018.0,1951
59_29,2019.0,1807
59_29,2020.0,563
59_30,2001.0,234
59_30,2002.0,888
59_30,2003.0,1908
59_30,2004.0,1706
59_30,2005.0,1052
59_30,2006.0,714
59_30,2007.0,697
59_30,2008.0,706
59_30,2009.0,441
59_30,2010.0,313
59_30,2011.0,225
59_30,2012.0,396
59_30,2013.0,1071
59_30,2014.0,1036
59_30,2015.0,766
59_30,2016.0,662
59_30,2017.0,537
59_30,2018.0,352
59_30,2019.0,328
59_30,2020.0,212
59_31,2001.0,0
59_31,2002.0,0
59_31,2003.0,0
59_31,2004.0,0
59_31,2005.0,0
59_31,2006.0,0
59_31,2007.0,0
59_31,2008.0,0
59_31,2009.0,0
59_31,2010.0,0
59_31,2011.0,0
59_31,2012.0,0
59_31,2013.0,0
59_31,2014.0,0
59_31,2015.0,0
59_31,2016.0,2054
59_31,2017.0,3077
59_31,2018.0,1356
59_31,2019.0,898
59_31,2020.0,544
59_32,2001.0,2454
59_32,2002.0,2188
59_32,2003.0,1943
59_32,2004.0,3118
59_32,2005.0,4753
59_32,2006.0,3579
59_32,2007.0,3387
59_32,2008.0,3129
59_32,2009.0,2406
59_32,2010.0,2014
59_32,2011.0,2492
59_32,2012.0,5479
59_32,2013.0,4558
59_32,2014.0,4773
59_32,2015.0,4737
59_32,2016.0,1193
59_32,2017.0,1
59_32,2018.0,0
59_32,2019.0,0
59_32,2020.0,0
59_35,2001.0,10
59_35,2002.0,7
59_35,2003.0,10
59_35,2004.0,8
59_35,2005.0,3
59_35,2006.0,9
59_35,2007.0,6
59_35,2008.0,9
59_35,2009.0,4
59_35,2010.0,9
59_35,2011.0,9
59_35,2012.0,18
59_35,2013.0,36
59_35,2014.0,41
59_35,2015.0,165
59_35,2016.0,168
59_35,2017.0,176
59_35,2018.0,158
59_35,2019.0,186
59_35,2020.0,219
59_36,2001.0,97
59_36,2002.0,144
59_36,2003.0,104
59_36,2004.0,0
59_36,2005.0,0
59_36,2006.0,1
59_36,2007.0,0
59_36,2008.0,0
59_36,2009.0,0
59_36,2010.0,0
59_36,2011.0,0
59_36,2012.0,0
59_36,2013.0,0
59_36,2014.0,3
59_36,2015.0,929
59_36,2016.0,1346
59_36,2017.0,1849
59_36,2018.0,1859
59_36,2019.0,1980
59_36,2020.0,810
59_37,2001.0,0
59_37,2002.0,74
59_37,2003.0,229
59_37,2004.0,176
59_37,2005.0,162
59_37,2006.0,52
59_37,2007.0,10
59_37,2008.0,1
59_37,2009.0,0
59_37,2010.0,0
59_37,2011.0,0
59_37,2012.0,0
59_37,2013.0,0
59_37,2014.0,0
59_37,2015.0,0
59_37,2016.0,0
59_37,2017.0,0
59_37,2018.0,0
59_37,2019.0,0
59_37,2020.0,0
59_38,2001.0,0
59_38,2002.0,0
59_38,2003.0,0
59_38,2004.0,226
59_38,2005.0,364
59_38,2006.0,385
59_38,2007.0,457
59_38,2008.0,502
59_38,2009.0,454
59_38,2010.0,446
59_38,2011.0,486
59_38,2012.0,567
59_38,2013.0,662
59_38,2014.0,645
59_38,2015.0,125
59_38,2016.0,1
59_38,2017.0,0
59_38,2018.0,0
59_38,2019.0,0
59_38,2020.0,0
59_39,2001.0,8
59_39,2002.0,11
59_39,2003.0,17
59_39,2004.0,23
59_39,2005.0,40
59_39,2006.0,66
59_39,2007.0,71
59_39,2008.0,113
59_39,2009.0,414
59_39,2010.0,426
59_39,2011.0,318
59_39,2012.0,506
59_39,2013.0,485
59_39,2014.0,572
59_39,2015.0,525
59_39,2016.0,990
59_39,2017.0,1238
59_39,2018.0,1432
59_39,2019.0,2114
59_39,2020.0,729
59_40,2001.0,0
59_40,2002.0,0
59_40,2003.0,0
59_40,2004.0,0
59_40,2005.0,0
59_40,2006.0,0
59_40,2007.0,0
59_40,2008.0,0
59_40,2009.0,0
59_40,2010.0,0
59_40,2011.0,0
59_40,2012.0,0
59_40,2013.0,0
59_40,2014.0,0
59_40,2015.0,0
59_40,2016.0,0
59_40,2017.0,0
59_40,2018.0,0
59_40,2019.0,4
59_40,2020.0,2
59_7,2001.0,0
59_7,2002.0,9
59_7,2003.0,17
59_7,2004.0,3
59_7,2005.0,1
59_7,2006.0,1
59_7,2007.0,0
59_7,2008.0,0
59_7,2009.0,0
59_7,2010.0,1
59_7,2011.0,0
59_7,2012.0,0
59_7,2013.0,0
59_7,2014.0,0
59_7,2015.0,0
59_7,2016.0,0
59_7,2017.0,0
59_7,2018.0,0
59_7,2019.0,1
59_7,2020.0,0
59_8,2001.0,1719
59_8,2002.0,2535
59_8,2003.0,3482
59_8,2004.0,3008
59_8,2005.0,5597
59_8,2006.0,7638
59_8,2007.0,8348
59_8,2008.0,8325
59_8,2009.0,7892
59_8,2010.0,6895
59_8,2011.0,5864
59_8,2012.0,5591
59_8,2013.0,16288
59_8,2014.0,24248
59_8,2015.0,27082
59_8,2016.0,37366
59_8,2017.0,39355
59_8,2018.0,40848
59_8,2019.0,47026
59_8,2020.0,34775
59_9,2001.0,0
59_9,2002.0,0
59_9,2003.0,0
59_9,2004.0,0
59_9,2005.0,0
59_9,2006.0,0
59_9,2007.0,0
59_9,2008.0,0
59_9,2009.0,0
59_9,2010.0,0
59_9,2011.0,0
59_9,2012.0,0
59_9,2013.0,0
59_9,2014.0,0
59_9,2015.0,634
59_9,2016.0,1605
59_9,2017.0,3138
59_9,2018.0,4122
59_9,2019.0,9067
59_9,2020.0,5205
61_1,2001.0,0
61_1,2002.0,0
61_1,2003.0,0
61_1,2004.0,0
61_1,2005.0,0
61_1,2006.0,0
61_1,2007.0,0
61_1,2008.0,0
61_1,2009.0,29
61_1,2010.0,102
61_1,2011.0,63
61_1,2012.0,61
61_1,2013.0,54
61_1,2014.0,64
61_1,2015.0,62
61_1,2016.0,91
61_1,2017.0,49
61_1,2018.0,35
61_1,2019.0,0
61_1,2020.0,0
62_1,2001.0,0
62_1,2002.0,0
62_1,2003.0,0
62_1,2004.0,0
62_1,2005.0,0
62_1,2006.0,0
62_1,2007.0,0
62_1,2008.0,0
62_1,2009.0,0
62_1,2010.0,1952
62_1,2011.0,2377
62_1,2012.0,2278
62_1,2013.0,2488
62_1,2014.0,3869
62_1,2015.0,4702
62_1,2016.0,3263
62_1,2017.0,3860
62_1,2018.0,2251
62_1,2019.0,1477
62_1,2020.0,1425
62_10,2001.0,0
62_10,2002.0,0
62_10,2003.0,5
62_10,2004.0,287
62_10,2005.0,531
62_10,2006.0,554
62_10,2007.0,384
62_10,2008.0,143
62_10,2009.0,264
62_10,2010.0,3
62_10,2011.0,0
62_10,2012.0,0
62_10,2013.0,0
62_10,2014.0,0
62_10,2015.0,0
62_10,2016.0,0
62_10,2017.0,0
62_10,2018.0,0
62_10,2019.0,0
62_10,2020.0,0
62_13,2001.0,12
62_13,2002.0,11
62_13,2003.0,7
62_13,2004.0,4
62_13,2005.0,3
62_13,2006.0,4
62_13,2007.0,1
62_13,2008.0,1
62_13,2009.0,0
62_13,2010.0,2
62_13,2011.0,0
62_13,2012.0,0
62_13,2013.0,0
62_13,2014.0,0
62_13,2015.0,0
62_13,2016.0,0
62_13,2017.0,0
62_13,2018.0,0
62_13,2019.0,0
62_13,2020.0,1
62_14,2001.0,91
62_14,2002.0,26
62_14,2003.0,55
62_14,2004.0,277
62_14,2005.0,1376
62_14,2006.0,1366
62_14,2007.0,1161
62_14,2008.0,1818
62_14,2009.0,1462
62_14,2010.0,2212
62_14,2011.0,1534
62_14,2012.0,28
62_14,2013.0,0
62_14,2014.0,15
62_14,2015.0,4
62_14,2016.0,0
62_14,2017.0,0
62_14,2018.0,0
62_14,2019.0,0
62_14,2020.0,0
62_15,2001.0,0
62_15,2002.0,0
62_15,2003.0,0
62_15,2004.0,0
62_15,2005.0,0
62_15,2006.0,0
62_15,2007.0,0
62_15,2008.0,0
62_15,2009.0,0
62_15,2010.0,0
62_15,2011.0,0
62_15,2012.0,0
62_15,2013.0,2245
62_15,2014.0,1784
62_15,2015.0,1542
62_15,2016.0,1381
62_15,2017.0,1250
62_15,2018.0,1069
62_15,2019.0,1114
62_15,2020.0,701
62_16,2001.0,0
62_16,2002.0,0
62_16,2003.0,43
62_16,2004.0,381
62_16,2005.0,272
62_16,2006.0,136
62_16,2007.0,1905
62_16,2008.0,2263
62_16,2009.0,1592
62_16,2010.0,1791
62_16,2011.0,1476
62_16,2012.0,1200
62_16,2013.0,2046
62_16,2014.0,7149
62_16,2015.0,12296
62_16,2016.0,10295
62_16,2017.0,8198
62_16,2018.0,10457
62_16,2019.0,8195
62_16,2020.0,4407
62_17,2001.0,4
62_17,2002.0,8
62_17,2003.0,4
62_17,2004.0,8
62_17,2005.0,2
62_17,2006.0,1
62_17,2007.0,1
62_17,2008.0,0
62_17,2009.0,0
62_17,2010.0,0
62_17,2011.0,0
62_17,2012.0,0
62_17,2013.0,0
62_17,2014.0,2
62_17,2015.0,1
62_17,2016.0,0
62_17,2017.0,0
62_17,2018.0,0
62_17,2019.0,0
62_17,2020.0,0
62_18,2001.0,1211
62_18,2002.0,1847
62_18,2003.0,2869
62_18,2004.0,5516
62_18,2005.0,5713
62_18,2006.0,4078
62_18,2007.0,2954
62_18,2008.0,1169
62_18,2009.0,643
62_18,2010.0,975
62_18,2011.0,1025
62_18,2012.0,619
62_18,2013.0,841
62_18,2014.0,1401
62_18,2015.0,1743
62_18,2016.0,1392
62_18,2017.0,955
62_18,2018.0,969
62_18,2019.0,651
62_18,2020.0,566
62_2,2001.0,109
62_2,2002.0,223
62_2,2003.0,691
62_2,2004.0,526
62_2,2005.0,21
62_2,2006.0,0
62_2,2007.0,0
62_2,2008.0,0
62_2,2009.0,0
62_2,2010.0,0
62_2,2011.0,0
62_2,2012.0,0
62_2,2013.0,0
62_2,2014.0,0
62_2,2015.0,0
62_2,2016.0,0
62_2,2017.0,0
62_2,2018.0,0
62_2,2019.0,0
62_2,2020.0,0
62_21,2001.0,229
62_21,2002.0,547
62_21,2003.0,860
62_21,2004.0,1163
62_21,2005.0,637
62_21,2006.0,5
62_21,2007.0,0
62_21,2008.0,0
62_21,2009.0,0
62_21,2010.0,0
62_21,2011.0,0
62_21,2012.0,0
62_21,2013.0,0
62_21,2014.0,0
62_21,2015.0,1
62_21,2016.0,1
62_21,2017.0,0
62_21,2018.0,0
62_21,2019.0,0
62_21,2020.0,0
62_22,2001.0,45
62_22,2002.0,91
62_22,2003.0,99
62_22,2004.0,8
62_22,2005.0,0
62_22,2006.0,0
62_22,2007.0,0
62_22,2008.0,0
62_22,2009.0,0
62_22,2010.0,0
62_22,2011.0,0
62_22,2012.0,0
62_22,2013.0,0
62_22,2014.0,0
62_22,2015.0,0
62_22,2016.0,0
62_22,2017.0,0
62_22,2018.0,0
62_22,2019.0,0
62_22,2020.0,0
62_3,2001.0,91
62_3,2002.0,113
62_3,2003.0,78
62_3,2004.0,794
62_3,2005.0,3505
62_3,2006.0,4641
62_3,2007.0,5715
62_3,2008.0,5896
62_3,2009.0,4604
62_3,2010.0,2881
62_3,2011.0,1833
62_3,2012.0,1572
62_3,2013.0,528
62_3,2014.0,0
62_3,2015.0,0
62_3,2016.0,0
62_3,2017.0,0
62_3,2018.0,0
62_3,2019.0,0
62_3,2020.0,0
62_6,2001.0,0
62_6,2002.0,9
62_6,2003.0,4
62_6,2004.0,5
62_6,2005.0,9
62_6,2006.0,2
62_6,2007.0,0
62_6,2008.0,2
62_6,2009.0,0
62_6,2010.0,0
62_6,2011.0,0
62_6,2012.0,0
62_6,2013.0,0
62_6,2014.0,0
62_6,2015.0,0
62_6,2016.0,0
62_6,2017.0,0
62_6,2018.0,0
62_6,2019.0,0
62_6,2020.0,0
62_7,2001.0,3
62_7,2002.0,1
62_7,2003.0,0
62_7,2004.0,1
62_7,2005.0,1
62_7,2006.0,3
62_7,2007.0,1
62_7,2008.0,1
62_7,2009.0,0
62_7,2010.0,0
62_7,2011.0,0
62_7,2012.0,0
62_7,2013.0,0
62_7,2014.0,0
62_7,2015.0,0
62_7,2016.0,0
62_7,2017.0,101
62_7,2018.0,5496
62_7,2019.0,3929
62_7,2020.0,1195
62_8,2001.0,1
62_8,2002.0,1
62_8,2003.0,0
62_8,2004.0,0
62_8,2005.0,0
62_8,2006.0,0
62_8,2007.0,0
62_8,2008.0,0
62_8,2009.0,0
62_8,2010.0,0
62_8,2011.0,0
62_8,2012.0,0
62_8,2013.0,0
62_8,2014.0,0
62_8,2015.0,0
62_8,2016.0,0
62_8,2017.0,0
62_8,2018.0,0
62_8,2019.0,0
62_8,2020.0,0
62_9,2001.0,78
62_9,2002.0,77
62_9,2003.0,33
62_9,2004.0,0
62_9,2005.0,0
62_9,2006.0,0
62_9,2007.0,0
62_9,2008.0,0
62_9,2009.0,0
62_9,2010.0,0
62_9,2011.0,0
62_9,2012.0,0
62_9,2013.0,0
62_9,2014.0,0
62_9,2015.0,0
62_9,2016.0,0
62_9,2017.0,0
62_9,2018.0,0
62_9,2019.0,0
62_9,2020.0,0
63_2,2001.0,0
63_2,2002.0,0
63_2,2003.0,0
63_2,2004.0,0
63_2,2005.0,0
63_2,2006.0,0
63_2,2007.0,0
63_2,2008.0,1
63_2,2009.0,7
63_2,2010.0,1
63_2,2011.0,5
63_2,2012.0,5
63_2,2013.0,4
63_2,2014.0,4
63_2,2015.0,12
63_2,2016.0,2
63_2,2017.0,0
63_2,2018.0,0
63_2,2019.0,0
63_2,2020.0,0
63_3,2001.0,0
63_3,2002.0,0
63_3,2003.0,0
63_3,2004.0,0
63_3,2005.0,29
63_3,2006.0,22
63_3,2007.0,47
63_3,2008.0,40
63_3,2009.0,71
63_3,2010.0,76
63_3,2011.0,86
63_3,2012.0,50
63_3,2013.0,60
63_3,2014.0,62
63_3,2015.0,97
63_3,2016.0,102
63_3,2017.0,54
63_3,2018.0,60
63_3,2019.0,84
63_3,2020.0,101
63_4,2001.0,35
63_4,2002.0,23
63_4,2003.0,11
63_4,2004.0,15
63_4,2005.0,1
63_4,2006.0,0
63_4,2007.0,0
63_4,2008.0,0
63_4,2009.0,0
63_4,2010.0,0
63_4,2011.0,0
63_4,2012.0,3
63_4,2013.0,6
63_4,2014.0,1
63_4,2015.0,6
63_4,2016.0,7
63_4,2017.0,5
63_4,2018.0,9
63_4,2019.0,1
63_4,2020.0,0
63_5,2001.0,0
63_5,2002.0,0
63_5,2003.0,0
63_5,2004.0,25
63_5,2005.0,23
63_5,2006.0,14
63_5,2007.0,22
63_5,2008.0,32
63_5,2009.0,34
63_5,2010.0,35
63_5,2011.0,29
63_5,2012.0,19
63_5,2013.0,21
63_5,2014.0,28
63_5,2015.0,28
63_5,2016.0,31
63_5,2017.0,29
63_5,2018.0,28
63_5,2019.0,25
63_5,2020.0,10
64_1,2001.0,0
64_1,2002.0,86
64_1,2003.0,449
64_1,2004.0,1327
64_1,2005.0,1202
64_1,2006.0,769
64_1,2007.0,574
64_1,2008.0,347
64_1,2009.0,128
64_1,2010.0,0
64_1,2011.0,0
64_1,2012.0,0
64_1,2013.0,0
64_1,2014.0,0
64_1,2015.0,0
64_1,2016.0,0
64_1,2017.0,0
64_1,2018.0,0
64_1,2019.0,0
64_1,2020.0,0
64_10,2001.0,0
64_10,2002.0,3
64_10,2003.0,14
64_10,2004.0,9
64_10,2005.0,6
64_10,2006.0,1
64_10,2007.0,0
64_10,2008.0,0
64_10,2009.0,0
64_10,2010.0,0
64_10,2011.0,0
64_10,2012.0,0
64_10,2013.0,0
64_10,2014.0,0
64_10,2015.0,0
64_10,2016.0,0
64_10,2017.0,0
64_10,2018.0,0
64_10,2019.0,0
64_10,2020.0,0
64_13,2001.0,0
64_13,2002.0,0
64_13,2003.0,0
64_13,2004.0,0
64_13,2005.0,0
64_13,2006.0,0
64_13,2007.0,0
64_13,2008.0,0
64_13,2009.0,551
64_13,2010.0,253
64_13,2011.0,174
64_13,2012.0,137
64_13,2013.0,125
64_13,2014.0,144
64_13,2015.0,138
64_13,2016.0,145
64_13,2017.0,234
64_13,2018.0,149
64_13,2019.0,130
64_13,2020.0,94
64_14,2001.0,0
64_14,2002.0,0
64_14,2003.0,0
64_14,2004.0,0
64_14,2005.0,0
64_14,2006.0,0
64_14,2007.0,0
64_14,2008.0,0
64_14,2009.0,0
64_14,2010.0,4898
64_14,2011.0,19905
64_14,2012.0,26803
64_14,2013.0,35049
64_14,2014.0,36929
64_14,2015.0,38016
64_14,2016.0,36790
64_14,2017.0,35455
64_14,2018.0,23275
64_14,2019.0,18506
64_14,2020.0,17697
64_16,2001.0,0
64_16,2002.0,0
64_16,2003.0,0
64_16,2004.0,0
64_16,2005.0,0
64_16,2006.0,0
64_16,2007.0,0
64_16,2008.0,0
64_16,2009.0,0
64_16,2010.0,0
64_16,2011.0,450
64_16,2012.0,479
64_16,2013.0,1298
64_16,2014.0,3081
64_16,2015.0,4040
64_16,2016.0,3966
64_16,2017.0,4613
64_16,2018.0,4885
64_16,2019.0,5040
64_16,2020.0,8098
64_17,2001.0,8139
64_17,2002.0,12880
64_17,2003.0,17717
64_17,2004.0,17910
64_17,2005.0,22432
64_17,2006.0,22424
64_17,2007.0,15554
64_17,2008.0,15998
64_17,2009.0,17162
64_17,2010.0,16759
64_17,2011.0,12910
64_17,2012.0,11629
64_17,2013.0,11531
64_17,2014.0,14232
64_17,2015.0,13116
64_17,2016.0,10781
64_17,2017.0,12179
64_17,2018.0,9599
64_17,2019.0,8433
64_17,2020.0,6266
64_19,2001.0,0
64_19,2002.0,0
64_19,2003.0,0
64_19,2004.0,2
64_19,2005.0,380
64_19,2006.0,360
64_19,2007.0,198
64_19,2008.0,184
64_19,2009.0,204
64_19,2010.0,108
64_19,2011.0,14
64_19,2012.0,2
64_19,2013.0,0
64_19,2014.0,1
64_19,2015.0,0
64_19,2016.0,1
64_19,2017.0,0
64_19,2018.0,1
64_19,2019.0,0
64_19,2020.0,0
64_2,2001.0,0
64_2,2002.0,0
64_2,2003.0,0
64_2,2004.0,0
64_2,2005.0,0
64_2,2006.0,0
64_2,2007.0,0
64_2,2008.0,0
64_2,2009.0,222
64_2,2010.0,612
64_2,2011.0,331
64_2,2012.0,133
64_2,2013.0,132
64_2,2014.0,133
64_2,2015.0,172
64_2,2016.0,185
64_2,2017.0,155
64_2,2018.0,139
64_2,2019.0,104
64_2,2020.0,87
64_20,2001.0,0
64_20,2002.0,0
64_20,2003.0,1
64_20,2004.0,1
64_20,2005.0,1
64_20,2006.0,0
64_20,2007.0,2
64_20,2008.0,0
64_20,2009.0,0
64_20,2010.0,0
64_20,2011.0,0
64_20,2012.0,0
64_20,2013.0,1
64_20,2014.0,0
64_20,2015.0,0
64_20,2016.0,0
64_20,2017.0,0
64_20,2018.0,0
64_20,2019.0,1
64_20,2020.0,0
64_21,2001.0,0
64_21,2002.0,0
64_21,2003.0,0
64_21,2004.0,0
64_21,2005.0,5
64_21,2006.0,11636
64_21,2007.0,14887
64_21,2008.0,17709
64_21,2009.0,16285
64_21,2010.0,15125
64_21,2011.0,12564
64_21,2012.0,11810
64_21,2013.0,11838
64_21,2014.0,22024
64_21,2015.0,15077
64_21,2016.0,10861
64_21,2017.0,5109
64_21,2018.0,0
64_21,2019.0,0
64_21,2020.0,0
64_22,2001.0,0
64_22,2002.0,0
64_22,2003.0,0
64_22,2004.0,0
64_22,2005.0,0
64_22,2006.0,0
64_22,2007.0,0
64_22,2008.0,0
64_22,2009.0,1
64_22,2010.0,214
64_22,2011.0,308
64_22,2012.0,294
64_22,2013.0,511
64_22,2014.0,225
64_22,2015.0,220
64_22,2016.0,258
64_22,2017.0,100
64_22,2018.0,37
64_22,2019.0,0
64_22,2020.0,0
64_23,2001.0,0
64_23,2002.0,0
64_23,2003.0,0
64_23,2004.0,0
64_23,2005.0,0
64_23,2006.0,0
64_23,2007.0,0
64_23,2008.0,0
64_23,2009.0,0
64_23,2010.0,0
64_23,2011.0,0
64_23,2012.0,0
64_23,2013.0,0
64_23,2014.0,0
64_23,2015.0,0
64_23,2016.0,0
64_23,2017.0,102
64_23,2018.0,7
64_23,2019.0,8
64_23,2020.0,8
64_24,2001.0,0
64_24,2002.0,0
64_24,2003.0,0
64_24,2004.0,0
64_24,2005.0,956
64_24,2006.0,1643
64_24,2007.0,1616
64_24,2008.0,723
64_24,2009.0,688
64_24,2010.0,507
64_24,2011.0,662
64_24,2012.0,412
64_24,2013.0,396
64_24,2014.0,330
64_24,2015.0,0
64_24,2016.0,0
64_24,2017.0,0
64_24,2018.0,0
64_24,2019.0,0
64_24,2020.0,0
64_25,2001.0,46
64_25,2002.0,84
64_25,2003.0,90
64_25,2004.0,209
64_25,2005.0,162
64_25,2006.0,62
64_25,2007.0,47
64_25,2008.0,24
64_25,2009.0,11
64_25,2010.0,0
64_25,2011.0,0
64_25,2012.0,0
64_25,2013.0,0
64_25,2014.0,0
64_25,2015.0,0
64_25,2016.0,0
64_25,2017.0,0
64_25,2018.0,0
64_25,2019.0,0
64_25,2020.0,0
64_28,2001.0,0
64_28,2002.0,0
64_28,2003.0,0
64_28,2004.0,0
64_28,2005.0,0
64_28,2006.0,0
64_28,2007.0,0
64_28,2008.0,0
64_28,2009.0,3968
64_28,2010.0,4399
64_28,2011.0,2206
64_28,2012.0,1879
64_28,2013.0,505
64_28,2014.0,0
64_28,2015.0,0
64_28,2016.0,0
64_28,2017.0,0
64_28,2018.0,0
64_28,2019.0,0
64_28,2020.0,0
64_3,2001.0,1928
64_3,2002.0,4198
64_3,2003.0,4787
64_3,2004.0,7738
64_3,2005.0,9077
64_3,2006.0,2334
64_3,2007.0,31
64_3,2008.0,0
64_3,2009.0,0
64_3,2010.0,1
64_3,2011.0,0
64_3,2012.0,0
64_3,2013.0,0
64_3,2014.0,0
64_3,2015.0,0
64_3,2016.0,0
64_3,2017.0,0
64_3,2018.0,0
64_3,2019.0,0
64_3,2020.0,0
64_30,2001.0,0
64_30,2002.0,0
64_30,2003.0,1
64_30,2004.0,0
64_30,2005.0,4
64_30,2006.0,21
64_30,2007.0,45
64_30,2008.0,39
64_30,2009.0,11
64_30,2010.0,5
64_30,2011.0,40
64_30,2012.0,12
64_30,2013.0,11
64_30,2014.0,18
64_30,2015.0,0
64_30,2016.0,0
64_30,2017.0,0
64_30,2018.0,0
64_30,2019.0,0
64_30,2020.0,0
64_31,2001.0,421
64_31,2002.0,888
64_31,2003.0,1146
64_31,2004.0,1373
64_31,2005.0,1830
64_31,2006.0,1249
64_31,2007.0,16
64_31,2008.0,1
64_31,2009.0,0
64_31,2010.0,0
64_31,2011.0,0
64_31,2012.0,0
64_31,2013.0,0
64_31,2014.0,0
64_31,2015.0,0
64_31,2016.0,0
64_31,2017.0,0
64_31,2018.0,0
64_31,2019.0,0
64_31,2020.0,0
64_32,2001.0,0
64_32,2002.0,0
64_32,2003.0,0
64_32,2004.0,0
64_32,2005.0,0
64_32,2006.0,0
64_32,2007.0,0
64_32,2008.0,0
64_32,2009.0,0
64_32,2010.0,0
64_32,2011.0,0
64_32,2012.0,0
64_32,2013.0,0
64_32,2014.0,1369
64_32,2015.0,7823
64_32,2016.0,6287
64_32,2017.0,4080
64_32,2018.0,1971
64_32,2019.0,0
64_32,2020.0,0
64_33,2001.0,3
64_33,2002.0,0
64_33,2003.0,1
64_33,2004.0,0
64_33,2005.0,0
64_33,2006.0,3
64_33,2007.0,13323
64_33,2008.0,16116
64_33,2009.0,25705
64_33,2010.0,33155
64_33,2011.0,34500
64_33,2012.0,41187
64_33,2013.0,45787
64_33,2014.0,44914
64_33,2015.0,56147
64_33,2016.0,58132
64_33,2017.0,57548
64_33,2018.0,47376
64_33,2019.0,49307
64_33,2020.0,32264
64_35,2001.0,16
64_35,2002.0,4
64_35,2003.0,4
64_35,2004.0,7
64_35,2005.0,8
64_35,2006.0,11
64_35,2007.0,12
64_35,2008.0,11
64_35,2009.0,13
64_35,2010.0,2
64_35,2011.0,1
64_35,2012.0,2
64_35,2013.0,4
64_35,2014.0,3
64_35,2015.0,1
64_35,2016.0,0
64_35,2017.0,0
64_35,2018.0,0
64_35,2019.0,1
64_35,2020.0,0
64_36,2001.0,21
64_36,2002.0,6
64_36,2003.0,21
64_36,2004.0,11
64_36,2005.0,7
64_36,2006.0,1
64_36,2007.0,3
64_36,2008.0,10
64_36,2009.0,1
64_36,2010.0,0
64_36,2011.0,0
64_36,2012.0,0
64_36,2013.0,0
64_36,2014.0,0
64_36,2015.0,0
64_36,2016.0,0
64_36,2017.0,0
64_36,2018.0,0
64_36,2019.0,0
64_36,2020.0,0
64_37,2001.0,0
64_37,2002.0,1
64_37,2003.0,2
64_37,2004.0,0
64_37,2005.0,0
64_37,2006.0,0
64_37,2007.0,0
64_37,2008.0,0
64_37,2009.0,0
64_37,2010.0,0
64_37,2011.0,0
64_37,2012.0,0
64_37,2013.0,0
64_37,2014.0,0
64_37,2015.0,0
64_37,2016.0,0
64_37,2017.0,0
64_37,2018.0,0
64_37,2019.0,0
64_37,2020.0,0
64_38,2001.0,310
64_38,2002.0,451
64_38,2003.0,560
64_38,2004.0,677
64_38,2005.0,337
64_38,2006.0,60
64_38,2007.0,5
64_38,2008.0,0
64_38,2009.0,0
64_38,2010.0,0
64_38,2011.0,0
64_38,2012.0,0
64_38,2013.0,0
64_38,2014.0,0
64_38,2015.0,0
64_38,2016.0,0
64_38,2017.0,0
64_38,2018.0,0
64_38,2019.0,0
64_38,2020.0,0
64_41,2001.0,143
64_41,2002.0,1000
64_41,2003.0,2919
64_41,2004.0,4958
64_41,2005.0,6932
64_41,2006.0,7122
64_41,2007.0,5430
64_41,2008.0,3763
64_41,2009.0,2151
64_41,2010.0,1468
64_41,2011.0,2131
64_41,2012.0,1696
64_41,2013.0,1595
64_41,2014.0,3851
64_41,2015.0,8218
64_41,2016.0,14851
64_41,2017.0,16721
64_41,2018.0,8884
64_41,2019.0,5587
64_41,2020.0,4508
64_5,2001.0,1
64_5,2002.0,2
64_5,2003.0,16
64_5,2004.0,35
64_5,2005.0,7
64_5,2006.0,6
64_5,2007.0,11
64_5,2008.0,11
64_5,2009.0,26
64_5,2010.0,854
64_5,2011.0,73
64_5,2012.0,0
64_5,2013.0,0
64_5,2014.0,0
64_5,2015.0,0
64_5,2016.0,1
64_5,2017.0,0
64_5,2018.0,0
64_5,2019.0,0
64_5,2020.0,0
64_7,2001.0,0
64_7,2002.0,0
64_7,2003.0,0
64_7,2004.0,0
64_7,2005.0,0
64_7,2006.0,0
64_7,2007.0,0
64_7,2008.0,0
64_7,2009.0,0
64_7,2010.0,0
64_7,2011.0,0
64_7,2012.0,0
64_7,2013.0,0
64_7,2014.0,19
64_7,2015.0,74
64_7,2016.0,98
64_7,2017.0,111
64_7,2018.0,58
64_7,2019.0,213
64_7,2020.0,265
65_2,2001.0,0
65_2,2002.0,0
65_2,2003.0,0
65_2,2004.0,0
65_2,2005.0,0
65_2,2006.0,0
65_2,2007.0,0
65_2,2008.0,0
65_2,2009.0,0
65_2,2010.0,0
65_2,2011.0,0
65_2,2012.0,0
65_2,2013.0,0
65_2,2014.0,1
65_2,2015.0,0
65_2,2016.0,1
65_2,2017.0,0
65_2,2018.0,1
65_2,2019.0,0
65_2,2020.0,0
66_1,2001.0,3
66_1,2002.0,30
66_1,2003.0,17
66_1,2004.0,5
66_1,2005.0,18
66_1,2006.0,9
66_1,2007.0,11
66_1,2008.0,16
66_1,2009.0,4
66_1,2010.0,4
66_1,2011.0,2
66_1,2012.0,0
66_1,2013.0,0
66_1,2014.0,0
66_1,2015.0,0
66_1,2016.0,0
66_1,2017.0,1
66_1,2018.0,0
66_1,2019.0,0
66_1,2020.0,0
66_2,2001.0,0
66_2,2002.0,0
66_2,2003.0,0
66_2,2004.0,0
66_2,2005.0,0
66_2,2006.0,0
66_2,2007.0,0
66_2,2008.0,0
66_2,2009.0,105
66_2,2010.0,1
66_2,2011.0,1
66_2,2012.0,1
66_2,2013.0,1
66_2,2014.0,1
66_2,2015.0,0
66_2,2016.0,0
66_2,2017.0,0
66_2,2018.0,0
66_2,2019.0,0
66_2,2020.0,0
66_3,2001.0,17
66_3,2002.0,78
66_3,2003.0,52
66_3,2004.0,18
66_3,2005.0,9
66_3,2006.0,7
66_3,2007.0,2
66_3,2008.0,1
66_3,2009.0,1
66_3,2010.0,1
66_3,2011.0,0
66_3,2012.0,0
66_3,2013.0,0
66_3,2014.0,0
66_3,2015.0,0
66_3,2016.0,0
66_3,2017.0,0
66_3,2018.0,0
66_3,2019.0,0
66_3,2020.0,0
68_1,2001.0,0
68_1,2002.0,70
68_1,2003.0,87
68_1,2004.0,90
68_1,2005.0,99
68_1,2006.0,102
68_1,2007.0,83
68_1,2008.0,75
68_1,2009.0,27
68_1,2010.0,10
68_1,2011.0,1
68_1,2012.0,0
68_1,2013.0,0
68_1,2014.0,0
68_1,2015.0,0
68_1,2016.0,0
68_1,2017.0,0
68_1,2018.0,0
68_1,2019.0,0
68_1,2020.0,0
68_2,2001.0,0
68_2,2002.0,0
68_2,2003.0,0
68_2,2004.0,0
68_2,2005.0,0
68_2,2006.0,101
68_2,2007.0,310
68_2,2008.0,224
68_2,2009.0,383
68_2,2010.0,459
68_2,2011.0,403
68_2,2012.0,335
68_2,2013.0,168
68_2,2014.0,10
68_2,2015.0,0
68_2,2016.0,0
68_2,2017.0,1
68_2,2018.0,0
68_2,2019.0,0
68_2,2020.0,0
68_3,2001.0,43
68_3,2002.0,41
68_3,2003.0,36
68_3,2004.0,54
68_3,2005.0,54
68_3,2006.0,53
68_3,2007.0,39
68_3,2008.0,37
68_3,2009.0,28
68_3,2010.0,30
68_3,2011.0,2
68_3,2012.0,0
68_3,2013.0,0
68_3,2014.0,0
68_3,2015.0,0
68_3,2016.0,0
68_3,2017.0,0
68_3,2018.0,0
68_3,2019.0,0
68_3,2020.0,0
69_1,2001.0,0
69_1,2002.0,0
69_1,2003.0,0
69_1,2004.0,0
69_1,2005.0,1081
69_1,2006.0,1607
69_1,2007.0,883
69_1,2008.0,156
69_1,2009.0,4
69_1,2010.0,0
69_1,2011.0,0
69_1,2012.0,0
69_1,2013.0,0
69_1,2014.0,0
69_1,2015.0,0
69_1,2016.0,0
69_1,2017.0,0
69_1,2018.0,0
69_1,2019.0,0
69_1,2020.0,0
69_12,2001.0,0
69_12,2002.0,0
69_12,2003.0,0
69_12,2004.0,0
69_12,2005.0,0
69_12,2006.0,0
69_12,2007.0,0
69_12,2008.0,0
69_12,2009.0,0
69_12,2010.0,0
69_12,2011.0,0
69_12,2012.0,15442
69_12,2013.0,34913
69_12,2014.0,30165
69_12,2015.0,28485
69_12,2016.0,26342
69_12,2017.0,16970
69_12,2018.0,18310
69_12,2019.0,19851
69_12,2020.0,13103
69_13,2001.0,0
69_13,2002.0,0
69_13,2003.0,0
69_13,2004.0,0
69_13,2005.0,0
69_13,2006.0,0
69_13,2007.0,0
69_13,2008.0,0
69_13,2009.0,997
69_13,2010.0,10745
69_13,2011.0,12079
69_13,2012.0,11817
69_13,2013.0,11705
69_13,2014.0,8624
69_13,2015.0,8338
69_13,2016.0,6715
69_13,2017.0,15897
69_13,2018.0,18881
69_13,2019.0,19082
69_13,2020.0,11837
69_14,2001.0,1849
69_14,2002.0,329
69_14,2003.0,1
69_14,2004.0,1
69_14,2005.0,1
69_14,2006.0,2
69_14,2007.0,1
69_14,2008.0,0
69_14,2009.0,0
69_14,2010.0,0
69_14,2011.0,0
69_14,2012.0,1
69_14,2013.0,2
69_14,2014.0,1
69_14,2015.0,1
69_14,2016.0,0
69_14,2017.0,0
69_14,2018.0,0
69_14,2019.0,0
69_14,2020.0,1
69_15,2001.0,1172
69_15,2002.0,4893
69_15,2003.0,8010
69_15,2004.0,11208
69_15,2005.0,13130
69_15,2006.0,17340
69_15,2007.0,17015
69_15,2008.0,3374
69_15,2009.0,476
69_15,2010.0,0
69_15,2011.0,7
69_15,2012.0,0
69_15,2013.0,0
69_15,2014.0,0
69_15,2015.0,0
69_15,2016.0,0
69_15,2017.0,0
69_15,2018.0,0
69_15,2019.0,0
69_15,2020.0,0
69_18,2001.0,1
69_18,2002.0,0
69_18,2003.0,0
69_18,2004.0,0
69_18,2005.0,0
69_18,2006.0,1
69_18,2007.0,2198
69_18,2008.0,17472
69_18,2009.0,19317
69_18,2010.0,17617
69_18,2011.0,12202
69_18,2012.0,12367
69_18,2013.0,12174
69_18,2014.0,13326
69_18,2015.0,14992
69_18,2016.0,15339
69_18,2017.0,9543
69_18,2018.0,8857
69_18,2019.0,6772
69_18,2020.0,4090
69_2,2001.0,2028
69_2,2002.0,2120
69_2,2003.0,1176
69_2,2004.0,0
69_2,2005.0,1
69_2,2006.0,0
69_2,2007.0,0
69_2,2008.0,0
69_2,2009.0,0
69_2,2010.0,0
69_2,2011.0,0
69_2,2012.0,0
69_2,2013.0,1
69_2,2014.0,4
69_2,2015.0,1
69_2,2016.0,0
69_2,2017.0,0
69_2,2018.0,0
69_2,2019.0,0
69_2,2020.0,0
69_21,2001.0,0
69_21,2002.0,0
69_21,2003.0,0
69_21,2004.0,0
69_21,2005.0,0
69_21,2006.0,0
69_21,2007.0,335
69_21,2008.0,560
69_21,2009.0,671
69_21,2010.0,288
69_21,2011.0,162
69_21,2012.0,31
69_21,2013.0,0
69_21,2014.0,0
69_21,2015.0,0
69_21,2016.0,0
69_21,2017.0,0
69_21,2018.0,0
69_21,2019.0,0
69_21,2020.0,0
69_22,2001.0,1490
69_22,2002.0,1616
69_22,2003.0,1627
69_22,2004.0,431
69_22,2005.0,0
69_22,2006.0,0
69_22,2007.0,0
69_22,2008.0,0
69_22,2009.0,0
69_22,2010.0,8
69_22,2011.0,1
69_22,2012.0,0
69_22,2013.0,0
69_22,2014.0,0
69_22,2015.0,0
69_22,2016.0,0
69_22,2017.0,0
69_22,2018.0,0
69_22,2019.0,2
69_22,2020.0,0
69_23,2001.0,0
69_23,2002.0,0
69_23,2003.0,1
69_23,2004.0,1088
69_23,2005.0,3697
69_23,2006.0,5151
69_23,2007.0,4557
69_23,2008.0,2318
69_23,2009.0,2076
69_23,2010.0,1714
69_23,2011.0,267
69_23,2012.0,1
69_23,2013.0,1
69_23,2014.0,0
69_23,2015.0,0
69_23,2016.0,0
69_23,2017.0,0
69_23,2018.0,0
69_23,2019.0,0
69_23,2020.0,0
69_25,2001.0,0
69_25,2002.0,0
69_25,2003.0,0
69_25,2004.0,0
69_25,2005.0,0
69_25,2006.0,0
69_25,2007.0,0
69_25,2008.0,0
69_25,2009.0,22
69_25,2010.0,2835
69_25,2011.0,2374
69_25,2012.0,2393
69_25,2013.0,2611
69_25,2014.0,1841
69_25,2015.0,1813
69_25,2016.0,1729
69_25,2017.0,734
69_25,2018.0,5264
69_25,2019.0,5619
69_25,2020.0,4864
69_26,2001.0,0
69_26,2002.0,0
69_26,2003.0,0
69_26,2004.0,0
69_26,2005.0,0
69_26,2006.0,0
69_26,2007.0,0
69_26,2008.0,0
69_26,2009.0,0
69_26,2010.0,0
69_26,2011.0,3673
69_26,2012.0,4778
69_26,2013.0,3434
69_26,2014.0,1623
69_26,2015.0,1164
69_26,2016.0,977
69_26,2017.0,487
69_26,2018.0,401
69_26,2019.0,1952
69_26,2020.0,1635
69_28,2001.0,35
69_28,2002.0,73
69_28,2003.0,108
69_28,2004.0,99
69_28,2005.0,82
69_28,2006.0,74
69_28,2007.0,55
69_28,2008.0,58
69_28,2009.0,3
69_28,2010.0,0
69_28,2011.0,1
69_28,2012.0,0
69_28,2013.0,0
69_28,2014.0,0
69_28,2015.0,0
69_28,2016.0,0
69_28,2017.0,0
69_28,2018.0,2
69_28,2019.0,0
69_28,2020.0,0
69_29,2001.0,0
69_29,2002.0,3
69_29,2003.0,231
69_29,2004.0,290
69_29,2005.0,272
69_29,2006.0,513
69_29,2007.0,667
69_29,2008.0,276
69_29,2009.0,190
69_29,2010.0,57
69_29,2011.0,2
69_29,2012.0,4
69_29,2013.0,0
69_29,2014.0,0
69_29,2015.0,0
69_29,2016.0,0
69_29,2017.0,0
69_29,2018.0,0
69_29,2019.0,0
69_29,2020.0,0
69_3,2001.0,0
69_3,2002.0,0
69_3,2003.0,1
69_3,2004.0,0
69_3,2005.0,2813
69_3,2006.0,10998
69_3,2007.0,12438
69_3,2008.0,14322
69_3,2009.0,14296
69_3,2010.0,15221
69_3,2011.0,14985
69_3,2012.0,16162
69_3,2013.0,16321
69_3,2014.0,8702
69_3,2015.0,0
69_3,2016.0,0
69_3,2017.0,0
69_3,2018.0,0
69_3,2019.0,0
69_3,2020.0,0
69_30,2001.0,0
69_30,2002.0,0
69_30,2003.0,0
69_30,2004.0,0
69_30,2005.0,0
69_30,2006.0,0
69_30,2007.0,0
69_30,2008.0,0
69_30,2009.0,233
69_30,2010.0,713
69_30,2011.0,571
69_30,2012.0,398
69_30,2013.0,290
69_30,2014.0,188
69_30,2015.0,6
69_30,2016.0,0
69_30,2017.0,0
69_30,2018.0,0
69_30,2019.0,0
69_30,2020.0,0
69_31,2001.0,3
69_31,2002.0,2
69_31,2003.0,12
69_31,2004.0,15
69_31,2005.0,6
69_31,2006.0,2
69_31,2007.0,135
69_31,2008.0,766
69_31,2009.0,831
69_31,2010.0,818
69_31,2011.0,612
69_31,2012.0,457
69_31,2013.0,263
69_31,2014.0,267
69_31,2015.0,264
69_31,2016.0,104
69_31,2017.0,49
69_31,2018.0,34
69_31,2019.0,54
69_31,2020.0,8
69_33,2001.0,0
69_33,2002.0,0
69_33,2003.0,0
69_33,2004.0,0
69_33,2005.0,0
69_33,2006.0,0
69_33,2007.0,0
69_33,2008.0,0
69_33,2009.0,0
69_33,2010.0,0
69_33,2011.0,90
69_33,2012.0,172
69_33,2013.0,21
69_33,2014.0,15
69_33,2015.0,20
69_33,2016.0,35
69_33,2017.0,11
69_33,2018.0,3
69_33,2019.0,0
69_33,2020.0,0
69_34,2001.0,77
69_34,2002.0,770
69_34,2003.0,1364
69_34,2004.0,1376
69_34,2005.0,1104
69_34,2006.0,1212
69_34,2007.0,1270
69_34,2008.0,1437
69_34,2009.0,1711
69_34,2010.0,2091
69_34,2011.0,2251
69_34,2012.0,2576
69_34,2013.0,2791
69_34,2014.0,2853
69_34,2015.0,2793
69_34,2016.0,3082
69_34,2017.0,2491
69_34,2018.0,2543
69_34,2019.0,485
69_34,2020.0,171
69_36,2001.0,1
69_36,2002.0,0
69_36,2003.0,0
69_36,2004.0,0
69_36,2005.0,0
69_36,2006.0,0
69_36,2007.0,0
69_36,2008.0,0
69_36,2009.0,4
69_36,2010.0,1689
69_36,2011.0,2674
69_36,2012.0,2136
69_36,2013.0,2197
69_36,2014.0,1627
69_36,2015.0,1127
69_36,2016.0,258
69_36,2017.0,0
69_36,2018.0,0
69_36,2019.0,0
69_36,2020.0,0
69_37,2001.0,0
69_37,2002.0,0
69_37,2003.0,0
69_37,2004.0,0
69_37,2005.0,0
69_37,2006.0,0
69_37,2007.0,0
69_37,2008.0,0
69_37,2009.0,0
69_37,2010.0,0
69_37,2011.0,0
69_37,2012.0,0
69_37,2013.0,0
69_37,2014.0,0
69_37,2015.0,0
69_37,2016.0,40
69_37,2017.0,497
69_37,2018.0,592
69_37,2019.0,695
69_37,2020.0,387
69_38,2001.0,82
69_38,2002.0,54
69_38,2003.0,1
69_38,2004.0,0
69_38,2005.0,0
69_38,2006.0,0
69_38,2007.0,0
69_38,2008.0,0
69_38,2009.0,0
69_38,2010.0,0
69_38,2011.0,0
69_38,2012.0,0
69_38,2013.0,0
69_38,2014.0,0
69_38,2015.0,0
69_38,2016.0,0
69_38,2017.0,0
69_38,2018.0,0
69_38,2019.0,0
69_38,2020.0,0
69_4,2001.0,0
69_4,2002.0,0
69_4,2003.0,0
69_4,2004.0,0
69_4,2005.0,0
69_4,2006.0,0
69_4,2007.0,0
69_4,2008.0,0
69_4,2009.0,0
69_4,2010.0,0
69_4,2011.0,0
69_4,2012.0,0
69_4,2013.0,0
69_4,2014.0,7108
69_4,2015.0,18261
69_4,2016.0,17127
69_4,2017.0,11504
69_4,2018.0,8072
69_4,2019.0,5106
69_4,2020.0,4663
69_41,2001.0,2
69_41,2002.0,1
69_41,2003.0,1
69_41,2004.0,1
69_41,2005.0,0
69_41,2006.0,1
69_41,2007.0,0
69_41,2008.0,2
69_41,2009.0,6
69_41,2010.0,4
69_41,2011.0,27
69_41,2012.0,17
69_41,2013.0,114
69_41,2014.0,114
69_41,2015.0,191
69_41,2016.0,197
69_41,2017.0,224
69_41,2018.0,106
69_41,2019.0,220
69_41,2020.0,191
69_42,2001.0,0
69_42,2002.0,0
69_42,2003.0,0
69_42,2004.0,0
69_42,2005.0,0
69_42,2006.0,0
69_42,2007.0,0
69_42,2008.0,0
69_42,2009.0,0
69_42,2010.0,1
69_42,2011.0,0
69_42,2012.0,0
69_42,2013.0,0
69_42,2014.0,0
69_42,2015.0,1
69_42,2016.0,0
69_42,2017.0,0
69_42,2018.0,469
69_42,2019.0,3049
69_42,2020.0,2497
69_43,2001.0,0
69_43,2002.0,0
69_43,2003.0,0
69_43,2004.0,0
69_43,2005.0,0
69_43,2006.0,0
69_43,2007.0,0
69_43,2008.0,0
69_43,2009.0,0
69_43,2010.0,0
69_43,2011.0,0
69_43,2012.0,68
69_43,2013.0,317
69_43,2014.0,401
69_43,2015.0,517
69_43,2016.0,441
69_43,2017.0,9
69_43,2018.0,0
69_43,2019.0,0
69_43,2020.0,0
69_5,2001.0,0
69_5,2002.0,0
69_5,2003.0,0
69_5,2004.0,1
69_5,2005.0,0
69_5,2006.0,0
69_5,2007.0,0
69_5,2008.0,0
69_5,2009.0,0
69_5,2010.0,0
69_5,2011.0,0
69_5,2012.0,0
69_5,2013.0,3496
69_5,2014.0,16087
69_5,2015.0,17536
69_5,2016.0,18517
69_5,2017.0,16154
69_5,2018.0,12383
69_5,2019.0,11904
69_5,2020.0,11694
69_6,2001.0,7603
69_6,2002.0,12835
69_6,2003.0,17178
69_6,2004.0,22662
69_6,2005.0,22062
69_6,2006.0,14419
69_6,2007.0,5170
69_6,2008.0,2103
69_6,2009.0,916
69_6,2010.0,1
69_6,2011.0,12
69_6,2012.0,0
69_6,2013.0,0
69_6,2014.0,2
69_6,2015.0,0
69_6,2016.0,0
69_6,2017.0,0
69_6,2018.0,0
69_6,2019.0,2
69_6,2020.0,3
69_9,2001.0,0
69_9,2002.0,0
69_9,2003.0,1
69_9,2004.0,0
69_9,2005.0,1
69_9,2006.0,13494
69_9,2007.0,39319
69_9,2008.0,35981
69_9,2009.0,37620
69_9,2010.0,35060
69_9,2011.0,27400
69_9,2012.0,16653
69_9,2013.0,2983
69_9,2014.0,1000
69_9,2015.0,0
69_9,2016.0,0
69_9,2017.0,0
69_9,2018.0,0
69_9,2019.0,0
69_9,2020.0,0
6_1,2001.0,0
6_1,2002.0,0
6_1,2003.0,0
6_1,2004.0,0
6_1,2005.0,0
6_1,2006.0,0
6_1,2007.0,0
6_1,2008.0,0
6_1,2009.0,0
6_1,2010.0,4
6_1,2011.0,61
6_1,2012.0,45
6_1,2013.0,12
6_1,2014.0,12
6_1,2015.0,0
6_1,2016.0,0
6_1,2017.0,0
6_1,2018.0,0
6_1,2019.0,0
6_1,2020.0,0
6_10,2001.0,0
6_10,2002.0,0
6_10,2003.0,0
6_10,2004.0,0
6_10,2005.0,0
6_10,2006.0,0
6_10,2007.0,0
6_10,2008.0,0
6_10,2009.0,0
6_10,2010.0,0
6_10,2011.0,77
6_10,2012.0,94
6_10,2013.0,3
6_10,2014.0,0
6_10,2015.0,0
6_10,2016.0,0
6_10,2017.0,0
6_10,2018.0,0
6_10,2019.0,0
6_10,2020.0,0
6_12,2001.0,0
6_12,2002.0,0
6_12,2003.0,0
6_12,2004.0,0
6_12,2005.0,0
6_12,2006.0,0
6_12,2007.0,0
6_12,2008.0,1
6_12,2009.0,0
6_12,2010.0,0
6_12,2011.0,0
6_12,2012.0,0
6_12,2013.0,0
6_12,2014.0,0
6_12,2015.0,0
6_12,2016.0,0
6_12,2017.0,0
6_12,2018.0,0
6_12,2019.0,0
6_12,2020.0,0
6_2,2001.0,0
6_2,2002.0,0
6_2,2003.0,0
6_2,2004.0,0
6_2,2005.0,0
6_2,2006.0,0
6_2,2007.0,0
6_2,2008.0,0
6_2,2009.0,0
6_2,2010.0,0
6_2,2011.0,0
6_2,2012.0,0
6_2,2013.0,0
6_2,2014.0,0
6_2,2015.0,0
6_2,2016.0,98
6_2,2017.0,667
6_2,2018.0,404
6_2,2019.0,326
6_2,2020.0,150
6_3,2001.0,234
6_3,2002.0,193
6_3,2003.0,163
6_3,2004.0,84
6_3,2005.0,0
6_3,2006.0,0
6_3,2007.0,0
6_3,2008.0,0
6_3,2009.0,0
6_3,2010.0,0
6_3,2011.0,0
6_3,2012.0,0
6_3,2013.0,0
6_3,2014.0,0
6_3,2015.0,0
6_3,2016.0,0
6_3,2017.0,0
6_3,2018.0,0
6_3,2019.0,0
6_3,2020.0,0
6_4,2001.0,0
6_4,2002.0,0
6_4,2003.0,0
6_4,2004.0,225
6_4,2005.0,901
6_4,2006.0,510
6_4,2007.0,550
6_4,2008.0,399
6_4,2009.0,215
6_4,2010.0,158
6_4,2011.0,75
6_4,2012.0,64
6_4,2013.0,149
6_4,2014.0,168
6_4,2015.0,183
6_4,2016.0,151
6_4,2017.0,28
6_4,2018.0,0
6_4,2019.0,0
6_4,2020.0,0
6_5,2001.0,0
6_5,2002.0,0
6_5,2003.0,0
6_5,2004.0,0
6_5,2005.0,0
6_5,2006.0,0
6_5,2007.0,3
6_5,2008.0,75
6_5,2009.0,151
6_5,2010.0,149
6_5,2011.0,124
6_5,2012.0,100
6_5,2013.0,1
6_5,2014.0,0
6_5,2015.0,0
6_5,2016.0,0
6_5,2017.0,0
6_5,2018.0,52
6_5,2019.0,287
6_5,2020.0,202
6_6,2001.0,0
6_6,2002.0,0
6_6,2003.0,0
6_6,2004.0,0
6_6,2005.0,0
6_6,2006.0,0
6_6,2007.0,0
6_6,2008.0,0
6_6,2009.0,0
6_6,2010.0,130
6_6,2011.0,112
6_6,2012.0,63
6_6,2013.0,97
6_6,2014.0,86
6_6,2015.0,94
6_6,2016.0,46
6_6,2017.0,48
6_6,2018.0,35
6_6,2019.0,38
6_6,2020.0,15
6_8,2001.0,0
6_8,2002.0,1
6_8,2003.0,1
6_8,2004.0,6
6_8,2005.0,54
6_8,2006.0,24
6_8,2007.0,49
6_8,2008.0,3
6_8,2009.0,0
6_8,2010.0,0
6_8,2011.0,0
6_8,2012.0,0
6_8,2013.0,6
6_8,2014.0,88
6_8,2015.0,173
6_8,2016.0,134
6_8,2017.0,181
6_8,2018.0,140
6_8,2019.0,37
6_8,2020.0,0
6_9,2001.0,0
6_9,2002.0,1
6_9,2003.0,0
6_9,2004.0,0
6_9,2005.0,90
6_9,2006.0,967
6_9,2007.0,753
6_9,2008.0,526
6_9,2009.0,417
6_9,2010.0,285
6_9,2011.0,241
6_9,2012.0,278
6_9,2013.0,278
6_9,2014.0,301
6_9,2015.0,310
6_9,2016.0,334
6_9,2017.0,243
6_9,2018.0,421
6_9,2019.0,688
6_9,2020.0,191
71_10,2001.0,0
71_10,2002.0,0
71_10,2003.0,0
71_10,2004.0,0
71_10,2005.0,0
71_10,2006.0,0
71_10,2007.0,0
71_10,2008.0,0
71_10,2009.0,0
71_10,2010.0,0
71_10,2011.0,0
71_10,2012.0,0
71_10,2013.0,0
71_10,2014.0,1153
71_10,2015.0,3508
71_10,2016.0,4143
71_10,2017.0,5341
71_10,2018.0,3880
71_10,2019.0,4764
71_10,2020.0,3780
71_11,2001.0,0
71_11,2002.0,0
71_11,2003.0,0
71_11,2004.0,0
71_11,2005.0,0
71_11,2006.0,0
71_11,2007.0,0
71_11,2008.0,0
71_11,2009.0,99
71_11,2010.0,311
71_11,2011.0,355
71_11,2012.0,641
71_11,2013.0,723
71_11,2014.0,744
71_11,2015.0,659
71_11,2016.0,339
71_11,2017.0,953
71_11,2018.0,779
71_11,2019.0,822
71_11,2020.0,495
71_2,2001.0,0
71_2,2002.0,0
71_2,2003.0,0
71_2,2004.0,1
71_2,2005.0,0
71_2,2006.0,0
71_2,2007.0,0
71_2,2008.0,0
71_2,2009.0,0
71_2,2010.0,0
71_2,2011.0,0
71_2,2012.0,0
71_2,2013.0,0
71_2,2014.0,0
71_2,2015.0,0
71_2,2016.0,722
71_2,2017.0,958
71_2,2018.0,762
71_2,2019.0,696
71_2,2020.0,297
71_3,2001.0,0
71_3,2002.0,0
71_3,2003.0,0
71_3,2004.0,0
71_3,2005.0,0
71_3,2006.0,0
71_3,2007.0,0
71_3,2008.0,0
71_3,2009.0,0
71_3,2010.0,0
71_3,2011.0,0
71_3,2012.0,0
71_3,2013.0,0
71_3,2014.0,0
71_3,2015.0,0
71_3,2016.0,262
71_3,2017.0,924
71_3,2018.0,883
71_3,2019.0,910
71_3,2020.0,651
71_4,2001.0,1218
71_4,2002.0,1939
71_4,2003.0,2087
71_4,2004.0,2047
71_4,2005.0,2464
71_4,2006.0,2418
71_4,2007.0,1963
71_4,2008.0,1591
71_4,2009.0,1304
71_4,2010.0,1534
71_4,2011.0,1143
71_4,2012.0,1444
71_4,2013.0,1206
71_4,2014.0,1454
71_4,2015.0,1628
71_4,2016.0,1587
71_4,2017.0,1775
71_4,2018.0,1982
71_4,2019.0,2459
71_4,2020.0,1915
71_5,2001.0,0
71_5,2002.0,0
71_5,2003.0,0
71_5,2004.0,0
71_5,2005.0,0
71_5,2006.0,0
71_5,2007.0,0
71_5,2008.0,0
71_5,2009.0,0
71_5,2010.0,0
71_5,2011.0,0
71_5,2012.0,0
71_5,2013.0,0
71_5,2014.0,7
71_5,2015.0,28
71_5,2016.0,0
71_5,2017.0,0
71_5,2018.0,0
71_5,2019.0,0
71_5,2020.0,0
71_6,2001.0,1852
71_6,2002.0,1979
71_6,2003.0,2241
71_6,2004.0,1837
71_6,2005.0,2987
71_6,2006.0,1625
71_6,2007.0,1447
71_6,2008.0,965
71_6,2009.0,766
71_6,2010.0,737
71_6,2011.0,678
71_6,2012.0,1038
71_6,2013.0,1210
71_6,2014.0,1129
71_6,2015.0,980
71_6,2016.0,445
71_6,2017.0,0
71_6,2018.0,229
71_6,2019.0,189
71_6,2020.0,157
71_8,2001.0,0
71_8,2002.0,0
71_8,2003.0,708
71_8,2004.0,1377
71_8,2005.0,1530
71_8,2006.0,988
71_8,2007.0,771
71_8,2008.0,594
71_8,2009.0,881
71_8,2010.0,936
71_8,2011.0,1282
71_8,2012.0,2003
71_8,2013.0,2193
71_8,2014.0,1922
71_8,2015.0,2407
71_8,2016.0,2843
71_8,2017.0,1782
71_8,2018.0,1869
71_8,2019.0,3409
71_8,2020.0,2868
71_9,2001.0,0
71_9,2002.0,0
71_9,2003.0,0
71_9,2004.0,1
71_9,2005.0,150
71_9,2006.0,1364
71_9,2007.0,1361
71_9,2008.0,849
71_9,2009.0,627
71_9,2010.0,518
71_9,2011.0,520
71_9,2012.0,306
71_9,2013.0,1012
71_9,2014.0,1156
71_9,2015.0,997
71_9,2016.0,641
71_9,2017.0,0
71_9,2018.0,405
71_9,2019.0,257
71_9,2020.0,201
72_1,2001.0,0
72_1,2002.0,0
72_1,2003.0,0
72_1,2004.0,29
72_1,2005.0,144
72_1,2006.0,201
72_1,2007.0,260
72_1,2008.0,204
72_1,2009.0,135
72_1,2010.0,139
72_1,2011.0,103
72_1,2012.0,49
72_1,2013.0,6
72_1,2014.0,0
72_1,2015.0,0
72_1,2016.0,0
72_1,2017.0,0
72_1,2018.0,0
72_1,2019.0,0
72_1,2020.0,0
72_2,2001.0,9
72_2,2002.0,14
72_2,2003.0,23
72_2,2004.0,40
72_2,2005.0,63
72_2,2006.0,51
72_2,2007.0,30
72_2,2008.0,14
72_2,2009.0,7
72_2,2010.0,4
72_2,2011.0,0
72_2,2012.0,0
72_2,2013.0,0
72_2,2014.0,0
72_2,2015.0,0
72_2,2016.0,0
72_2,2017.0,0
72_2,2018.0,0
72_2,2019.0,0
72_2,2020.0,0
72_4,2001.0,8
72_4,2002.0,0
72_4,2003.0,0
72_4,2004.0,0
72_4,2005.0,0
72_4,2006.0,0
72_4,2007.0,0
72_4,2008.0,60
72_4,2009.0,67
72_4,2010.0,48
72_4,2011.0,39
72_4,2012.0,12
72_4,2013.0,0
72_4,2014.0,0
72_4,2015.0,0
72_4,2016.0,0
72_4,2017.0,0
72_4,2018.0,0
72_4,2019.0,0
72_4,2020.0,0
72_5,2001.0,27
72_5,2002.0,23
72_5,2003.0,35
72_5,2004.0,33
72_5,2005.0,0
72_5,2006.0,0
72_5,2007.0,65
72_5,2008.0,50
72_5,2009.0,35
72_5,2010.0,19
72_5,2011.0,27
72_5,2012.0,23
72_5,2013.0,4
72_5,2014.0,0
72_5,2015.0,0
72_5,2016.0,0
72_5,2017.0,0
72_5,2018.0,0
72_5,2019.0,0
72_5,2020.0,0
72_6,2001.0,0
72_6,2002.0,0
72_6,2003.0,0
72_6,2004.0,0
72_6,2005.0,0
72_6,2006.0,330
72_6,2007.0,310
72_6,2008.0,176
72_6,2009.0,186
72_6,2010.0,208
72_6,2011.0,119
72_6,2012.0,49
72_6,2013.0,4
72_6,2014.0,0
72_6,2015.0,0
72_6,2016.0,0
72_6,2017.0,0
72_6,2018.0,0
72_6,2019.0,0
72_6,2020.0,0
72_7,2001.0,24
72_7,2002.0,27
72_7,2003.0,33
72_7,2004.0,34
72_7,2005.0,0
72_7,2006.0,0
72_7,2007.0,0
72_7,2008.0,0
72_7,2009.0,0
72_7,2010.0,0
72_7,2011.0,0
72_7,2012.0,0
72_7,2013.0,0
72_7,2014.0,0
72_7,2015.0,0
72_7,2016.0,0
72_7,2017.0,0
72_7,2018.0,0
72_7,2019.0,0
72_7,2020.0,0
75_1,2001.0,0
75_1,2002.0,0
75_1,2003.0,0
75_1,2004.0,0
75_1,2005.0,0
75_1,2006.0,0
75_1,2007.0,0
75_1,2008.0,0
75_1,2009.0,0
75_1,2010.0,0
75_1,2011.0,0
75_1,2012.0,0
75_1,2013.0,5989
75_1,2014.0,18625
75_1,2015.0,23047
75_1,2016.0,24286
75_1,2017.0,18742
75_1,2018.0,20864
75_1,2019.0,19247
75_1,2020.0,12853
75_10,2001.0,0
75_10,2002.0,0
75_10,2003.0,0
75_10,2004.0,0
75_10,2005.0,0
75_10,2006.0,0
75_10,2007.0,0
75_10,2008.0,428
75_10,2009.0,1419
75_10,2010.0,98
75_10,2011.0,1
75_10,2012.0,0
75_10,2013.0,0
75_10,2014.0,0
75_10,2015.0,0
75_10,2016.0,0
75_10,2017.0,672
75_10,2018.0,928
75_10,2019.0,946
75_10,2020.0,488
75_11,2001.0,184
75_11,2002.0,510
75_11,2003.0,883
75_11,2004.0,1231
75_11,2005.0,1341
75_11,2006.0,1381
75_11,2007.0,2359
75_11,2008.0,3568
75_11,2009.0,1835
75_11,2010.0,2377
75_11,2011.0,1940
75_11,2012.0,335
75_11,2013.0,0
75_11,2014.0,0
75_11,2015.0,0
75_11,2016.0,0
75_11,2017.0,0
75_11,2018.0,0
75_11,2019.0,0
75_11,2020.0,0
75_12,2001.0,4806
75_12,2002.0,6780
75_12,2003.0,5699
75_12,2004.0,4327
75_12,2005.0,7722
75_12,2006.0,10780
75_12,2007.0,14360
75_12,2008.0,11245
75_12,2009.0,13051
75_12,2010.0,21008
75_12,2011.0,16435
75_12,2012.0,10518
75_12,2013.0,8081
75_12,2014.0,7605
75_12,2015.0,6821
75_12,2016.0,5287
75_12,2017.0,5225
75_12,2018.0,2111
75_12,2019.0,2525
75_12,2020.0,1100
75_13,2001.0,0
75_13,2002.0,0
75_13,2003.0,0
75_13,2004.0,1399
75_13,2005.0,4938
75_13,2006.0,3613
75_13,2007.0,2732
75_13,2008.0,3753
75_13,2009.0,1794
75_13,2010.0,3008
75_13,2011.0,2377
75_13,2012.0,252
75_13,2013.0,1
75_13,2014.0,0
75_13,2015.0,0
75_13,2016.0,0
75_13,2017.0,0
75_13,2018.0,0
75_13,2019.0,0
75_13,2020.0,0
75_14,2001.0,0
75_14,2002.0,2
75_14,2003.0,317
75_14,2004.0,3042
75_14,2005.0,5726
75_14,2006.0,8687
75_14,2007.0,11015
75_14,2008.0,8325
75_14,2009.0,4985
75_14,2010.0,14864
75_14,2011.0,10469
75_14,2012.0,5277
75_14,2013.0,4585
75_14,2014.0,5055
75_14,2015.0,3745
75_14,2016.0,1105
75_14,2017.0,1061
75_14,2018.0,569
75_14,2019.0,287
75_14,2020.0,8
75_17,2001.0,0
75_17,2002.0,3
75_17,2003.0,4
75_17,2004.0,2
75_17,2005.0,26
75_17,2006.0,149
75_17,2007.0,328
75_17,2008.0,410
75_17,2009.0,390
75_17,2010.0,476
75_17,2011.0,550
75_17,2012.0,484
75_17,2013.0,436
75_17,2014.0,413
75_17,2015.0,495
75_17,2016.0,1034
75_17,2017.0,975
75_17,2018.0,708
75_17,2019.0,626
75_17,2020.0,794
75_18,2001.0,0
75_18,2002.0,0
75_18,2003.0,0
75_18,2004.0,1
75_18,2005.0,0
75_18,2006.0,0
75_18,2007.0,612
75_18,2008.0,3595
75_18,2009.0,1859
75_18,2010.0,4607
75_18,2011.0,2716
75_18,2012.0,1364
75_18,2013.0,1003
75_18,2014.0,937
75_18,2015.0,5165
75_18,2016.0,3005
75_18,2017.0,1413
75_18,2018.0,807
75_18,2019.0,226
75_18,2020.0,0
75_19,2001.0,0
75_19,2002.0,0
75_19,2003.0,0
75_19,2004.0,0
75_19,2005.0,0
75_19,2006.0,0
75_19,2007.0,0
75_19,2008.0,0
75_19,2009.0,0
75_19,2010.0,0
75_19,2011.0,0
75_19,2012.0,167
75_19,2013.0,70
75_19,2014.0,33
75_19,2015.0,75
75_19,2016.0,38
75_19,2017.0,13
75_19,2018.0,20
75_19,2019.0,0
75_19,2020.0,1
75_2,2001.0,5263
75_2,2002.0,8775
75_2,2003.0,13120
75_2,2004.0,17566
75_2,2005.0,19828
75_2,2006.0,29989
75_2,2007.0,34267
75_2,2008.0,24519
75_2,2009.0,21758
75_2,2010.0,28942
75_2,2011.0,20268
75_2,2012.0,16399
75_2,2013.0,21319
75_2,2014.0,27004
75_2,2015.0,25051
75_2,2016.0,22571
75_2,2017.0,18500
75_2,2018.0,19682
75_2,2019.0,16083
75_2,2020.0,10568
75_20,2001.0,0
75_20,2002.0,54
75_20,2003.0,44
75_20,2004.0,31
75_20,2005.0,12
75_20,2006.0,2
75_20,2007.0,0
75_20,2008.0,0
75_20,2009.0,0
75_20,2010.0,0
75_20,2011.0,0
75_20,2012.0,0
75_20,2013.0,0
75_20,2014.0,0
75_20,2015.0,0
75_20,2016.0,0
75_20,2017.0,0
75_20,2018.0,0
75_20,2019.0,0
75_20,2020.0,0
75_21,2001.0,0
75_21,2002.0,0
75_21,2003.0,0
75_21,2004.0,0
75_21,2005.0,0
75_21,2006.0,0
75_21,2007.0,0
75_21,2008.0,0
75_21,2009.0,0
75_21,2010.0,708
75_21,2011.0,1356
75_21,2012.0,37
75_21,2013.0,0
75_21,2014.0,0
75_21,2015.0,0
75_21,2016.0,0
75_21,2017.0,0
75_21,2018.0,0
75_21,2019.0,0
75_21,2020.0,0
75_22,2001.0,0
75_22,2002.0,0
75_22,2003.0,0
75_22,2004.0,0
75_22,2005.0,0
75_22,2006.0,0
75_22,2007.0,0
75_22,2008.0,0
75_22,2009.0,0
75_22,2010.0,0
75_22,2011.0,0
75_22,2012.0,1
75_22,2013.0,321
75_22,2014.0,845
75_22,2015.0,1723
75_22,2016.0,1527
75_22,2017.0,963
75_22,2018.0,1737
75_22,2019.0,2231
75_22,2020.0,6279
75_23,2001.0,1
75_23,2002.0,3
75_23,2003.0,5
75_23,2004.0,1
75_23,2005.0,8
75_23,2006.0,20
75_23,2007.0,28
75_23,2008.0,43
75_23,2009.0,16
75_23,2010.0,16
75_23,2011.0,40
75_23,2012.0,133
75_23,2013.0,177
75_23,2014.0,170
75_23,2015.0,309
75_23,2016.0,282
75_23,2017.0,304
75_23,2018.0,258
75_23,2019.0,218
75_23,2020.0,208
75_3,2001.0,109
75_3,2002.0,220
75_3,2003.0,199
75_3,2004.0,421
75_3,2005.0,584
75_3,2006.0,649
75_3,2007.0,1230
75_3,2008.0,766
75_3,2009.0,413
75_3,2010.0,408
75_3,2011.0,356
75_3,2012.0,104
75_3,2013.0,0
75_3,2014.0,0
75_3,2015.0,0
75_3,2016.0,1
75_3,2017.0,0
75_3,2018.0,0
75_3,2019.0,0
75_3,2020.0,0
75_4,2001.0,0
75_4,2002.0,0
75_4,2003.0,0
75_4,2004.0,0
75_4,2005.0,0
75_4,2006.0,0
75_4,2007.0,0
75_4,2008.0,0
75_4,2009.0,0
75_4,2010.0,0
75_4,2011.0,0
75_4,2012.0,40
75_4,2013.0,8
75_4,2014.0,3
75_4,2015.0,0
75_4,2016.0,0
75_4,2017.0,0
75_4,2018.0,0
75_4,2019.0,0
75_4,2020.0,0
75_7,2001.0,0
75_7,2002.0,0
75_7,2003.0,0
75_7,2004.0,0
75_7,2005.0,0
75_7,2006.0,0
75_7,2007.0,0
75_7,2008.0,0
75_7,2009.0,0
75_7,2010.0,1
75_7,2011.0,0
75_7,2012.0,0
75_7,2013.0,0
75_7,2014.0,95
75_7,2015.0,1014
75_7,2016.0,1262
75_7,2017.0,1072
75_7,2018.0,657
75_7,2019.0,851
75_7,2020.0,262
75_8,2001.0,0
75_8,2002.0,0
75_8,2003.0,0
75_8,2004.0,0
75_8,2005.0,0
75_8,2006.0,0
75_8,2007.0,0
75_8,2008.0,0
75_8,2009.0,0
75_8,2010.0,0
75_8,2011.0,0
75_8,2012.0,0
75_8,2013.0,0
75_8,2014.0,0
75_8,2015.0,3033
75_8,2016.0,19252
75_8,2017.0,13903
75_8,2018.0,10995
75_8,2019.0,10811
75_8,2020.0,8029
75_9,2001.0,534
75_9,2002.0,796
75_9,2003.0,1083
75_9,2004.0,1568
75_9,2005.0,1706
75_9,2006.0,1612
75_9,2007.0,2150
75_9,2008.0,2047
75_9,2009.0,1207
75_9,2010.0,1470
75_9,2011.0,1380
75_9,2012.0,632
75_9,2013.0,0
75_9,2014.0,0
75_9,2015.0,0
75_9,2016.0,0
75_9,2017.0,0
75_9,2018.0,0
75_9,2019.0,0
75_9,2020.0,1
76_1,2001.0,0
76_1,2002.0,0
76_1,2003.0,0
76_1,2004.0,0
76_1,2005.0,0
76_1,2006.0,53
76_1,2007.0,106
76_1,2008.0,22
76_1,2009.0,18
76_1,2010.0,19
76_1,2011.0,5
76_1,2012.0,0
76_1,2013.0,0
76_1,2014.0,0
76_1,2015.0,0
76_1,2016.0,0
76_1,2017.0,0
76_1,2018.0,0
76_1,2019.0,0
76_1,2020.0,0
77_1,2001.0,7
77_1,2002.0,4
77_1,2003.0,1
77_1,2004.0,0
77_1,2005.0,0
77_1,2006.0,0
77_1,2007.0,0
77_1,2008.0,0
77_1,2009.0,0
77_1,2010.0,0
77_1,2011.0,0
77_1,2012.0,0
77_1,2013.0,0
77_1,2014.0,0
77_1,2015.0,0
77_1,2016.0,0
77_1,2017.0,0
77_1,2018.0,0
77_1,2019.0,0
77_1,2020.0,0
77_2,2001.0,0
77_2,2002.0,0
77_2,2003.0,0
77_2,2004.0,0
77_2,2005.0,0
77_2,2006.0,0
77_2,2007.0,0
77_2,2008.0,0
77_2,2009.0,0
77_2,2010.0,0
77_2,2011.0,0
77_2,2012.0,0
77_2,2013.0,0
77_2,2014.0,0
77_2,2015.0,1
77_2,2016.0,108
77_2,2017.0,109
77_2,2018.0,98
77_2,2019.0,63
77_2,2020.0,50
77_3,2001.0,0
77_3,2002.0,0
77_3,2003.0,0
77_3,2004.0,0
77_3,2005.0,0
77_3,2006.0,0
77_3,2007.0,0
77_3,2008.0,0
77_3,2009.0,4
77_3,2010.0,113
77_3,2011.0,98
77_3,2012.0,92
77_3,2013.0,71
77_3,2014.0,66
77_3,2015.0,90
77_3,2016.0,60
77_3,2017.0,64
77_3,2018.0,51
77_3,2019.0,39
77_3,2020.0,64
77_4,2001.0,0
77_4,2002.0,1
77_4,2003.0,12
77_4,2004.0,31
77_4,2005.0,49
77_4,2006.0,55
77_4,2007.0,60
77_4,2008.0,70
77_4,2009.0,27
77_4,2010.0,33
77_4,2011.0,37
77_4,2012.0,28
77_4,2013.0,33
77_4,2014.0,41
77_4,2015.0,30
77_4,2016.0,37
77_4,2017.0,7
77_4,2018.0,62
77_4,2019.0,45
77_4,2020.0,29
77_5,2001.0,23
77_5,2002.0,9
77_5,2003.0,0
77_5,2004.0,0
77_5,2005.0,0
77_5,2006.0,0
77_5,2007.0,0
77_5,2008.0,0
77_5,2009.0,0
77_5,2010.0,0
77_5,2011.0,0
77_5,2012.0,0
77_5,2013.0,0
77_5,2014.0,0
77_5,2015.0,0
77_5,2016.0,0
77_5,2017.0,0
77_5,2018.0,0
77_5,2019.0,0
77_5,2020.0,0
77_6,2001.0,0
77_6,2002.0,0
77_6,2003.0,0
77_6,2004.0,0
77_6,2005.0,0
77_6,2006.0,0
77_6,2007.0,0
77_6,2008.0,0
77_6,2009.0,0
77_6,2010.0,0
77_6,2011.0,0
77_6,2012.0,0
77_6,2013.0,20
77_6,2014.0,97
77_6,2015.0,101
77_6,2016.0,87
77_6,2017.0,78
77_6,2018.0,74
77_6,2019.0,50
77_6,2020.0,31
78_1,2001.0,1581
78_1,2002.0,1588
78_1,2003.0,1725
78_1,2004.0,1401
78_1,2005.0,927
78_1,2006.0,135
78_1,2007.0,11
78_1,2008.0,0
78_1,2009.0,0
78_1,2010.0,0
78_1,2011.0,0
78_1,2012.0,0
78_1,2013.0,0
78_1,2014.0,0
78_1,2015.0,0
78_1,2016.0,0
78_1,2017.0,0
78_1,2018.0,0
78_1,2019.0,0
78_1,2020.0,0
78_2,2001.0,828
78_2,2002.0,936
78_2,2003.0,1086
78_2,2004.0,1104
78_2,2005.0,499
78_2,2006.0,37
78_2,2007.0,3
78_2,2008.0,3
78_2,2009.0,0
78_2,2010.0,0
78_2,2011.0,0
78_2,2012.0,0
78_2,2013.0,0
78_2,2014.0,0
78_2,2015.0,0
78_2,2016.0,0
78_2,2017.0,0
78_2,2018.0,0
78_2,2019.0,0
78_2,2020.0,0
78_3,2001.0,1383
78_3,2002.0,2732
78_3,2003.0,3388
78_3,2004.0,4008
78_3,2005.0,1756
78_3,2006.0,295
78_3,2007.0,23
78_3,2008.0,9
78_3,2009.0,0
78_3,2010.0,0
78_3,2011.0,0
78_3,2012.0,0
78_3,2013.0,0
78_3,2014.0,0
78_3,2015.0,0
78_3,2016.0,0
78_3,2017.0,0
78_3,2018.0,0
78_3,2019.0,0
78_3,2020.0,0
78_5,2001.0,0
78_5,2002.0,0
78_5,2003.0,16
78_5,2004.0,213
78_5,2005.0,56
78_5,2006.0,61
78_5,2007.0,1
78_5,2008.0,0
78_5,2009.0,0
78_5,2010.0,0
78_5,2011.0,0
78_5,2012.0,0
78_5,2013.0,0
78_5,2014.0,0
78_5,2015.0,0
78_5,2016.0,0
78_5,2017.0,0
78_5,2018.0,0
78_5,2019.0,0
78_5,2020.0,0
78_6,2001.0,314
78_6,2002.0,5
78_6,2003.0,2
78_6,2004.0,0
78_6,2005.0,0
78_6,2006.0,0
78_6,2007.0,0
78_6,2008.0,0
78_6,2009.0,0
78_6,2010.0,0
78_6,2011.0,0
78_6,2012.0,0
78_6,2013.0,0
78_6,2014.0,0
78_6,2015.0,0
78_6,2016.0,0
78_6,2017.0,0
78_6,2018.0,0
78_6,2019.0,0
78_6,2020.0,0
78_7,2001.0,0
78_7,2002.0,0
78_7,2003.0,170
78_7,2004.0,586
78_7,2005.0,164
78_7,2006.0,38
78_7,2007.0,2
78_7,2008.0,0
78_7,2009.0,0
78_7,2010.0,0
78_7,2011.0,0
78_7,2012.0,0
78_7,2013.0,0
78_7,2014.0,0
78_7,2015.0,0
78_7,2016.0,0
78_7,2017.0,0
78_7,2018.0,0
78_7,2019.0,0
78_7,2020.0,0
79_1,2001.0,170
79_1,2002.0,401
79_1,2003.0,779
79_1,2004.0,1193
79_1,2005.0,892
79_1,2006.0,891
79_1,2007.0,929
79_1,2008.0,833
79_1,2009.0,557
79_1,2010.0,491
79_1,2011.0,1400
79_1,2012.0,1562
79_1,2013.0,1673
79_1,2014.0,1994
79_1,2015.0,2272
79_1,2016.0,3795
79_1,2017.0,5121
79_1,2018.0,2294
79_1,2019.0,2475
79_1,2020.0,768
79_10,2001.0,682
79_10,2002.0,1286
79_10,2003.0,2346
79_10,2004.0,2891
79_10,2005.0,3546
79_10,2006.0,6399
79_10,2007.0,8615
79_10,2008.0,7724
79_10,2009.0,7478
79_10,2010.0,8516
79_10,2011.0,9149
79_10,2012.0,11756
79_10,2013.0,14062
79_10,2014.0,21450
79_10,2015.0,19085
79_10,2016.0,17031
79_10,2017.0,18362
79_10,2018.0,20765
79_10,2019.0,18968
79_10,2020.0,13516
79_11,2001.0,0
79_11,2002.0,0
79_11,2003.0,0
79_11,2004.0,0
79_11,2005.0,0
79_11,2006.0,0
79_11,2007.0,0
79_11,2008.0,0
79_11,2009.0,0
79_11,2010.0,0
79_11,2011.0,0
79_11,2012.0,1787
79_11,2013.0,3538
79_11,2014.0,3153
79_11,2015.0,2697
79_11,2016.0,2193
79_11,2017.0,1446
79_11,2018.0,1244
79_11,2019.0,1287
79_11,2020.0,297
79_12,2001.0,136
79_12,2002.0,183
79_12,2003.0,316
79_12,2004.0,342
79_12,2005.0,688
79_12,2006.0,451
79_12,2007.0,238
79_12,2008.0,39
79_12,2009.0,3
79_12,2010.0,0
79_12,2011.0,0
79_12,2012.0,134
79_12,2013.0,1538
79_12,2014.0,1295
79_12,2015.0,1019
79_12,2016.0,740
79_12,2017.0,793
79_12,2018.0,1212
79_12,2019.0,87
79_12,2020.0,0
79_13,2001.0,0
79_13,2002.0,0
79_13,2003.0,0
79_13,2004.0,0
79_13,2005.0,0
79_13,2006.0,0
79_13,2007.0,0
79_13,2008.0,0
79_13,2009.0,0
79_13,2010.0,0
79_13,2011.0,0
79_13,2012.0,0
79_13,2013.0,0
79_13,2014.0,0
79_13,2015.0,0
79_13,2016.0,0
79_13,2017.0,0
79_13,2018.0,0
79_13,2019.0,4268
79_13,2020.0,2777
79_2,2001.0,0
79_2,2002.0,0
79_2,2003.0,0
79_2,2004.0,754
79_2,2005.0,1691
79_2,2006.0,2830
79_2,2007.0,4206
79_2,2008.0,3204
79_2,2009.0,2419
79_2,2010.0,1899
79_2,2011.0,1701
79_2,2012.0,2030
79_2,2013.0,1691
79_2,2014.0,848
79_2,2015.0,520
79_2,2016.0,0
79_2,2017.0,0
79_2,2018.0,0
79_2,2019.0,0
79_2,2020.0,0
79_4,2001.0,0
79_4,2002.0,0
79_4,2003.0,0
79_4,2004.0,0
79_4,2005.0,0
79_4,2006.0,0
79_4,2007.0,0
79_4,2008.0,0
79_4,2009.0,0
79_4,2010.0,0
79_4,2011.0,0
79_4,2012.0,0
79_4,2013.0,0
79_4,2014.0,0
79_4,2015.0,0
79_4,2016.0,0
79_4,2017.0,575
79_4,2018.0,11686
79_4,2019.0,14841
79_4,2020.0,10508
79_5,2001.0,446
79_5,2002.0,738
79_5,2003.0,872
79_5,2004.0,1028
79_5,2005.0,72
79_5,2006.0,0
79_5,2007.0,0
79_5,2008.0,0
79_5,2009.0,0
79_5,2010.0,0
79_5,2011.0,0
79_5,2012.0,0
79_5,2013.0,0
79_5,2014.0,0
79_5,2015.0,0
79_5,2016.0,0
79_5,2017.0,0
79_5,2018.0,0
79_5,2019.0,0
79_5,2020.0,0
79_6,2001.0,0
79_6,2002.0,0
79_6,2003.0,0
79_6,2004.0,0
79_6,2005.0,0
79_6,2006.0,0
79_6,2007.0,0
79_6,2008.0,0
79_6,2009.0,0
79_6,2010.0,0
79_6,2011.0,0
79_6,2012.0,0
79_6,2013.0,0
79_6,2014.0,0
79_6,2015.0,0
79_6,2016.0,1904
79_6,2017.0,9446
79_6,2018.0,8983
79_6,2019.0,11040
79_6,2020.0,7565
79_7,2001.0,7
79_7,2002.0,5
79_7,2003.0,112
79_7,2004.0,108
79_7,2005.0,81
79_7,2006.0,17
79_7,2007.0,0
79_7,2008.0,0
79_7,2009.0,0
79_7,2010.0,0
79_7,2011.0,0
79_7,2012.0,0
79_7,2013.0,0
79_7,2014.0,0
79_7,2015.0,0
79_7,2016.0,0
79_7,2017.0,0
79_7,2018.0,0
79_7,2019.0,0
79_7,2020.0,0
79_8,2001.0,1
79_8,2002.0,0
79_8,2003.0,0
79_8,2004.0,0
79_8,2005.0,1
79_8,2006.0,0
79_8,2007.0,0
79_8,2008.0,0
79_8,2009.0,1045
79_8,2010.0,1941
79_8,2011.0,2256
79_8,2012.0,1407
79_8,2013.0,664
79_8,2014.0,1
79_8,2015.0,0
79_8,2016.0,0
79_8,2017.0,0
79_8,2018.0,0
79_8,2019.0,0
79_8,2020.0,0
79_9,2001.0,444
79_9,2002.0,986
79_9,2003.0,2627
79_9,2004.0,3043
79_9,2005.0,3859
79_9,2006.0,6003
79_9,2007.0,7593
79_9,2008.0,8744
79_9,2009.0,11705
79_9,2010.0,13639
79_9,2011.0,16353
79_9,2012.0,15656
79_9,2013.0,17881
79_9,2014.0,20830
79_9,2015.0,18993
79_9,2016.0,18864
79_9,2017.0,15531
79_9,2018.0,12520
79_9,2019.0,13255
79_9,2020.0,8253
7_1,2001.0,0
7_1,2002.0,0
7_1,2003.0,0
7_1,2004.0,0
7_1,2005.0,0
7_1,2006.0,0
7_1,2007.0,0
7_1,2008.0,0
7_1,2009.0,0
7_1,2010.0,1451
7_1,2011.0,16721
7_1,2012.0,18743
7_1,2013.0,22405
7_1,2014.0,22709
7_1,2015.0,22789
7_1,2016.0,24047
7_1,2017.0,21212
7_1,2018.0,19038
7_1,2019.0,19976
7_1,2020.0,13292
7_11,2001.0,611
7_11,2002.0,1165
7_11,2003.0,1576
7_11,2004.0,2537
7_11,2005.0,4082
7_11,2006.0,5845
7_11,2007.0,9253
7_11,2008.0,8408
7_11,2009.0,5368
7_11,2010.0,8049
7_11,2011.0,8334
7_11,2012.0,9551
7_11,2013.0,11637
7_11,2014.0,11514
7_11,2015.0,11745
7_11,2016.0,13552
7_11,2017.0,8973
7_11,2018.0,8392
7_11,2019.0,9843
7_11,2020.0,4069
7_15,2001.0,0
7_15,2002.0,0
7_15,2003.0,0
7_15,2004.0,0
7_15,2005.0,0
7_15,2006.0,0
7_15,2007.0,0
7_15,2008.0,0
7_15,2009.0,0
7_15,2010.0,144
7_15,2011.0,1848
7_15,2012.0,1424
7_15,2013.0,1981
7_15,2014.0,1909
7_15,2015.0,1982
7_15,2016.0,2262
7_15,2017.0,1489
7_15,2018.0,1417
7_15,2019.0,1572
7_15,2020.0,729
7_16,2001.0,92
7_16,2002.0,100
7_16,2003.0,174
7_16,2004.0,378
7_16,2005.0,552
7_16,2006.0,535
7_16,2007.0,748
7_16,2008.0,878
7_16,2009.0,472
7_16,2010.0,588
7_16,2011.0,913
7_16,2012.0,818
7_16,2013.0,777
7_16,2014.0,879
7_16,2015.0,835
7_16,2016.0,707
7_16,2017.0,572
7_16,2018.0,928
7_16,2019.0,758
7_16,2020.0,404
7_17,2001.0,0
7_17,2002.0,2
7_17,2003.0,0
7_17,2004.0,1
7_17,2005.0,0
7_17,2006.0,430
7_17,2007.0,632
7_17,2008.0,561
7_17,2009.0,225
7_17,2010.0,0
7_17,2011.0,1
7_17,2012.0,0
7_17,2013.0,0
7_17,2014.0,0
7_17,2015.0,0
7_17,2016.0,0
7_17,2017.0,0
7_17,2018.0,0
7_17,2019.0,0
7_17,2020.0,0
7_18,2001.0,0
7_18,2002.0,0
7_18,2003.0,0
7_18,2004.0,0
7_18,2005.0,0
7_18,2006.0,0
7_18,2007.0,0
7_18,2008.0,0
7_18,2009.0,0
7_18,2010.0,0
7_18,2011.0,0
7_18,2012.0,0
7_18,2013.0,0
7_18,2014.0,0
7_18,2015.0,0
7_18,2016.0,648
7_18,2017.0,11645
7_18,2018.0,14253
7_18,2019.0,15487
7_18,2020.0,14817
7_19,2001.0,0
7_19,2002.0,0
7_19,2003.0,0
7_19,2004.0,0
7_19,2005.0,0
7_19,2006.0,0
7_19,2007.0,0
7_19,2008.0,0
7_19,2009.0,0
7_19,2010.0,0
7_19,2011.0,481
7_19,2012.0,6833
7_19,2013.0,12025
7_19,2014.0,13855
7_19,2015.0,14277
7_19,2016.0,16640
7_19,2017.0,15598
7_19,2018.0,12550
7_19,2019.0,13987
7_19,2020.0,12674
7_2,2001.0,1938
7_2,2002.0,2392
7_2,2003.0,1877
7_2,2004.0,2046
7_2,2005.0,1160
7_2,2006.0,0
7_2,2007.0,0
7_2,2008.0,0
7_2,2009.0,0
7_2,2010.0,0
7_2,2011.0,0
7_2,2012.0,0
7_2,2013.0,0
7_2,2014.0,0
7_2,2015.0,0
7_2,2016.0,0
7_2,2017.0,0
7_2,2018.0,0
7_2,2019.0,1
7_2,2020.0,0
7_20,2001.0,0
7_20,2002.0,0
7_20,2003.0,0
7_20,2004.0,0
7_20,2005.0,0
7_20,2006.0,0
7_20,2007.0,0
7_20,2008.0,210
7_20,2009.0,4111
7_20,2010.0,3913
7_20,2011.0,5819
7_20,2012.0,4881
7_20,2013.0,5796
7_20,2014.0,7582
7_20,2015.0,8950
7_20,2016.0,9620
7_20,2017.0,9167
7_20,2018.0,11504
7_20,2019.0,12148
7_20,2020.0,8364
7_21,2001.0,0
7_21,2002.0,0
7_21,2003.0,0
7_21,2004.0,0
7_21,2005.0,0
7_21,2006.0,1693
7_21,2007.0,3952
7_21,2008.0,2717
7_21,2009.0,1354
7_21,2010.0,1607
7_21,2011.0,1883
7_21,2012.0,2423
7_21,2013.0,3382
7_21,2014.0,3319
7_21,2015.0,3282
7_21,2016.0,4827
7_21,2017.0,4309
7_21,2018.0,4092
7_21,2019.0,4606
7_21,2020.0,3927
7_22,2001.0,6
7_22,2002.0,5
7_22,2003.0,2
7_22,2004.0,0
7_22,2005.0,0
7_22,2006.0,1
7_22,2007.0,1
7_22,2008.0,2
7_22,2009.0,0
7_22,2010.0,92
7_22,2011.0,387
7_22,2012.0,32
7_22,2013.0,1
7_22,2014.0,1
7_22,2015.0,0
7_22,2016.0,0
7_22,2017.0,0
7_22,2018.0,1
7_22,2019.0,0
7_22,2020.0,0
7_23,2001.0,0
7_23,2002.0,0
7_23,2003.0,0
7_23,2004.0,0
7_23,2005.0,0
7_23,2006.0,0
7_23,2007.0,263
7_23,2008.0,493
7_23,2009.0,261
7_23,2010.0,291
7_23,2011.0,243
7_23,2012.0,132
7_23,2013.0,203
7_23,2014.0,210
7_23,2015.0,192
7_23,2016.0,331
7_23,2017.0,298
7_23,2018.0,254
7_23,2019.0,131
7_23,2020.0,121
7_24,2001.0,0
7_24,2002.0,0
7_24,2003.0,0
7_24,2004.0,0
7_24,2005.0,0
7_24,2006.0,0
7_24,2007.0,0
7_24,2008.0,1
7_24,2009.0,0
7_24,2010.0,0
7_24,2011.0,0
7_24,2012.0,0
7_24,2013.0,11
7_24,2014.0,411
7_24,2015.0,310
7_24,2016.0,229
7_24,2017.0,0
7_24,2018.0,0
7_24,2019.0,37
7_24,2020.0,697
7_25,2001.0,0
7_25,2002.0,0
7_25,2003.0,0
7_25,2004.0,0
7_25,2005.0,0
7_25,2006.0,0
7_25,2007.0,0
7_25,2008.0,0
7_25,2009.0,0
7_25,2010.0,0
7_25,2011.0,0
7_25,2012.0,0
7_25,2013.0,0
7_25,2014.0,0
7_25,2015.0,692
7_25,2016.0,1107
7_25,2017.0,782
7_25,2018.0,1145
7_25,2019.0,837
7_25,2020.0,312
7_26,2001.0,126
7_26,2002.0,3
7_26,2003.0,0
7_26,2004.0,0
7_26,2005.0,0
7_26,2006.0,946
7_26,2007.0,1082
7_26,2008.0,57
7_26,2009.0,1
7_26,2010.0,0
7_26,2011.0,0
7_26,2012.0,53
7_26,2013.0,476
7_26,2014.0,776
7_26,2015.0,429
7_26,2016.0,0
7_26,2017.0,3
7_26,2018.0,550
7_26,2019.0,249
7_26,2020.0,491
7_3,2001.0,1492
7_3,2002.0,2302
7_3,2003.0,3665
7_3,2004.0,8405
7_3,2005.0,15652
7_3,2006.0,19805
7_3,2007.0,21098
7_3,2008.0,24398
7_3,2009.0,26633
7_3,2010.0,27721
7_3,2011.0,23030
7_3,2012.0,26994
7_3,2013.0,28775
7_3,2014.0,38841
7_3,2015.0,39145
7_3,2016.0,34335
7_3,2017.0,27935
7_3,2018.0,22958
7_3,2019.0,17396
7_3,2020.0,15079
7_30,2001.0,0
7_30,2002.0,0
7_30,2003.0,0
7_30,2004.0,0
7_30,2005.0,0
7_30,2006.0,0
7_30,2007.0,0
7_30,2008.0,0
7_30,2009.0,0
7_30,2010.0,0
7_30,2011.0,0
7_30,2012.0,69
7_30,2013.0,215
7_30,2014.0,323
7_30,2015.0,228
7_30,2016.0,2
7_30,2017.0,0
7_30,2018.0,37
7_30,2019.0,407
7_30,2020.0,162
7_31,2001.0,0
7_31,2002.0,38
7_31,2003.0,290
7_31,2004.0,132
7_31,2005.0,26
7_31,2006.0,0
7_31,2007.0,0
7_31,2008.0,218
7_31,2009.0,200
7_31,2010.0,55
7_31,2011.0,0
7_31,2012.0,0
7_31,2013.0,126
7_31,2014.0,446
7_31,2015.0,622
7_31,2016.0,649
7_31,2017.0,633
7_31,2018.0,200
7_31,2019.0,0
7_31,2020.0,663
7_33,2001.0,0
7_33,2002.0,0
7_33,2003.0,0
7_33,2004.0,0
7_33,2005.0,0
7_33,2006.0,0
7_33,2007.0,0
7_33,2008.0,0
7_33,2009.0,0
7_33,2010.0,0
7_33,2011.0,0
7_33,2012.0,0
7_33,2013.0,7
7_33,2014.0,108
7_33,2015.0,109
7_33,2016.0,125
7_33,2017.0,84
7_33,2018.0,9
7_33,2019.0,0
7_33,2020.0,127
7_34,2001.0,0
7_34,2002.0,0
7_34,2003.0,0
7_34,2004.0,0
7_34,2005.0,0
7_34,2006.0,0
7_34,2007.0,0
7_34,2008.0,0
7_34,2009.0,0
7_34,2010.0,0
7_34,2011.0,0
7_34,2012.0,0
7_34,2013.0,0
7_34,2014.0,429
7_34,2015.0,908
7_34,2016.0,586
7_34,2017.0,637
7_34,2018.0,307
7_34,2019.0,1
7_34,2020.0,0
7_35,2001.0,436
7_35,2002.0,502
7_35,2003.0,310
7_35,2004.0,2
7_35,2005.0,0
7_35,2006.0,89
7_35,2007.0,1157
7_35,2008.0,946
7_35,2009.0,871
7_35,2010.0,1165
7_35,2011.0,967
7_35,2012.0,666
7_35,2013.0,465
7_35,2014.0,2809
7_35,2015.0,3789
7_35,2016.0,4144
7_35,2017.0,4917
7_35,2018.0,3018
7_35,2019.0,2705
7_35,2020.0,1404
7_36,2001.0,29
7_36,2002.0,0
7_36,2003.0,188
7_36,2004.0,611
7_36,2005.0,429
7_36,2006.0,360
7_36,2007.0,226
7_36,2008.0,57
7_36,2009.0,374
7_36,2010.0,600
7_36,2011.0,486
7_36,2012.0,389
7_36,2013.0,384
7_36,2014.0,398
7_36,2015.0,416
7_36,2016.0,101
7_36,2017.0,2016
7_36,2018.0,1334
7_36,2019.0,227
7_36,2020.0,676
7_39,2001.0,0
7_39,2002.0,0
7_39,2003.0,0
7_39,2004.0,0
7_39,2005.0,0
7_39,2006.0,0
7_39,2007.0,408
7_39,2008.0,575
7_39,2009.0,143
7_39,2010.0,601
7_39,2011.0,539
7_39,2012.0,261
7_39,2013.0,318
7_39,2014.0,422
7_39,2015.0,722
7_39,2016.0,764
7_39,2017.0,3350
7_39,2018.0,2283
7_39,2019.0,85
7_39,2020.0,257
7_41,2001.0,29
7_41,2002.0,31
7_41,2003.0,19
7_41,2004.0,4
7_41,2005.0,0
7_41,2006.0,100
7_41,2007.0,92
7_41,2008.0,41
7_41,2009.0,17
7_41,2010.0,28
7_41,2011.0,1
7_41,2012.0,61
7_41,2013.0,88
7_41,2014.0,79
7_41,2015.0,96
7_41,2016.0,117
7_41,2017.0,165
7_41,2018.0,151
7_41,2019.0,117
7_41,2020.0,84
7_42,2001.0,0
7_42,2002.0,0
7_42,2003.0,0
7_42,2004.0,0
7_42,2005.0,0
7_42,2006.0,0
7_42,2007.0,0
7_42,2008.0,0
7_42,2009.0,0
7_42,2010.0,0
7_42,2011.0,0
7_42,2012.0,34
7_42,2013.0,66
7_42,2014.0,50
7_42,2015.0,117
7_42,2016.0,68
7_42,2017.0,54
7_42,2018.0,7
7_42,2019.0,70
7_42,2020.0,66
7_43,2001.0,45
7_43,2002.0,70
7_43,2003.0,5
7_43,2004.0,0
7_43,2005.0,0
7_43,2006.0,75
7_43,2007.0,96
7_43,2008.0,56
7_43,2009.0,18
7_43,2010.0,6
7_43,2011.0,0
7_43,2012.0,37
7_43,2013.0,56
7_43,2014.0,69
7_43,2015.0,175
7_43,2016.0,210
7_43,2017.0,62
7_43,2018.0,0
7_43,2019.0,0
7_43,2020.0,23
7_44,2001.0,0
7_44,2002.0,0
7_44,2003.0,1
7_44,2004.0,0
7_44,2005.0,0
7_44,2006.0,0
7_44,2007.0,0
7_44,2008.0,0
7_44,2009.0,0
7_44,2010.0,0
7_44,2011.0,0
7_44,2012.0,0
7_44,2013.0,685
7_44,2014.0,1775
7_44,2015.0,2172
7_44,2016.0,2046
7_44,2017.0,1237
7_44,2018.0,2046
7_44,2019.0,464
7_44,2020.0,1198
7_45,2001.0,0
7_45,2002.0,0
7_45,2003.0,0
7_45,2004.0,0
7_45,2005.0,0
7_45,2006.0,0
7_45,2007.0,0
7_45,2008.0,0
7_45,2009.0,0
7_45,2010.0,0
7_45,2011.0,0
7_45,2012.0,0
7_45,2013.0,0
7_45,2014.0,0
7_45,2015.0,0
7_45,2016.0,177
7_45,2017.0,1016
7_45,2018.0,871
7_45,2019.0,170
7_45,2020.0,568
7_46,2001.0,3606
7_46,2002.0,5115
7_46,2003.0,5827
7_46,2004.0,5527
7_46,2005.0,4047
7_46,2006.0,3190
7_46,2007.0,8371
7_46,2008.0,7497
7_46,2009.0,6208
7_46,2010.0,6524
7_46,2011.0,6507
7_46,2012.0,5507
7_46,2013.0,5973
7_46,2014.0,3298
7_46,2015.0,1485
7_46,2016.0,1837
7_46,2017.0,2856
7_46,2018.0,1875
7_46,2019.0,331
7_46,2020.0,178
7_47,2001.0,0
7_47,2002.0,0
7_47,2003.0,0
7_47,2004.0,0
7_47,2005.0,0
7_47,2006.0,0
7_47,2007.0,0
7_47,2008.0,0
7_47,2009.0,0
7_47,2010.0,0
7_47,2011.0,0
7_47,2012.0,0
7_47,2013.0,0
7_47,2014.0,0
7_47,2015.0,0
7_47,2016.0,151
7_47,2017.0,110
7_47,2018.0,334
7_47,2019.0,216
7_47,2020.0,145
7_48,2001.0,0
7_48,2002.0,0
7_48,2003.0,0
7_48,2004.0,0
7_48,2005.0,0
7_48,2006.0,0
7_48,2007.0,0
7_48,2008.0,0
7_48,2009.0,0
7_48,2010.0,1
7_48,2011.0,0
7_48,2012.0,133
7_48,2013.0,368
7_48,2014.0,590
7_48,2015.0,7105
7_48,2016.0,6977
7_48,2017.0,3992
7_48,2018.0,1836
7_48,2019.0,4003
7_48,2020.0,2716
7_49,2001.0,0
7_49,2002.0,0
7_49,2003.0,0
7_49,2004.0,0
7_49,2005.0,0
7_49,2006.0,0
7_49,2007.0,0
7_49,2008.0,0
7_49,2009.0,0
7_49,2010.0,0
7_49,2011.0,0
7_49,2012.0,0
7_49,2013.0,0
7_49,2014.0,0
7_49,2015.0,0
7_49,2016.0,0
7_49,2017.0,0
7_49,2018.0,634
7_49,2019.0,1813
7_49,2020.0,933
7_5,2001.0,2298
7_5,2002.0,5688
7_5,2003.0,9607
7_5,2004.0,13587
7_5,2005.0,15501
7_5,2006.0,20218
7_5,2007.0,21935
7_5,2008.0,21339
7_5,2009.0,16367
7_5,2010.0,15510
7_5,2011.0,15958
7_5,2012.0,15506
7_5,2013.0,17454
7_5,2014.0,18080
7_5,2015.0,17375
7_5,2016.0,23312
7_5,2017.0,19667
7_5,2018.0,12026
7_5,2019.0,13013
7_5,2020.0,8903
7_50,2001.0,0
7_50,2002.0,0
7_50,2003.0,0
7_50,2004.0,0
7_50,2005.0,0
7_50,2006.0,0
7_50,2007.0,0
7_50,2008.0,0
7_50,2009.0,0
7_50,2010.0,0
7_50,2011.0,0
7_50,2012.0,0
7_50,2013.0,0
7_50,2014.0,0
7_50,2015.0,0
7_50,2016.0,0
7_50,2017.0,0
7_50,2018.0,0
7_50,2019.0,881
7_50,2020.0,366
7_51,2001.0,0
7_51,2002.0,0
7_51,2003.0,0
7_51,2004.0,0
7_51,2005.0,0
7_51,2006.0,0
7_51,2007.0,0
7_51,2008.0,0
7_51,2009.0,0
7_51,2010.0,0
7_51,2011.0,0
7_51,2012.0,0
7_51,2013.0,0
7_51,2014.0,0
7_51,2015.0,0
7_51,2016.0,0
7_51,2017.0,0
7_51,2018.0,0
7_51,2019.0,1029
7_51,2020.0,5858
7_9,2001.0,0
7_9,2002.0,0
7_9,2003.0,0
7_9,2004.0,0
7_9,2005.0,0
7_9,2006.0,0
7_9,2007.0,1468
7_9,2008.0,4942
7_9,2009.0,7039
7_9,2010.0,11067
7_9,2011.0,9864
7_9,2012.0,10098
7_9,2013.0,11108
7_9,2014.0,10778
7_9,2015.0,9925
7_9,2016.0,7766
7_9,2017.0,10868
7_9,2018.0,9063
7_9,2019.0,9572
7_9,2020.0,5155
80_1,2001.0,0
80_1,2002.0,0
80_1,2003.0,0
80_1,2004.0,0
80_1,2005.0,0
80_1,2006.0,0
80_1,2007.0,0
80_1,2008.0,0
80_1,2009.0,0
80_1,2010.0,0
80_1,2011.0,1
80_1,2012.0,3808
80_1,2013.0,7125
80_1,2014.0,9264
80_1,2015.0,8116
80_1,2016.0,7762
80_1,2017.0,6091
80_1,2018.0,5125
80_1,2019.0,4546
80_1,2020.0,278
80_10,2001.0,0
80_10,2002.0,0
80_10,2003.0,0
80_10,2004.0,0
80_10,2005.0,0
80_10,2006.0,0
80_10,2007.0,0
80_10,2008.0,0
80_10,2009.0,587
80_10,2010.0,3940
80_10,2011.0,5398
80_10,2012.0,6920
80_10,2013.0,10478
80_10,2014.0,12401
80_10,2015.0,12673
80_10,2016.0,13146
80_10,2017.0,10875
80_10,2018.0,49
80_10,2019.0,0
80_10,2020.0,0
80_11,2001.0,4
80_11,2002.0,2
80_11,2003.0,0
80_11,2004.0,0
80_11,2005.0,0
80_11,2006.0,0
80_11,2007.0,0
80_11,2008.0,0
80_11,2009.0,0
80_11,2010.0,0
80_11,2011.0,0
80_11,2012.0,0
80_11,2013.0,0
80_11,2014.0,0
80_11,2015.0,0
80_11,2016.0,0
80_11,2017.0,0
80_11,2018.0,0
80_11,2019.0,0
80_11,2020.0,0
80_12,2001.0,0
80_12,2002.0,0
80_12,2003.0,0
80_12,2004.0,0
80_12,2005.0,0
80_12,2006.0,0
80_12,2007.0,0
80_12,2008.0,0
80_12,2009.0,0
80_12,2010.0,0
80_12,2011.0,0
80_12,2012.0,0
80_12,2013.0,0
80_12,2014.0,0
80_12,2015.0,0
80_12,2016.0,0
80_12,2017.0,0
80_12,2018.0,0
80_12,2019.0,1420
80_12,2020.0,3050
80_2,2001.0,3362
80_2,2002.0,4664
80_2,2003.0,6185
80_2,2004.0,8191
80_2,2005.0,10249
80_2,2006.0,11698
80_2,2007.0,12192
80_2,2008.0,13647
80_2,2009.0,15979
80_2,2010.0,12811
80_2,2011.0,13427
80_2,2012.0,15134
80_2,2013.0,19590
80_2,2014.0,15232
80_2,2015.0,18075
80_2,2016.0,19681
80_2,2017.0,17421
80_2,2018.0,16476
80_2,2019.0,14679
80_2,2020.0,9326
80_3,2001.0,0
80_3,2002.0,0
80_3,2003.0,0
80_3,2004.0,0
80_3,2005.0,0
80_3,2006.0,0
80_3,2007.0,0
80_3,2008.0,0
80_3,2009.0,0
80_3,2010.0,0
80_3,2011.0,0
80_3,2012.0,0
80_3,2013.0,0
80_3,2014.0,0
80_3,2015.0,0
80_3,2016.0,0
80_3,2017.0,83
80_3,2018.0,13625
80_3,2019.0,14566
80_3,2020.0,12213
80_4,2001.0,0
80_4,2002.0,0
80_4,2003.0,0
80_4,2004.0,0
80_4,2005.0,0
80_4,2006.0,0
80_4,2007.0,0
80_4,2008.0,0
80_4,2009.0,0
80_4,2010.0,0
80_4,2011.0,0
80_4,2012.0,0
80_4,2013.0,0
80_4,2014.0,0
80_4,2015.0,0
80_4,2016.0,0
80_4,2017.0,6052
80_4,2018.0,7547
80_4,2019.0,8778
80_4,2020.0,7310
80_5,2001.0,1392
80_5,2002.0,2240
80_5,2003.0,3209
80_5,2004.0,4032
80_5,2005.0,5643
80_5,2006.0,8272
80_5,2007.0,9246
80_5,2008.0,8097
80_5,2009.0,8874
80_5,2010.0,11950
80_5,2011.0,13854
80_5,2012.0,13744
80_5,2013.0,12554
80_5,2014.0,18624
80_5,2015.0,20500
80_5,2016.0,21156
80_5,2017.0,18337
80_5,2018.0,16501
80_5,2019.0,19631
80_5,2020.0,11363
80_6,2001.0,0
80_6,2002.0,0
80_6,2003.0,0
80_6,2004.0,0
80_6,2005.0,0
80_6,2006.0,0
80_6,2007.0,0
80_6,2008.0,0
80_6,2009.0,0
80_6,2010.0,0
80_6,2011.0,0
80_6,2012.0,190
80_6,2013.0,3611
80_6,2014.0,6004
80_6,2015.0,3458
80_6,2016.0,4422
80_6,2017.0,4010
80_6,2018.0,2154
80_6,2019.0,501
80_6,2020.0,0
80_8,2001.0,0
80_8,2002.0,0
80_8,2003.0,0
80_8,2004.0,0
80_8,2005.0,0
80_8,2006.0,583
80_8,2007.0,3113
80_8,2008.0,2517
80_8,2009.0,1273
80_8,2010.0,1451
80_8,2011.0,1712
80_8,2012.0,2518
80_8,2013.0,2729
80_8,2014.0,2781
80_8,2015.0,1727
80_8,2016.0,3
80_8,2017.0,0
80_8,2018.0,0
80_8,2019.0,0
80_8,2020.0,0
80_9,2001.0,0
80_9,2002.0,112
80_9,2003.0,272
80_9,2004.0,403
80_9,2005.0,529
80_9,2006.0,433
80_9,2007.0,416
80_9,2008.0,567
80_9,2009.0,1334
80_9,2010.0,2278
80_9,2011.0,3353
80_9,2012.0,4559
80_9,2013.0,4158
80_9,2014.0,5149
80_9,2015.0,5125
80_9,2016.0,8818
80_9,2017.0,9087
80_9,2018.0,7577
80_9,2019.0,6775
80_9,2020.0,4779
81_1,2001.0,1186
81_1,2002.0,1370
81_1,2003.0,1865
81_1,2004.0,4317
81_1,2005.0,6882
81_1,2006.0,10250
81_1,2007.0,11704
81_1,2008.0,9081
81_1,2009.0,4890
81_1,2010.0,4174
81_1,2011.0,2798
81_1,2012.0,200
81_1,2013.0,8
81_1,2014.0,2
81_1,2015.0,0
81_1,2016.0,0
81_1,2017.0,0
81_1,2018.0,0
81_1,2019.0,0
81_1,2020.0,0
81_3,2001.0,575
81_3,2002.0,838
81_3,2003.0,921
81_3,2004.0,1493
81_3,2005.0,1755
81_3,2006.0,1896
81_3,2007.0,1706
81_3,2008.0,1375
81_3,2009.0,814
81_3,2010.0,748
81_3,2011.0,414
81_3,2012.0,21
81_3,2013.0,1
81_3,2014.0,0
81_3,2015.0,0
81_3,2016.0,1
81_3,2017.0,0
81_3,2018.0,0
81_3,2019.0,0
81_3,2020.0,0
82_1,2001.0,0
82_1,2002.0,0
82_1,2003.0,0
82_1,2004.0,0
82_1,2005.0,0
82_1,2006.0,1
82_1,2007.0,1
82_1,2008.0,0
82_1,2009.0,0
82_1,2010.0,0
82_1,2011.0,0
82_1,2012.0,0
82_1,2013.0,0
82_1,2014.0,0
82_1,2015.0,0
82_1,2016.0,0
82_1,2017.0,0
82_1,2018.0,0
82_1,2019.0,0
82_1,2020.0,0
84_1,2001.0,0
84_1,2002.0,0
84_1,2003.0,0
84_1,2004.0,785
84_1,2005.0,2015
84_1,2006.0,1658
84_1,2007.0,164
84_1,2008.0,7
84_1,2009.0,0
84_1,2010.0,0
84_1,2011.0,0
84_1,2012.0,0
84_1,2013.0,0
84_1,2014.0,0
84_1,2015.0,5412
84_1,2016.0,5060
84_1,2017.0,4613
84_1,2018.0,3825
84_1,2019.0,1926
84_1,2020.0,703
84_2,2001.0,0
84_2,2002.0,2
84_2,2003.0,1486
84_2,2004.0,2867
84_2,2005.0,2173
84_2,2006.0,2386
84_2,2007.0,3275
84_2,2008.0,5288
84_2,2009.0,6391
84_2,2010.0,5920
84_2,2011.0,4085
84_2,2012.0,4804
84_2,2013.0,4540
84_2,2014.0,3767
84_2,2015.0,2138
84_2,2016.0,5499
84_2,2017.0,4574
84_2,2018.0,3339
84_2,2019.0,1878
84_2,2020.0,598
84_3,2001.0,0
84_3,2002.0,0
84_3,2003.0,408
84_3,2004.0,1305
84_3,2005.0,811
84_3,2006.0,297
84_3,2007.0,83
84_3,2008.0,0
84_3,2009.0,0
84_3,2010.0,0
84_3,2011.0,0
84_3,2012.0,0
84_3,2013.0,0
84_3,2014.0,0
84_3,2015.0,0
84_3,2016.0,0
84_3,2017.0,0
84_3,2018.0,0
84_3,2019.0,0
84_3,2020.0,0
85_1,2001.0,0
85_1,2002.0,0
85_1,2003.0,0
85_1,2004.0,0
85_1,2005.0,0
85_1,2006.0,0
85_1,2007.0,0
85_1,2008.0,0
85_1,2009.0,0
85_1,2010.0,0
85_1,2011.0,89
85_1,2012.0,513
85_1,2013.0,418
85_1,2014.0,816
85_1,2015.0,1227
85_1,2016.0,1048
85_1,2017.0,886
85_1,2018.0,733
85_1,2019.0,697
85_1,2020.0,724
85_3,2001.0,0
85_3,2002.0,0
85_3,2003.0,0
85_3,2004.0,0
85_3,2005.0,0
85_3,2006.0,124
85_3,2007.0,75
85_3,2008.0,58
85_3,2009.0,106
85_3,2010.0,54
85_3,2011.0,11
85_3,2012.0,0
85_3,2013.0,0
85_3,2014.0,0
85_3,2015.0,0
85_3,2016.0,0
85_3,2017.0,0
85_3,2018.0,0
85_3,2019.0,0
85_3,2020.0,0
85_4,2001.0,0
85_4,2002.0,1
85_4,2003.0,1
85_4,2004.0,1
85_4,2005.0,1
85_4,2006.0,0
85_4,2007.0,0
85_4,2008.0,0
85_4,2009.0,0
85_4,2010.0,0
85_4,2011.0,0
85_4,2012.0,0
85_4,2013.0,0
85_4,2014.0,0
85_4,2015.0,0
85_4,2016.0,0
85_4,2017.0,0
85_4,2018.0,0
85_4,2019.0,0
85_4,2020.0,0
85_5,2001.0,0
85_5,2002.0,1
85_5,2003.0,27
85_5,2004.0,221
85_5,2005.0,375
85_5,2006.0,208
85_5,2007.0,171
85_5,2008.0,106
85_5,2009.0,215
85_5,2010.0,53
85_5,2011.0,46
85_5,2012.0,119
85_5,2013.0,11
85_5,2014.0,334
85_5,2015.0,362
85_5,2016.0,350
85_5,2017.0,412
85_5,2018.0,326
85_5,2019.0,310
85_5,2020.0,202
85_6,2001.0,0
85_6,2002.0,0
85_6,2003.0,0
85_6,2004.0,0
85_6,2005.0,31
85_6,2006.0,66
85_6,2007.0,110
85_6,2008.0,81
85_6,2009.0,142
85_6,2010.0,51
85_6,2011.0,25
85_6,2012.0,103
85_6,2013.0,145
85_6,2014.0,253
85_6,2015.0,431
85_6,2016.0,625
85_6,2017.0,597
85_6,2018.0,493
85_6,2019.0,57
85_6,2020.0,4
85_7,2001.0,0
85_7,2002.0,0
85_7,2003.0,0
85_7,2004.0,0
85_7,2005.0,0
85_7,2006.0,0
85_7,2007.0,0
85_7,2008.0,0
85_7,2009.0,0
85_7,2010.0,0
85_7,2011.0,0
85_7,2012.0,0
85_7,2013.0,0
85_7,2014.0,0
85_7,2015.0,1021
85_7,2016.0,2108
85_7,2017.0,1360
85_7,2018.0,1064
85_7,2019.0,725
85_7,2020.0,496
86_1,2001.0,0
86_1,2002.0,0
86_1,2003.0,0
86_1,2004.0,0
86_1,2005.0,0
86_1,2006.0,0
86_1,2007.0,0
86_1,2008.0,0
86_1,2009.0,0
86_1,2010.0,0
86_1,2011.0,0
86_1,2012.0,69
86_1,2013.0,122
86_1,2014.0,121
86_1,2015.0,116
86_1,2016.0,123
86_1,2017.0,144
86_1,2018.0,84
86_1,2019.0,76
86_1,2020.0,24
86_10,2001.0,0
86_10,2002.0,0
86_10,2003.0,0
86_10,2004.0,0
86_10,2005.0,0
86_10,2006.0,0
86_10,2007.0,0
86_10,2008.0,0
86_10,2009.0,0
86_10,2010.0,81
86_10,2011.0,141
86_10,2012.0,136
86_10,2013.0,73
86_10,2014.0,341
86_10,2015.0,282
86_10,2016.0,335
86_10,2017.0,304
86_10,2018.0,105
86_10,2019.0,5
86_10,2020.0,0
86_11,2001.0,0
86_11,2002.0,0
86_11,2003.0,0
86_11,2004.0,0
86_11,2005.0,0
86_11,2006.0,0
86_11,2007.0,0
86_11,2008.0,0
86_11,2009.0,0
86_11,2010.0,0
86_11,2011.0,2
86_11,2012.0,555
86_11,2013.0,586
86_11,2014.0,625
86_11,2015.0,633
86_11,2016.0,739
86_11,2017.0,597
86_11,2018.0,1093
86_11,2019.0,918
86_11,2020.0,318
86_2,2001.0,391
86_2,2002.0,546
86_2,2003.0,1114
86_2,2004.0,1336
86_2,2005.0,1498
86_2,2006.0,1234
86_2,2007.0,1053
86_2,2008.0,691
86_2,2009.0,642
86_2,2010.0,969
86_2,2011.0,933
86_2,2012.0,468
86_2,2013.0,846
86_2,2014.0,1142
86_2,2015.0,1111
86_2,2016.0,1192
86_2,2017.0,842
86_2,2018.0,884
86_2,2019.0,1008
86_2,2020.0,206
86_3,2001.0,1092
86_3,2002.0,1253
86_3,2003.0,1922
86_3,2004.0,1852
86_3,2005.0,2278
86_3,2006.0,1852
86_3,2007.0,1942
86_3,2008.0,1092
86_3,2009.0,785
86_3,2010.0,819
86_3,2011.0,126
86_3,2012.0,20
86_3,2013.0,10
86_3,2014.0,115
86_3,2015.0,170
86_3,2016.0,149
86_3,2017.0,78
86_3,2018.0,159
86_3,2019.0,108
86_3,2020.0,11
86_4,2001.0,9
86_4,2002.0,0
86_4,2003.0,0
86_4,2004.0,0
86_4,2005.0,0
86_4,2006.0,0
86_4,2007.0,59
86_4,2008.0,309
86_4,2009.0,280
86_4,2010.0,55
86_4,2011.0,1
86_4,2012.0,0
86_4,2013.0,0
86_4,2014.0,0
86_4,2015.0,0
86_4,2016.0,0
86_4,2017.0,0
86_4,2018.0,0
86_4,2019.0,0
86_4,2020.0,0
86_5,2001.0,275
86_5,2002.0,255
86_5,2003.0,424
86_5,2004.0,747
86_5,2005.0,941
86_5,2006.0,878
86_5,2007.0,548
86_5,2008.0,501
86_5,2009.0,524
86_5,2010.0,509
86_5,2011.0,483
86_5,2012.0,249
86_5,2013.0,178
86_5,2014.0,4
86_5,2015.0,3
86_5,2016.0,0
86_5,2017.0,1
86_5,2018.0,0
86_5,2019.0,0
86_5,2020.0,1
86_6,2001.0,0
86_6,2002.0,0
86_6,2003.0,0
86_6,2004.0,0
86_6,2005.0,0
86_6,2006.0,0
86_6,2007.0,0
86_6,2008.0,0
86_6,2009.0,0
86_6,2010.0,0
86_6,2011.0,0
86_6,2012.0,0
86_6,2013.0,0
86_6,2014.0,0
86_6,2015.0,163
86_6,2016.0,187
86_6,2017.0,106
86_6,2018.0,14
86_6,2019.0,74
86_6,2020.0,64
86_7,2001.0,0
86_7,2002.0,0
86_7,2003.0,45
86_7,2004.0,341
86_7,2005.0,485
86_7,2006.0,606
86_7,2007.0,506
86_7,2008.0,359
86_7,2009.0,435
86_7,2010.0,591
86_7,2011.0,594
86_7,2012.0,314
86_7,2013.0,289
86_7,2014.0,248
86_7,2015.0,783
86_7,2016.0,757
86_7,2017.0,458
86_7,2018.0,645
86_7,2019.0,571
86_7,2020.0,240
87_1,2001.0,71
87_1,2002.0,58
87_1,2003.0,1026
87_1,2004.0,2135
87_1,2005.0,2414
87_1,2006.0,1323
87_1,2007.0,0
87_1,2008.0,0
87_1,2009.0,6177
87_1,2010.0,4770
87_1,2011.0,4742
87_1,2012.0,4915
87_1,2013.0,12326
87_1,2014.0,13273
87_1,2015.0,1848
87_1,2016.0,0
87_1,2017.0,0
87_1,2018.0,0
87_1,2019.0,0
87_1,2020.0,0
87_10,2001.0,222
87_10,2002.0,498
87_10,2003.0,176
87_10,2004.0,1
87_10,2005.0,2369
87_10,2006.0,6455
87_10,2007.0,10442
87_10,2008.0,9898
87_10,2009.0,8586
87_10,2010.0,6900
87_10,2011.0,6732
87_10,2012.0,9491
87_10,2013.0,9017
87_10,2014.0,10318
87_10,2015.0,12592
87_10,2016.0,10623
87_10,2017.0,7932
87_10,2018.0,10021
87_10,2019.0,10931
87_10,2020.0,7975
87_11,2001.0,0
87_11,2002.0,0
87_11,2003.0,0
87_11,2004.0,0
87_11,2005.0,0
87_11,2006.0,1554
87_11,2007.0,3398
87_11,2008.0,3210
87_11,2009.0,2569
87_11,2010.0,2313
87_11,2011.0,2455
87_11,2012.0,2134
87_11,2013.0,3492
87_11,2014.0,6699
87_11,2015.0,3935
87_11,2016.0,3487
87_11,2017.0,3045
87_11,2018.0,2740
87_11,2019.0,2027
87_11,2020.0,877
87_13,2001.0,1141
87_13,2002.0,1982
87_13,2003.0,2719
87_13,2004.0,3725
87_13,2005.0,3816
87_13,2006.0,3327
87_13,2007.0,3774
87_13,2008.0,3013
87_13,2009.0,2463
87_13,2010.0,2064
87_13,2011.0,1604
87_13,2012.0,939
87_13,2013.0,1174
87_13,2014.0,525
87_13,2015.0,5699
87_13,2016.0,11040
87_13,2017.0,10936
87_13,2018.0,11938
87_13,2019.0,12497
87_13,2020.0,5141
87_14,2001.0,1435
87_14,2002.0,2090
87_14,2003.0,2537
87_14,2004.0,2395
87_14,2005.0,1914
87_14,2006.0,873
87_14,2007.0,721
87_14,2008.0,7
87_14,2009.0,0
87_14,2010.0,0
87_14,2011.0,0
87_14,2012.0,0
87_14,2013.0,0
87_14,2014.0,0
87_14,2015.0,0
87_14,2016.0,0
87_14,2017.0,0
87_14,2018.0,0
87_14,2019.0,0
87_14,2020.0,0
87_2,2001.0,44
87_2,2002.0,7
87_2,2003.0,0
87_2,2004.0,0
87_2,2005.0,0
87_2,2006.0,0
87_2,2007.0,0
87_2,2008.0,0
87_2,2009.0,0
87_2,2010.0,0
87_2,2011.0,0
87_2,2012.0,0
87_2,2013.0,0
87_2,2014.0,0
87_2,2015.0,0
87_2,2016.0,1929
87_2,2017.0,2180
87_2,2018.0,1417
87_2,2019.0,1046
87_2,2020.0,0
87_3,2001.0,0
87_3,2002.0,0
87_3,2003.0,0
87_3,2004.0,0
87_3,2005.0,0
87_3,2006.0,0
87_3,2007.0,0
87_3,2008.0,0
87_3,2009.0,0
87_3,2010.0,0
87_3,2011.0,0
87_3,2012.0,0
87_3,2013.0,0
87_3,2014.0,34
87_3,2015.0,7356
87_3,2016.0,7963
87_3,2017.0,6345
87_3,2018.0,4069
87_3,2019.0,2129
87_3,2020.0,0
87_4,2001.0,0
87_4,2002.0,0
87_4,2003.0,0
87_4,2004.0,0
87_4,2005.0,0
87_4,2006.0,0
87_4,2007.0,0
87_4,2008.0,0
87_4,2009.0,0
87_4,2010.0,0
87_4,2011.0,5
87_4,2012.0,255
87_4,2013.0,23
87_4,2014.0,0
87_4,2015.0,0
87_4,2016.0,0
87_4,2017.0,0
87_4,2018.0,0
87_4,2019.0,0
87_4,2020.0,0
87_5,2001.0,798
87_5,2002.0,1117
87_5,2003.0,1609
87_5,2004.0,2093
87_5,2005.0,1983
87_5,2006.0,1442
87_5,2007.0,1583
87_5,2008.0,23
87_5,2009.0,0
87_5,2010.0,0
87_5,2011.0,0
87_5,2012.0,0
87_5,2013.0,0
87_5,2014.0,0
87_5,2015.0,0
87_5,2016.0,253
87_5,2017.0,5765
87_5,2018.0,5654
87_5,2019.0,3579
87_5,2020.0,3924
87_6,2001.0,1208
87_6,2002.0,1732
87_6,2003.0,2178
87_6,2004.0,2485
87_6,2005.0,2008
87_6,2006.0,1832
87_6,2007.0,1804
87_6,2008.0,1248
87_6,2009.0,845
87_6,2010.0,663
87_6,2011.0,744
87_6,2012.0,904
87_6,2013.0,871
87_6,2014.0,863
87_6,2015.0,968
87_6,2016.0,1036
87_6,2017.0,934
87_6,2018.0,477
87_6,2019.0,1169
87_6,2020.0,862
87_7,2001.0,0
87_7,2002.0,0
87_7,2003.0,0
87_7,2004.0,0
87_7,2005.0,0
87_7,2006.0,0
87_7,2007.0,0
87_7,2008.0,0
87_7,2009.0,0
87_7,2010.0,0
87_7,2011.0,11
87_7,2012.0,184
87_7,2013.0,88
87_7,2014.0,30
87_7,2015.0,0
87_7,2016.0,0
87_7,2017.0,0
87_7,2018.0,0
87_7,2019.0,0
87_7,2020.0,0
87_8,2001.0,58
87_8,2002.0,283
87_8,2003.0,363
87_8,2004.0,658
87_8,2005.0,668
87_8,2006.0,405
87_8,2007.0,433
87_8,2008.0,26
87_8,2009.0,0
87_8,2010.0,0
87_8,2011.0,0
87_8,2012.0,0
87_8,2013.0,0
87_8,2014.0,0
87_8,2015.0,0
87_8,2016.0,0
87_8,2017.0,0
87_8,2018.0,0
87_8,2019.0,0
87_8,2020.0,0
87_9,2001.0,0
87_9,2002.0,0
87_9,2003.0,0
87_9,2004.0,0
87_9,2005.0,0
87_9,2006.0,0
87_9,2007.0,0
87_9,2008.0,2114
87_9,2009.0,2835
87_9,2010.0,1563
87_9,2011.0,1607
87_9,2012.0,3913
87_9,2013.0,3589
87_9,2014.0,3208
87_9,2015.0,61
87_9,2016.0,0
87_9,2017.0,0
87_9,2018.0,0
87_9,2019.0,0
87_9,2020.0,0
88_1,2001.0,34
88_1,2002.0,12
88_1,2003.0,3
88_1,2004.0,1
88_1,2005.0,0
88_1,2006.0,0
88_1,2007.0,0
88_1,2008.0,0
88_1,2009.0,0
88_1,2010.0,0
88_1,2011.0,0
88_1,2012.0,0
88_1,2013.0,0
88_1,2014.0,0
88_1,2015.0,0
88_1,2016.0,0
88_1,2017.0,0
88_1,2018.0,0
88_1,2019.0,0
88_1,2020.0,0
88_2,2001.0,0
88_2,2002.0,0
88_2,2003.0,0
88_2,2004.0,0
88_2,2005.0,60
88_2,2006.0,19
88_2,2007.0,1
88_2,2008.0,0
88_2,2009.0,0
88_2,2010.0,0
88_2,2011.0,0
88_2,2012.0,0
88_2,2013.0,0
88_2,2014.0,0
88_2,2015.0,0
88_2,2016.0,0
88_2,2017.0,0
88_2,2018.0,0
88_2,2019.0,0
88_2,2020.0,0
88_3,2001.0,0
88_3,2002.0,1
88_3,2003.0,70
88_3,2004.0,57
88_3,2005.0,35
88_3,2006.0,8
88_3,2007.0,1
88_3,2008.0,2
88_3,2009.0,0
88_3,2010.0,0
88_3,2011.0,0
88_3,2012.0,0
88_3,2013.0,0
88_3,2014.0,0
88_3,2015.0,0
88_3,2016.0,0
88_3,2017.0,0
88_3,2018.0,0
88_3,2019.0,0
88_3,2020.0,0
88_4,2001.0,156
88_4,2002.0,99
88_4,2003.0,93
88_4,2004.0,40
88_4,2005.0,72
88_4,2006.0,43
88_4,2007.0,8
88_4,2008.0,6
88_4,2009.0,2
88_4,2010.0,1
88_4,2011.0,1
88_4,2012.0,1
88_4,2013.0,0
88_4,2014.0,0
88_4,2015.0,0
88_4,2016.0,0
88_4,2017.0,0
88_4,2018.0,0
88_4,2019.0,0
88_4,2020.0,0
89_1,2001.0,4
89_1,2002.0,0
89_1,2003.0,2
89_1,2004.0,2
89_1,2005.0,5
89_1,2006.0,0
89_1,2007.0,1
89_1,2008.0,0
89_1,2009.0,0
89_1,2010.0,0
89_1,2011.0,0
89_1,2012.0,0
89_1,2013.0,0
89_1,2014.0,0
89_1,2015.0,0
89_1,2016.0,0
89_1,2017.0,0
89_1,2018.0,0
89_1,2019.0,0
89_1,2020.0,0
8_1,2001.0,0
8_1,2002.0,0
8_1,2003.0,0
8_1,2004.0,3541
8_1,2005.0,12155
8_1,2006.0,14621
8_1,2007.0,16022
8_1,2008.0,21738
8_1,2009.0,24467
8_1,2010.0,27149
8_1,2011.0,25065
8_1,2012.0,30517
8_1,2013.0,36583
8_1,2014.0,29722
8_1,2015.0,30499
8_1,2016.0,28879
8_1,2017.0,27044
8_1,2018.0,22628
8_1,2019.0,23624
8_1,2020.0,20764
8_11,2001.0,0
8_11,2002.0,0
8_11,2003.0,25
8_11,2004.0,1290
8_11,2005.0,1457
8_11,2006.0,1569
8_11,2007.0,1323
8_11,2008.0,1206
8_11,2009.0,645
8_11,2010.0,569
8_11,2011.0,667
8_11,2012.0,1707
8_11,2013.0,2130
8_11,2014.0,2077
8_11,2015.0,2018
8_11,2016.0,1834
8_11,2017.0,1296
8_11,2018.0,2288
8_11,2019.0,1035
8_11,2020.0,227
8_14,2001.0,393
8_14,2002.0,281
8_14,2003.0,486
8_14,2004.0,445
8_14,2005.0,739
8_14,2006.0,1197
8_14,2007.0,766
8_14,2008.0,824
8_14,2009.0,661
8_14,2010.0,814
8_14,2011.0,985
8_14,2012.0,978
8_14,2013.0,795
8_14,2014.0,951
8_14,2015.0,745
8_14,2016.0,1518
8_14,2017.0,1500
8_14,2018.0,1374
8_14,2019.0,1458
8_14,2020.0,888
8_2,2001.0,0
8_2,2002.0,0
8_2,2003.0,0
8_2,2004.0,0
8_2,2005.0,0
8_2,2006.0,0
8_2,2007.0,0
8_2,2008.0,0
8_2,2009.0,0
8_2,2010.0,0
8_2,2011.0,0
8_2,2012.0,0
8_2,2013.0,1
8_2,2014.0,4376
8_2,2015.0,15197
8_2,2016.0,19046
8_2,2017.0,15426
8_2,2018.0,18884
8_2,2019.0,14842
8_2,2020.0,9408
8_27,2001.0,0
8_27,2002.0,0
8_27,2003.0,0
8_27,2004.0,0
8_27,2005.0,0
8_27,2006.0,0
8_27,2007.0,0
8_27,2008.0,0
8_27,2009.0,0
8_27,2010.0,0
8_27,2011.0,0
8_27,2012.0,0
8_27,2013.0,119
8_27,2014.0,1205
8_27,2015.0,1879
8_27,2016.0,2131
8_27,2017.0,3056
8_27,2018.0,3491
8_27,2019.0,4596
8_27,2020.0,4204
8_28,2001.0,0
8_28,2002.0,0
8_28,2003.0,0
8_28,2004.0,0
8_28,2005.0,0
8_28,2006.0,0
8_28,2007.0,0
8_28,2008.0,0
8_28,2009.0,0
8_28,2010.0,0
8_28,2011.0,0
8_28,2012.0,0
8_28,2013.0,0
8_28,2014.0,201
8_28,2015.0,644
8_28,2016.0,447
8_28,2017.0,232
8_28,2018.0,389
8_28,2019.0,248
8_28,2020.0,80
8_29,2001.0,0
8_29,2002.0,0
8_29,2003.0,0
8_29,2004.0,0
8_29,2005.0,0
8_29,2006.0,0
8_29,2007.0,0
8_29,2008.0,0
8_29,2009.0,0
8_29,2010.0,0
8_29,2011.0,0
8_29,2012.0,0
8_29,2013.0,0
8_29,2014.0,974
8_29,2015.0,1502
8_29,2016.0,2358
8_29,2017.0,2807
8_29,2018.0,3010
8_29,2019.0,2604
8_29,2020.0,2636
8_30,2001.0,309
8_30,2002.0,1188
8_30,2003.0,1866
8_30,2004.0,1305
8_30,2005.0,892
8_30,2006.0,299
8_30,2007.0,444
8_30,2008.0,1111
8_30,2009.0,659
8_30,2010.0,623
8_30,2011.0,721
8_30,2012.0,746
8_30,2013.0,630
8_30,2014.0,238
8_30,2015.0,581
8_30,2016.0,777
8_30,2017.0,952
8_30,2018.0,855
8_30,2019.0,561
8_30,2020.0,1583
8_31,2001.0,0
8_31,2002.0,0
8_31,2003.0,0
8_31,2004.0,0
8_31,2005.0,0
8_31,2006.0,0
8_31,2007.0,0
8_31,2008.0,0
8_31,2009.0,0
8_31,2010.0,0
8_31,2011.0,0
8_31,2012.0,0
8_31,2013.0,0
8_31,2014.0,996
8_31,2015.0,1940
8_31,2016.0,1709
8_31,2017.0,1925
8_31,2018.0,2123
8_31,2019.0,1798
8_31,2020.0,1141
8_32,2001.0,233
8_32,2002.0,153
8_32,2003.0,37
8_32,2004.0,1
8_32,2005.0,282
8_32,2006.0,265
8_32,2007.0,225
8_32,2008.0,82
8_32,2009.0,19
8_32,2010.0,11
8_32,2011.0,82
8_32,2012.0,374
8_32,2013.0,571
8_32,2014.0,490
8_32,2015.0,381
8_32,2016.0,404
8_32,2017.0,22
8_32,2018.0,140
8_32,2019.0,611
8_32,2020.0,393
8_33,2001.0,0
8_33,2002.0,0
8_33,2003.0,0
8_33,2004.0,0
8_33,2005.0,133
8_33,2006.0,100
8_33,2007.0,52
8_33,2008.0,22
8_33,2009.0,14
8_33,2010.0,5
8_33,2011.0,1
8_33,2012.0,47
8_33,2013.0,118
8_33,2014.0,203
8_33,2015.0,203
8_33,2016.0,200
8_33,2017.0,135
8_33,2018.0,57
8_33,2019.0,0
8_33,2020.0,0
8_35,2001.0,1
8_35,2002.0,0
8_35,2003.0,0
8_35,2004.0,0
8_35,2005.0,0
8_35,2006.0,0
8_35,2007.0,0
8_35,2008.0,0
8_35,2009.0,464
8_35,2010.0,5212
8_35,2011.0,6291
8_35,2012.0,5601
8_35,2013.0,7261
8_35,2014.0,7873
8_35,2015.0,4568
8_35,2016.0,12247
8_35,2017.0,13353
8_35,2018.0,14626
8_35,2019.0,13529
8_35,2020.0,7396
8_36,2001.0,0
8_36,2002.0,0
8_36,2003.0,0
8_36,2004.0,0
8_36,2005.0,0
8_36,2006.0,0
8_36,2007.0,0
8_36,2008.0,0
8_36,2009.0,0
8_36,2010.0,0
8_36,2011.0,0
8_36,2012.0,0
8_36,2013.0,0
8_36,2014.0,0
8_36,2015.0,0
8_36,2016.0,0
8_36,2017.0,0
8_36,2018.0,4880
8_36,2019.0,6918
8_36,2020.0,3420
8_37,2001.0,0
8_37,2002.0,0
8_37,2003.0,2
8_37,2004.0,3617
8_37,2005.0,4145
8_37,2006.0,4792
8_37,2007.0,3331
8_37,2008.0,2099
8_37,2009.0,1663
8_37,2010.0,1035
8_37,2011.0,4370
8_37,2012.0,7104
8_37,2013.0,7296
8_37,2014.0,6148
8_37,2015.0,7001
8_37,2016.0,8903
8_37,2017.0,7931
8_37,2018.0,8197
8_37,2019.0,15773
8_37,2020.0,7438
8_38,2001.0,0
8_38,2002.0,0
8_38,2003.0,0
8_38,2004.0,0
8_38,2005.0,0
8_38,2006.0,0
8_38,2007.0,0
8_38,2008.0,0
8_38,2009.0,0
8_38,2010.0,0
8_38,2011.0,0
8_38,2012.0,0
8_38,2013.0,0
8_38,2014.0,741
8_38,2015.0,2052
8_38,2016.0,2690
8_38,2017.0,2136
8_38,2018.0,2064
8_38,2019.0,3998
8_38,2020.0,1830
8_39,2001.0,1212
8_39,2002.0,2309
8_39,2003.0,3655
8_39,2004.0,4392
8_39,2005.0,7064
8_39,2006.0,4328
8_39,2007.0,4410
8_39,2008.0,3917
8_39,2009.0,4381
8_39,2010.0,4168
8_39,2011.0,4405
8_39,2012.0,4311
8_39,2013.0,3543
8_39,2014.0,5622
8_39,2015.0,7306
8_39,2016.0,6734
8_39,2017.0,6345
8_39,2018.0,7443
8_39,2019.0,9055
8_39,2020.0,5345
8_41,2001.0,0
8_41,2002.0,0
8_41,2003.0,0
8_41,2004.0,0
8_41,2005.0,0
8_41,2006.0,0
8_41,2007.0,1
8_41,2008.0,502
8_41,2009.0,1008
8_41,2010.0,816
8_41,2011.0,809
8_41,2012.0,1159
8_41,2013.0,1236
8_41,2014.0,1404
8_41,2015.0,1282
8_41,2016.0,1794
8_41,2017.0,1338
8_41,2018.0,2114
8_41,2019.0,643
8_41,2020.0,1077
8_43,2001.0,1459
8_43,2002.0,872
8_43,2003.0,60
8_43,2004.0,1
8_43,2005.0,0
8_43,2006.0,0
8_43,2007.0,1
8_43,2008.0,1
8_43,2009.0,0
8_43,2010.0,0
8_43,2011.0,0
8_43,2012.0,0
8_43,2013.0,0
8_43,2014.0,0
8_43,2015.0,0
8_43,2016.0,0
8_43,2017.0,0
8_43,2018.0,0
8_43,2019.0,0
8_43,2020.0,0
8_45,2001.0,0
8_45,2002.0,0
8_45,2003.0,2585
8_45,2004.0,3109
8_45,2005.0,2139
8_45,2006.0,3025
8_45,2007.0,3172
8_45,2008.0,1769
8_45,2009.0,2433
8_45,2010.0,1953
8_45,2011.0,1885
8_45,2012.0,1896
8_45,2013.0,1582
8_45,2014.0,1884
8_45,2015.0,1561
8_45,2016.0,1197
8_45,2017.0,134
8_45,2018.0,0
8_45,2019.0,1928
8_45,2020.0,1428
8_47,2001.0,17
8_47,2002.0,9
8_47,2003.0,5
8_47,2004.0,0
8_47,2005.0,0
8_47,2006.0,0
8_47,2007.0,0
8_47,2008.0,0
8_47,2009.0,0
8_47,2010.0,0
8_47,2011.0,0
8_47,2012.0,0
8_47,2013.0,0
8_47,2014.0,0
8_47,2015.0,0
8_47,2016.0,0
8_47,2017.0,0
8_47,2018.0,0
8_47,2019.0,0
8_47,2020.0,0
8_48,2001.0,0
8_48,2002.0,0
8_48,2003.0,0
8_48,2004.0,0
8_48,2005.0,0
8_48,2006.0,0
8_48,2007.0,0
8_48,2008.0,0
8_48,2009.0,1
8_48,2010.0,0
8_48,2011.0,1
8_48,2012.0,318
8_48,2013.0,1591
8_48,2014.0,1755
8_48,2015.0,1498
8_48,2016.0,2724
8_48,2017.0,4477
8_48,2018.0,3998
8_48,2019.0,3921
8_48,2020.0,3350
8_49,2001.0,0
8_49,2002.0,0
8_49,2003.0,0
8_49,2004.0,0
8_49,2005.0,0
8_49,2006.0,0
8_49,2007.0,0
8_49,2008.0,0
8_49,2009.0,0
8_49,2010.0,0
8_49,2011.0,0
8_49,2012.0,0
8_49,2013.0,0
8_49,2014.0,0
8_49,2015.0,0
8_49,2016.0,0
8_49,2017.0,0
8_49,2018.0,219
8_49,2019.0,1209
8_49,2020.0,1864
8_5,2001.0,9056
8_5,2002.0,13416
8_5,2003.0,17630
8_5,2004.0,17464
8_5,2005.0,21106
8_5,2006.0,29965
8_5,2007.0,38244
8_5,2008.0,31514
8_5,2009.0,28532
8_5,2010.0,32119
8_5,2011.0,33730
8_5,2012.0,37271
8_5,2013.0,37365
8_5,2014.0,34307
8_5,2015.0,32799
8_5,2016.0,32119
8_5,2017.0,30716
8_5,2018.0,25391
8_5,2019.0,25262
8_5,2020.0,19985
8_50,2001.0,0
8_50,2002.0,0
8_50,2003.0,0
8_50,2004.0,0
8_50,2005.0,0
8_50,2006.0,0
8_50,2007.0,0
8_50,2008.0,0
8_50,2009.0,0
8_50,2010.0,0
8_50,2011.0,0
8_50,2012.0,0
8_50,2013.0,0
8_50,2014.0,0
8_50,2015.0,0
8_50,2016.0,0
8_50,2017.0,0
8_50,2018.0,0
8_50,2019.0,523
8_50,2020.0,664
8_7,2001.0,0
8_7,2002.0,0
8_7,2003.0,0
8_7,2004.0,0
8_7,2005.0,0
8_7,2006.0,0
8_7,2007.0,0
8_7,2008.0,0
8_7,2009.0,0
8_7,2010.0,0
8_7,2011.0,0
8_7,2012.0,0
8_7,2013.0,1617
8_7,2014.0,13042
8_7,2015.0,18745
8_7,2016.0,18612
8_7,2017.0,17039
8_7,2018.0,15716
8_7,2019.0,10539
8_7,2020.0,4540
8_9,2001.0,2583
8_9,2002.0,3628
8_9,2003.0,4039
8_9,2004.0,5534
8_9,2005.0,7985
8_9,2006.0,10233
8_9,2007.0,11657
8_9,2008.0,9940
8_9,2009.0,9401
8_9,2010.0,10856
8_9,2011.0,14663
8_9,2012.0,15918
8_9,2013.0,15512
8_9,2014.0,16880
8_9,2015.0,17442
8_9,2016.0,15781
8_9,2017.0,15263
8_9,2018.0,19961
8_9,2019.0,15789
8_9,2020.0,8801
90_1,2001.0,0
90_1,2002.0,0
90_1,2003.0,0
90_1,2004.0,0
90_1,2005.0,0
90_1,2006.0,0
90_1,2007.0,0
90_1,2008.0,0
90_1,2009.0,0
90_1,2010.0,0
90_1,2011.0,0
90_1,2012.0,0
90_1,2013.0,0
90_1,2014.0,606
90_1,2015.0,1266
90_1,2016.0,2195
90_1,2017.0,2362
90_1,2018.0,1762
90_1,2019.0,1186
90_1,2020.0,889
90_2,2001.0,0
90_2,2002.0,0
90_2,2003.0,0
90_2,2004.0,0
90_2,2005.0,0
90_2,2006.0,0
90_2,2007.0,0
90_2,2008.0,0
90_2,2009.0,0
90_2,2010.0,0
90_2,2011.0,0
90_2,2012.0,0
90_2,2013.0,0
90_2,2014.0,0
90_2,2015.0,0
90_2,2016.0,40
90_2,2017.0,1939
90_2,2018.0,1375
90_2,2019.0,1209
90_2,2020.0,1502
90_3,2001.0,0
90_3,2002.0,0
90_3,2003.0,0
90_3,2004.0,0
90_3,2005.0,0
90_3,2006.0,0
90_3,2007.0,0
90_3,2008.0,0
90_3,2009.0,0
90_3,2010.0,0
90_3,2011.0,0
90_3,2012.0,0
90_3,2013.0,0
90_3,2014.0,0
90_3,2015.0,0
90_3,2016.0,0
90_3,2017.0,0
90_3,2018.0,1
90_3,2019.0,10317
90_3,2020.0,22120
92_1,2001.0,0
92_1,2002.0,1
92_1,2003.0,2
92_1,2004.0,1
92_1,2005.0,2
92_1,2006.0,0
92_1,2007.0,1
92_1,2008.0,1
92_1,2009.0,0
92_1,2010.0,0
92_1,2011.0,3
92_1,2012.0,0
92_1,2013.0,0
92_1,2014.0,2
92_1,2015.0,3
92_1,2016.0,7
92_1,2017.0,59
92_1,2018.0,2
92_1,2019.0,2
92_1,2020.0,0
92_10,2001.0,1428
92_10,2002.0,1645
92_10,2003.0,2013
92_10,2004.0,2163
92_10,2005.0,1741
92_10,2006.0,1066
92_10,2007.0,0
92_10,2008.0,0
92_10,2009.0,1
92_10,2010.0,0
92_10,2011.0,0
92_10,2012.0,0
92_10,2013.0,0
92_10,2014.0,0
92_10,2015.0,0
92_10,2016.0,0
92_10,2017.0,0
92_10,2018.0,0
92_10,2019.0,0
92_10,2020.0,0
92_11,2001.0,3885
92_11,2002.0,7375
92_11,2003.0,10325
92_11,2004.0,13335
92_11,2005.0,18980
92_11,2006.0,19400
92_11,2007.0,7416
92_11,2008.0,4988
92_11,2009.0,1684
92_11,2010.0,20
92_11,2011.0,7
92_11,2012.0,7
92_11,2013.0,6
92_11,2014.0,22
92_11,2015.0,10
92_11,2016.0,9
92_11,2017.0,56
92_11,2018.0,4
92_11,2019.0,14079
92_11,2020.0,17817
92_14,2001.0,21
92_14,2002.0,57
92_14,2003.0,51
92_14,2004.0,57
92_14,2005.0,43
92_14,2006.0,111
92_14,2007.0,80
92_14,2008.0,91
92_14,2009.0,76
92_14,2010.0,48
92_14,2011.0,48
92_14,2012.0,59
92_14,2013.0,53
92_14,2014.0,34
92_14,2015.0,13
92_14,2016.0,1
92_14,2017.0,1
92_14,2018.0,0
92_14,2019.0,0
92_14,2020.0,0
92_16,2001.0,4
92_16,2002.0,0
92_16,2003.0,0
92_16,2004.0,0
92_16,2005.0,1
92_16,2006.0,0
92_16,2007.0,0
92_16,2008.0,0
92_16,2009.0,0
92_16,2010.0,0
92_16,2011.0,0
92_16,2012.0,0
92_16,2013.0,0
92_16,2014.0,0
92_16,2015.0,0
92_16,2016.0,0
92_16,2017.0,0
92_16,2018.0,0
92_16,2019.0,0
92_16,2020.0,0
92_17,2001.0,0
92_17,2002.0,0
92_17,2003.0,0
92_17,2004.0,0
92_17,2005.0,0
92_17,2006.0,0
92_17,2007.0,0
92_17,2008.0,0
92_17,2009.0,0
92_17,2010.0,0
92_17,2011.0,0
92_17,2012.0,1217
92_17,2013.0,1578
92_17,2014.0,946
92_17,2015.0,717
92_17,2016.0,644
92_17,2017.0,615
92_17,2018.0,449
92_17,2019.0,316
92_17,2020.0,250
92_18,2001.0,68
92_18,2002.0,22
92_18,2003.0,6
92_18,2004.0,11
92_18,2005.0,6
92_18,2006.0,8
92_18,2007.0,20
92_18,2008.0,72
92_18,2009.0,16
92_18,2010.0,5
92_18,2011.0,14
92_18,2012.0,2
92_18,2013.0,1
92_18,2014.0,0
92_18,2015.0,0
92_18,2016.0,0
92_18,2017.0,1
92_18,2018.0,0
92_18,2019.0,0
92_18,2020.0,0
92_19,2001.0,3
92_19,2002.0,3
92_19,2003.0,1
92_19,2004.0,2
92_19,2005.0,6
92_19,2006.0,1
92_19,2007.0,1
92_19,2008.0,2
92_19,2009.0,4
92_19,2010.0,1
92_19,2011.0,0
92_19,2012.0,1
92_19,2013.0,0
92_19,2014.0,0
92_19,2015.0,0
92_19,2016.0,0
92_19,2017.0,0
92_19,2018.0,0
92_19,2019.0,1
92_19,2020.0,0
92_20,2001.0,0
92_20,2002.0,0
92_20,2003.0,0
92_20,2004.0,0
92_20,2005.0,0
92_20,2006.0,0
92_20,2007.0,0
92_20,2008.0,12
92_20,2009.0,6466
92_20,2010.0,3835
92_20,2011.0,2546
92_20,2012.0,2367
92_20,2013.0,1326
92_20,2014.0,837
92_20,2015.0,10
92_20,2016.0,0
92_20,2017.0,0
92_20,2018.0,0
92_20,2019.0,0
92_20,2020.0,0
92_21,2001.0,1247
92_21,2002.0,1245
92_21,2003.0,1592
92_21,2004.0,2152
92_21,2005.0,2240
92_21,2006.0,1668
92_21,2007.0,1354
92_21,2008.0,744
92_21,2009.0,468
92_21,2010.0,714
92_21,2011.0,550
92_21,2012.0,454
92_21,2013.0,440
92_21,2014.0,775
92_21,2015.0,815
92_21,2016.0,665
92_21,2017.0,504
92_21,2018.0,648
92_21,2019.0,620
92_21,2020.0,341
92_25,2001.0,842
92_25,2002.0,1015
92_25,2003.0,1165
92_25,2004.0,1061
92_25,2005.0,743
92_25,2006.0,654
92_25,2007.0,0
92_25,2008.0,0
92_25,2009.0,0
92_25,2010.0,0
92_25,2011.0,0
92_25,2012.0,0
92_25,2013.0,0
92_25,2014.0,0
92_25,2015.0,1
92_25,2016.0,0
92_25,2017.0,0
92_25,2018.0,0
92_25,2019.0,0
92_25,2020.0,0
92_27,2001.0,40
92_27,2002.0,1
92_27,2003.0,0
92_27,2004.0,1
92_27,2005.0,1
92_27,2006.0,0
92_27,2007.0,0
92_27,2008.0,0
92_27,2009.0,0
92_27,2010.0,0
92_27,2011.0,0
92_27,2012.0,0
92_27,2013.0,0
92_27,2014.0,0
92_27,2015.0,0
92_27,2016.0,0
92_27,2017.0,0
92_27,2018.0,0
92_27,2019.0,0
92_27,2020.0,0
92_29,2001.0,738
92_29,2002.0,696
92_29,2003.0,1013
92_29,2004.0,1033
92_29,2005.0,946
92_29,2006.0,698
92_29,2007.0,3
92_29,2008.0,1
92_29,2009.0,1
92_29,2010.0,0
92_29,2011.0,0
92_29,2012.0,0
92_29,2013.0,0
92_29,2014.0,1
92_29,2015.0,0
92_29,2016.0,0
92_29,2017.0,27
92_29,2018.0,0
92_29,2019.0,0
92_29,2020.0,0
92_3,2001.0,0
92_3,2002.0,0
92_3,2003.0,0
92_3,2004.0,0
92_3,2005.0,0
92_3,2006.0,74
92_3,2007.0,14886
92_3,2008.0,14782
92_3,2009.0,12871
92_3,2010.0,10307
92_3,2011.0,9808
92_3,2012.0,8704
92_3,2013.0,14231
92_3,2014.0,16941
92_3,2015.0,16921
92_3,2016.0,14999
92_3,2017.0,12936
92_3,2018.0,12484
92_3,2019.0,1121
92_3,2020.0,0
92_30,2001.0,164
92_30,2002.0,92
92_30,2003.0,196
92_30,2004.0,1112
92_30,2005.0,2861
92_30,2006.0,3994
92_30,2007.0,7162
92_30,2008.0,7181
92_30,2009.0,6805
92_30,2010.0,9281
92_30,2011.0,6383
92_30,2012.0,6138
92_30,2013.0,5829
92_30,2014.0,6924
92_30,2015.0,5088
92_30,2016.0,5731
92_30,2017.0,4949
92_30,2018.0,4648
92_30,2019.0,3059
92_30,2020.0,1650
92_31,2001.0,0
92_31,2002.0,0
92_31,2003.0,0
92_31,2004.0,1
92_31,2005.0,0
92_31,2006.0,1
92_31,2007.0,0
92_31,2008.0,0
92_31,2009.0,1
92_31,2010.0,0
92_31,2011.0,22
92_31,2012.0,839
92_31,2013.0,1113
92_31,2014.0,840
92_31,2015.0,1115
92_31,2016.0,1135
92_31,2017.0,867
92_31,2018.0,937
92_31,2019.0,3573
92_31,2020.0,2723
92_32,2001.0,0
92_32,2002.0,0
92_32,2003.0,0
92_32,2004.0,0
92_32,2005.0,0
92_32,2006.0,0
92_32,2007.0,0
92_32,2008.0,0
92_32,2009.0,0
92_32,2010.0,0
92_32,2011.0,0
92_32,2012.0,0
92_32,2013.0,0
92_32,2014.0,0
92_32,2015.0,0
92_32,2016.0,0
92_32,2017.0,0
92_32,2018.0,1
92_32,2019.0,516
92_32,2020.0,431
92_34,2001.0,3095
92_34,2002.0,5353
92_34,2003.0,7229
92_34,2004.0,8709
92_34,2005.0,9289
92_34,2006.0,8079
92_34,2007.0,8206
92_34,2008.0,6438
92_34,2009.0,3949
92_34,2010.0,4541
92_34,2011.0,4230
92_34,2012.0,3712
92_34,2013.0,6522
92_34,2014.0,6756
92_34,2015.0,6200
92_34,2016.0,7930
92_34,2017.0,7696
92_34,2018.0,7278
92_34,2019.0,9458
92_34,2020.0,12450
92_35,2001.0,1
92_35,2002.0,0
92_35,2003.0,1
92_35,2004.0,0
92_35,2005.0,0
92_35,2006.0,0
92_35,2007.0,0
92_35,2008.0,0
92_35,2009.0,0
92_35,2010.0,0
92_35,2011.0,0
92_35,2012.0,0
92_35,2013.0,0
92_35,2014.0,0
92_35,2015.0,0
92_35,2016.0,0
92_35,2017.0,0
92_35,2018.0,0
92_35,2019.0,0
92_35,2020.0,0
92_36,2001.0,0
92_36,2002.0,0
92_36,2003.0,0
92_36,2004.0,0
92_36,2005.0,0
92_36,2006.0,0
92_36,2007.0,0
92_36,2008.0,0
92_36,2009.0,0
92_36,2010.0,0
92_36,2011.0,0
92_36,2012.0,0
92_36,2013.0,0
92_36,2014.0,0
92_36,2015.0,0
92_36,2016.0,1
92_36,2017.0,38
92_36,2018.0,0
92_36,2019.0,0
92_36,2020.0,0
92_37,2001.0,7
92_37,2002.0,7
92_37,2003.0,0
92_37,2004.0,1
92_37,2005.0,0
92_37,2006.0,0
92_37,2007.0,0
92_37,2008.0,0
92_37,2009.0,0
92_37,2010.0,0
92_37,2011.0,0
92_37,2012.0,0
92_37,2013.0,0
92_37,2014.0,0
92_37,2015.0,0
92_37,2016.0,0
92_37,2017.0,5
92_37,2018.0,0
92_37,2019.0,102
92_37,2020.0,259
92_39,2001.0,0
92_39,2002.0,0
92_39,2003.0,0
92_39,2004.0,0
92_39,2005.0,0
92_39,2006.0,0
92_39,2007.0,0
92_39,2008.0,0
92_39,2009.0,1310
92_39,2010.0,1275
92_39,2011.0,1078
92_39,2012.0,618
92_39,2013.0,2
92_39,2014.0,0
92_39,2015.0,0
92_39,2016.0,0
92_39,2017.0,0
92_39,2018.0,0
92_39,2019.0,0
92_39,2020.0,0
92_4,2001.0,1733
92_4,2002.0,2253
92_4,2003.0,4600
92_4,2004.0,6522
92_4,2005.0,7921
92_4,2006.0,9394
92_4,2007.0,9765
92_4,2008.0,8464
92_4,2009.0,9827
92_4,2010.0,10296
92_4,2011.0,6077
92_4,2012.0,6335
92_4,2013.0,4000
92_4,2014.0,3802
92_4,2015.0,3999
92_4,2016.0,4088
92_4,2017.0,2795
92_4,2018.0,1378
92_4,2019.0,1
92_4,2020.0,0
92_40,2001.0,0
92_40,2002.0,0
92_40,2003.0,0
92_40,2004.0,0
92_40,2005.0,0
92_40,2006.0,1
92_40,2007.0,0
92_40,2008.0,0
92_40,2009.0,0
92_40,2010.0,730
92_40,2011.0,4063
92_40,2012.0,3131
92_40,2013.0,3373
92_40,2014.0,3153
92_40,2015.0,3280
92_40,2016.0,3512
92_40,2017.0,2141
92_40,2018.0,827
92_40,2019.0,0
92_40,2020.0,0
92_44,2001.0,12369
92_44,2002.0,15589
92_44,2003.0,19227
92_44,2004.0,21479
92_44,2005.0,24004
92_44,2006.0,22153
92_44,2007.0,24872
92_44,2008.0,25444
92_44,2009.0,26669
92_44,2010.0,19710
92_44,2011.0,16479
92_44,2012.0,27768
92_44,2013.0,29127
92_44,2014.0,29225
92_44,2015.0,31025
92_44,2016.0,28590
92_44,2017.0,25666
92_44,2018.0,27188
92_44,2019.0,27557
92_44,2020.0,20813
92_6,2001.0,0
92_6,2002.0,0
92_6,2003.0,0
92_6,2004.0,0
92_6,2005.0,2004
92_6,2006.0,10500
92_6,2007.0,11327
92_6,2008.0,12731
92_6,2009.0,13448
92_6,2010.0,12325
92_6,2011.0,13026
92_6,2012.0,14868
92_6,2013.0,15142
92_6,2014.0,19227
92_6,2015.0,23005
92_6,2016.0,22027
92_6,2017.0,20584
92_6,2018.0,21371
92_6,2019.0,21768
92_6,2020.0,16537
92_8,2001.0,0
92_8,2002.0,0
92_8,2003.0,0
92_8,2004.0,0
92_8,2005.0,0
92_8,2006.0,0
92_8,2007.0,0
92_8,2008.0,0
92_8,2009.0,0
92_8,2010.0,0
92_8,2011.0,0
92_8,2012.0,0
92_8,2013.0,0
92_8,2014.0,0
92_8,2015.0,0
92_8,2016.0,482
92_8,2017.0,13014
92_8,2018.0,18052
92_8,2019.0,17346
92_8,2020.0,16351
92_9,2001.0,36
92_9,2002.0,139
92_9,2003.0,50
92_9,2004.0,36
92_9,2005.0,0
92_9,2006.0,0
92_9,2007.0,1
92_9,2008.0,0
92_9,2009.0,3
92_9,2010.0,1
92_9,2011.0,2
92_9,2012.0,0
92_9,2013.0,2
92_9,2014.0,1
92_9,2015.0,1
92_9,2016.0,1
92_9,2017.0,0
92_9,2018.0,0
92_9,2019.0,385
92_9,2020.0,398
94_1,2001.0,0
94_1,2002.0,0
94_1,2003.0,0
94_1,2004.0,0
94_1,2005.0,0
94_1,2006.0,0
94_1,2007.0,0
94_1,2008.0,0
94_1,2009.0,0
94_1,2010.0,0
94_1,2011.0,0
94_1,2012.0,47
94_1,2013.0,7623
94_1,2014.0,13213
94_1,2015.0,10590
94_1,2016.0,9170
94_1,2017.0,7160
94_1,2018.0,5240
94_1,2019.0,4716
94_1,2020.0,0
94_10,2001.0,0
94_10,2002.0,0
94_10,2003.0,0
94_10,2004.0,0
94_10,2005.0,0
94_10,2006.0,0
94_10,2007.0,0
94_10,2008.0,0
94_10,2009.0,0
94_10,2010.0,0
94_10,2011.0,0
94_10,2012.0,0
94_10,2013.0,0
94_10,2014.0,0
94_10,2015.0,0
94_10,2016.0,0
94_10,2017.0,2425
94_10,2018.0,12519
94_10,2019.0,15112
94_10,2020.0,18139
94_11,2001.0,136
94_11,2002.0,232
94_11,2003.0,425
94_11,2004.0,171
94_11,2005.0,11
94_11,2006.0,0
94_11,2007.0,0
94_11,2008.0,0
94_11,2009.0,0
94_11,2010.0,0
94_11,2011.0,0
94_11,2012.0,0
94_11,2013.0,0
94_11,2014.0,0
94_11,2015.0,0
94_11,2016.0,0
94_11,2017.0,0
94_11,2018.0,0
94_11,2019.0,0
94_11,2020.0,0
94_12,2001.0,0
94_12,2002.0,0
94_12,2003.0,0
94_12,2004.0,0
94_12,2005.0,0
94_12,2006.0,0
94_12,2007.0,0
94_12,2008.0,0
94_12,2009.0,0
94_12,2010.0,0
94_12,2011.0,0
94_12,2012.0,0
94_12,2013.0,0
94_12,2014.0,0
94_12,2015.0,0
94_12,2016.0,0
94_12,2017.0,49
94_12,2018.0,15903
94_12,2019.0,21625
94_12,2020.0,18195
94_13,2001.0,1
94_13,2002.0,0
94_13,2003.0,0
94_13,2004.0,0
94_13,2005.0,0
94_13,2006.0,0
94_13,2007.0,0
94_13,2008.0,242
94_13,2009.0,19901
94_13,2010.0,24496
94_13,2011.0,34315
94_13,2012.0,26411
94_13,2013.0,24382
94_13,2014.0,27838
94_13,2015.0,30531
94_13,2016.0,23111
94_13,2017.0,15459
94_13,2018.0,12737
94_13,2019.0,7408
94_13,2020.0,1325
94_14,2001.0,0
94_14,2002.0,0
94_14,2003.0,1311
94_14,2004.0,5564
94_14,2005.0,6631
94_14,2006.0,8718
94_14,2007.0,9068
94_14,2008.0,9161
94_14,2009.0,8046
94_14,2010.0,13227
94_14,2011.0,17771
94_14,2012.0,9952
94_14,2013.0,8296
94_14,2014.0,7861
94_14,2015.0,8328
94_14,2016.0,6500
94_14,2017.0,4340
94_14,2018.0,26
94_14,2019.0,0
94_14,2020.0,0
94_15,2001.0,0
94_15,2002.0,0
94_15,2003.0,0
94_15,2004.0,0
94_15,2005.0,0
94_15,2006.0,0
94_15,2007.0,0
94_15,2008.0,0
94_15,2009.0,0
94_15,2010.0,0
94_15,2011.0,0
94_15,2012.0,838
94_15,2013.0,13084
94_15,2014.0,32204
94_15,2015.0,43356
94_15,2016.0,40031
94_15,2017.0,34620
94_15,2018.0,30468
94_15,2019.0,21463
94_15,2020.0,0
94_17,2001.0,0
94_17,2002.0,0
94_17,2003.0,0
94_17,2004.0,90
94_17,2005.0,133
94_17,2006.0,126
94_17,2007.0,45
94_17,2008.0,0
94_17,2009.0,0
94_17,2010.0,0
94_17,2011.0,0
94_17,2012.0,0
94_17,2013.0,0
94_17,2014.0,0
94_17,2015.0,0
94_17,2016.0,0
94_17,2017.0,0
94_17,2018.0,0
94_17,2019.0,0
94_17,2020.0,0
94_18,2001.0,0
94_18,2002.0,1
94_18,2003.0,1
94_18,2004.0,3
94_18,2005.0,2
94_18,2006.0,0
94_18,2007.0,14
94_18,2008.0,4
94_18,2009.0,0
94_18,2010.0,0
94_18,2011.0,1
94_18,2012.0,22
94_18,2013.0,29
94_18,2014.0,57
94_18,2015.0,54
94_18,2016.0,47
94_18,2017.0,66
94_18,2018.0,68
94_18,2019.0,48
94_18,2020.0,58
94_19,2001.0,476
94_19,2002.0,632
94_19,2003.0,667
94_19,2004.0,35
94_19,2005.0,0
94_19,2006.0,1
94_19,2007.0,0
94_19,2008.0,1
94_19,2009.0,0
94_19,2010.0,0
94_19,2011.0,0
94_19,2012.0,0
94_19,2013.0,0
94_19,2014.0,0
94_19,2015.0,0
94_19,2016.0,0
94_19,2017.0,0
94_19,2018.0,0
94_19,2019.0,0
94_19,2020.0,0
94_2,2001.0,1347
94_2,2002.0,1373
94_2,2003.0,2336
94_2,2004.0,2123
94_2,2005.0,2004
94_2,2006.0,1880
94_2,2007.0,1514
94_2,2008.0,3669
94_2,2009.0,6450
94_2,2010.0,4317
94_2,2011.0,4674
94_2,2012.0,4341
94_2,2013.0,3761
94_2,2014.0,3703
94_2,2015.0,225
94_2,2016.0,3
94_2,2017.0,0
94_2,2018.0,0
94_2,2019.0,0
94_2,2020.0,0
94_20,2001.0,0
94_20,2002.0,0
94_20,2003.0,202
94_20,2004.0,572
94_20,2005.0,700
94_20,2006.0,1177
94_20,2007.0,689
94_20,2008.0,51
94_20,2009.0,0
94_20,2010.0,0
94_20,2011.0,1
94_20,2012.0,3
94_20,2013.0,0
94_20,2014.0,0
94_20,2015.0,0
94_20,2016.0,0
94_20,2017.0,0
94_20,2018.0,0
94_20,2019.0,0
94_20,2020.0,0
94_21,2001.0,3
94_21,2002.0,1
94_21,2003.0,0
94_21,2004.0,513
94_21,2005.0,2012
94_21,2006.0,2737
94_21,2007.0,2395
94_21,2008.0,1818
94_21,2009.0,2178
94_21,2010.0,12
94_21,2011.0,5
94_21,2012.0,0
94_21,2013.0,0
94_21,2014.0,0
94_21,2015.0,0
94_21,2016.0,0
94_21,2017.0,0
94_21,2018.0,0
94_21,2019.0,0
94_21,2020.0,0
94_22,2001.0,1445
94_22,2002.0,1653
94_22,2003.0,2504
94_22,2004.0,4417
94_22,2005.0,6928
94_22,2006.0,12589
94_22,2007.0,19777
94_22,2008.0,20567
94_22,2009.0,3255
94_22,2010.0,1
94_22,2011.0,0
94_22,2012.0,0
94_22,2013.0,0
94_22,2014.0,0
94_22,2015.0,0
94_22,2016.0,1
94_22,2017.0,0
94_22,2018.0,0
94_22,2019.0,0
94_22,2020.0,0
94_23,2001.0,0
94_23,2002.0,0
94_23,2003.0,1
94_23,2004.0,0
94_23,2005.0,0
94_23,2006.0,1
94_23,2007.0,0
94_23,2008.0,1
94_23,2009.0,1
94_23,2010.0,0
94_23,2011.0,0
94_23,2012.0,0
94_23,2013.0,0
94_23,2014.0,0
94_23,2015.0,5223
94_23,2016.0,13720
94_23,2017.0,9510
94_23,2018.0,5377
94_23,2019.0,4091
94_23,2020.0,0
94_24,2001.0,0
94_24,2002.0,2
94_24,2003.0,6
94_24,2004.0,2
94_24,2005.0,4
94_24,2006.0,47
94_24,2007.0,82
94_24,2008.0,87
94_24,2009.0,116
94_24,2010.0,62
94_24,2011.0,313
94_24,2012.0,581
94_24,2013.0,840
94_24,2014.0,741
94_24,2015.0,1037
94_24,2016.0,1452
94_24,2017.0,1055
94_24,2018.0,790
94_24,2019.0,387
94_24,2020.0,216
94_25,2001.0,1
94_25,2002.0,28
94_25,2003.0,89
94_25,2004.0,86
94_25,2005.0,36
94_25,2006.0,35
94_25,2007.0,2
94_25,2008.0,0
94_25,2009.0,0
94_25,2010.0,0
94_25,2011.0,0
94_25,2012.0,0
94_25,2013.0,0
94_25,2014.0,0
94_25,2015.0,0
94_25,2016.0,0
94_25,2017.0,0
94_25,2018.0,0
94_25,2019.0,0
94_25,2020.0,0
94_26,2001.0,0
94_26,2002.0,0
94_26,2003.0,0
94_26,2004.0,0
94_26,2005.0,0
94_26,2006.0,0
94_26,2007.0,110
94_26,2008.0,92
94_26,2009.0,170
94_26,2010.0,1
94_26,2011.0,0
94_26,2012.0,3
94_26,2013.0,1
94_26,2014.0,12
94_26,2015.0,11
94_26,2016.0,8
94_26,2017.0,7
94_26,2018.0,8
94_26,2019.0,0
94_26,2020.0,0
94_27,2001.0,2139
94_27,2002.0,4494
94_27,2003.0,7288
94_27,2004.0,12360
94_27,2005.0,14114
94_27,2006.0,20638
94_27,2007.0,26048
94_27,2008.0,27378
94_27,2009.0,15461
94_27,2010.0,24214
94_27,2011.0,17073
94_27,2012.0,19185
94_27,2013.0,30676
94_27,2014.0,28877
94_27,2015.0,14830
94_27,2016.0,11645
94_27,2017.0,10416
94_27,2018.0,4721
94_27,2019.0,6
94_27,2020.0,0
94_3,2001.0,0
94_3,2002.0,0
94_3,2003.0,0
94_3,2004.0,0
94_3,2005.0,0
94_3,2006.0,0
94_3,2007.0,0
94_3,2008.0,0
94_3,2009.0,0
94_3,2010.0,0
94_3,2011.0,0
94_3,2012.0,412
94_3,2013.0,223
94_3,2014.0,483
94_3,2015.0,91
94_3,2016.0,2
94_3,2017.0,0
94_3,2018.0,0
94_3,2019.0,0
94_3,2020.0,0
94_4,2001.0,0
94_4,2002.0,0
94_4,2003.0,0
94_4,2004.0,0
94_4,2005.0,0
94_4,2006.0,1
94_4,2007.0,732
94_4,2008.0,1067
94_4,2009.0,1102
94_4,2010.0,340
94_4,2011.0,1056
94_4,2012.0,6671
94_4,2013.0,7377
94_4,2014.0,2776
94_4,2015.0,2139
94_4,2016.0,842
94_4,2017.0,11
94_4,2018.0,0
94_4,2019.0,0
94_4,2020.0,0
94_5,2001.0,7679
94_5,2002.0,12820
94_5,2003.0,15954
94_5,2004.0,20319
94_5,2005.0,36609
94_5,2006.0,47892
94_5,2007.0,65907
94_5,2008.0,59771
94_5,2009.0,51501
94_5,2010.0,64991
94_5,2011.0,53252
94_5,2012.0,55697
94_5,2013.0,61849
94_5,2014.0,55257
94_5,2015.0,49244
94_5,2016.0,57009
94_5,2017.0,45275
94_5,2018.0,28741
94_5,2019.0,20595
94_5,2020.0,6020
94_7,2001.0,0
94_7,2002.0,0
94_7,2003.0,0
94_7,2004.0,0
94_7,2005.0,0
94_7,2006.0,0
94_7,2007.0,0
94_7,2008.0,0
94_7,2009.0,0
94_7,2010.0,0
94_7,2011.0,0
94_7,2012.0,0
94_7,2013.0,780
94_7,2014.0,708
94_7,2015.0,561
94_7,2016.0,499
94_7,2017.0,208
94_7,2018.0,49
94_7,2019.0,0
94_7,2020.0,0
94_8,2001.0,0
94_8,2002.0,0
94_8,2003.0,0
94_8,2004.0,3
94_8,2005.0,100
94_8,2006.0,154
94_8,2007.0,422
94_8,2008.0,121
94_8,2009.0,120
94_8,2010.0,240
94_8,2011.0,175
94_8,2012.0,116
94_8,2013.0,0
94_8,2014.0,0
94_8,2015.0,0
94_8,2016.0,0
94_8,2017.0,17
94_8,2018.0,359
94_8,2019.0,3412
94_8,2020.0,3196
94_9,2001.0,9124
94_9,2002.0,13771
94_9,2003.0,19848
94_9,2004.0,23338
94_9,2005.0,28477
94_9,2006.0,34960
94_9,2007.0,57993
94_9,2008.0,69691
94_9,2009.0,66071
94_9,2010.0,65057
94_9,2011.0,67713
94_9,2012.0,79535
94_9,2013.0,76413
94_9,2014.0,75586
94_9,2015.0,86840
94_9,2016.0,73362
94_9,2017.0,50049
94_9,2018.0,50042
94_9,2019.0,50763
94_9,2020.0,45080
95_11,2001.0,52
95_11,2002.0,34
95_11,2003.0,83
95_11,2004.0,489
95_11,2005.0,648
95_11,2006.0,566
95_11,2007.0,575
95_11,2008.0,535
95_11,2009.0,388
95_11,2010.0,596
95_11,2011.0,682
95_11,2012.0,820
95_11,2013.0,675
95_11,2014.0,575
95_11,2015.0,565
95_11,2016.0,41
95_11,2017.0,91
95_11,2018.0,60
95_11,2019.0,736
95_11,2020.0,615
95_12,2001.0,0
95_12,2002.0,0
95_12,2003.0,0
95_12,2004.0,0
95_12,2005.0,0
95_12,2006.0,0
95_12,2007.0,0
95_12,2008.0,0
95_12,2009.0,0
95_12,2010.0,0
95_12,2011.0,1
95_12,2012.0,3181
95_12,2013.0,3733
95_12,2014.0,3893
95_12,2015.0,2959
95_12,2016.0,1968
95_12,2017.0,256
95_12,2018.0,1
95_12,2019.0,0
95_12,2020.0,0
95_13,2001.0,0
95_13,2002.0,0
95_13,2003.0,1
95_13,2004.0,0
95_13,2005.0,0
95_13,2006.0,1764
95_13,2007.0,4131
95_13,2008.0,3334
95_13,2009.0,1539
95_13,2010.0,2176
95_13,2011.0,1395
95_13,2012.0,378
95_13,2013.0,455
95_13,2014.0,332
95_13,2015.0,523
95_13,2016.0,37
95_13,2017.0,0
95_13,2018.0,0
95_13,2019.0,0
95_13,2020.0,0
95_14,2001.0,0
95_14,2002.0,0
95_14,2003.0,0
95_14,2004.0,0
95_14,2005.0,0
95_14,2006.0,3944
95_14,2007.0,6429
95_14,2008.0,5365
95_14,2009.0,5454
95_14,2010.0,8503
95_14,2011.0,2578
95_14,2012.0,101
95_14,2013.0,0
95_14,2014.0,0
95_14,2015.0,0
95_14,2016.0,0
95_14,2017.0,0
95_14,2018.0,0
95_14,2019.0,0
95_14,2020.0,0
95_15,2001.0,15737
95_15,2002.0,26767
95_15,2003.0,30106
95_15,2004.0,28821
95_15,2005.0,39567
95_15,2006.0,48023
95_15,2007.0,58383
95_15,2008.0,54196
95_15,2009.0,52868
95_15,2010.0,52675
95_15,2011.0,56671
95_15,2012.0,56308
95_15,2013.0,59564
95_15,2014.0,68748
95_15,2015.0,70714
95_15,2016.0,66862
95_15,2017.0,70652
95_15,2018.0,63029
95_15,2019.0,57451
95_15,2020.0,41724
95_18,2001.0,0
95_18,2002.0,2
95_18,2003.0,6
95_18,2004.0,11
95_18,2005.0,75
95_18,2006.0,3904
95_18,2007.0,4715
95_18,2008.0,2926
95_18,2009.0,1915
95_18,2010.0,1069
95_18,2011.0,1525
95_18,2012.0,1943
95_18,2013.0,1693
95_18,2014.0,1506
95_18,2015.0,1724
95_18,2016.0,1143
95_18,2017.0,395
95_18,2018.0,31
95_18,2019.0,9
95_18,2020.0,4
95_19,2001.0,1657
95_19,2002.0,2245
95_19,2003.0,1464
95_19,2004.0,1440
95_19,2005.0,545
95_19,2006.0,3
95_19,2007.0,1
95_19,2008.0,0
95_19,2009.0,0
95_19,2010.0,1
95_19,2011.0,0
95_19,2012.0,0
95_19,2013.0,0
95_19,2014.0,0
95_19,2015.0,0
95_19,2016.0,0
95_19,2017.0,0
95_19,2018.0,0
95_19,2019.0,0
95_19,2020.0,0
95_2,2001.0,0
95_2,2002.0,0
95_2,2003.0,0
95_2,2004.0,0
95_2,2005.0,0
95_2,2006.0,0
95_2,2007.0,0
95_2,2008.0,0
95_2,2009.0,0
95_2,2010.0,0
95_2,2011.0,0
95_2,2012.0,0
95_2,2013.0,0
95_2,2014.0,0
95_2,2015.0,0
95_2,2016.0,0
95_2,2017.0,534
95_2,2018.0,2181
95_2,2019.0,2510
95_2,2020.0,1521
95_20,2001.0,2729
95_20,2002.0,4711
95_20,2003.0,7221
95_20,2004.0,8467
95_20,2005.0,10568
95_20,2006.0,14125
95_20,2007.0,18066
95_20,2008.0,16908
95_20,2009.0,17179
95_20,2010.0,15668
95_20,2011.0,21439
95_20,2012.0,16984
95_20,2013.0,14231
95_20,2014.0,16758
95_20,2015.0,17089
95_20,2016.0,16057
95_20,2017.0,14577
95_20,2018.0,11706
95_20,2019.0,7269
95_20,2020.0,5940
95_21,2001.0,0
95_21,2002.0,0
95_21,2003.0,26
95_21,2004.0,62
95_21,2005.0,84
95_21,2006.0,130
95_21,2007.0,144
95_21,2008.0,132
95_21,2009.0,141
95_21,2010.0,98
95_21,2011.0,162
95_21,2012.0,99
95_21,2013.0,90
95_21,2014.0,27
95_21,2015.0,7
95_21,2016.0,0
95_21,2017.0,0
95_21,2018.0,0
95_21,2019.0,0
95_21,2020.0,0
95_22,2001.0,8287
95_22,2002.0,12835
95_22,2003.0,20201
95_22,2004.0,22975
95_22,2005.0,24740
95_22,2006.0,27773
95_22,2007.0,29503
95_22,2008.0,30123
95_22,2009.0,26297
95_22,2010.0,40550
95_22,2011.0,41599
95_22,2012.0,38569
95_22,2013.0,39453
95_22,2014.0,45125
95_22,2015.0,52347
95_22,2016.0,51815
95_22,2017.0,44732
95_22,2018.0,43389
95_22,2019.0,36314
95_22,2020.0,26210
95_23,2001.0,0
95_23,2002.0,0
95_23,2003.0,5
95_23,2004.0,33
95_23,2005.0,1
95_23,2006.0,0
95_23,2007.0,1
95_23,2008.0,1110
95_23,2009.0,6070
95_23,2010.0,7028
95_23,2011.0,6544
95_23,2012.0,4668
95_23,2013.0,4538
95_23,2014.0,3862
95_23,2015.0,5571
95_23,2016.0,5244
95_23,2017.0,4403
95_23,2018.0,601
95_23,2019.0,0
95_23,2020.0,0
95_24,2001.0,284
95_24,2002.0,585
95_24,2003.0,893
95_24,2004.0,1244
95_24,2005.0,1775
95_24,2006.0,1606
95_24,2007.0,1564
95_24,2008.0,1072
95_24,2009.0,760
95_24,2010.0,885
95_24,2011.0,1989
95_24,2012.0,1851
95_24,2013.0,2153
95_24,2014.0,2802
95_24,2015.0,3023
95_24,2016.0,2819
95_24,2017.0,2886
95_24,2018.0,2763
95_24,2019.0,4416
95_24,2020.0,1430
95_25,2001.0,0
95_25,2002.0,0
95_25,2003.0,0
95_25,2004.0,0
95_25,2005.0,0
95_25,2006.0,0
95_25,2007.0,0
95_25,2008.0,0
95_25,2009.0,0
95_25,2010.0,0
95_25,2011.0,0
95_25,2012.0,0
95_25,2013.0,0
95_25,2014.0,0
95_25,2015.0,0
95_25,2016.0,0
95_25,2017.0,16
95_25,2018.0,15803
95_25,2019.0,21258
95_25,2020.0,16839
95_26,2001.0,0
95_26,2002.0,0
95_26,2003.0,0
95_26,2004.0,0
95_26,2005.0,0
95_26,2006.0,0
95_26,2007.0,1
95_26,2008.0,5388
95_26,2009.0,7250
95_26,2010.0,7435
95_26,2011.0,7370
95_26,2012.0,9620
95_26,2013.0,12827
95_26,2014.0,16098
95_26,2015.0,20860
95_26,2016.0,19237
95_26,2017.0,26625
95_26,2018.0,30636
95_26,2019.0,37182
95_26,2020.0,24794
95_28,2001.0,0
95_28,2002.0,1
95_28,2003.0,324
95_28,2004.0,1158
95_28,2005.0,1955
95_28,2006.0,2458
95_28,2007.0,2644
95_28,2008.0,1841
95_28,2009.0,1297
95_28,2010.0,825
95_28,2011.0,1872
95_28,2012.0,2025
95_28,2013.0,2515
95_28,2014.0,3327
95_28,2015.0,4351
95_28,2016.0,4083
95_28,2017.0,3288
95_28,2018.0,1614
95_28,2019.0,3301
95_28,2020.0,2224
95_29,2001.0,0
95_29,2002.0,0
95_29,2003.0,833
95_29,2004.0,4816
95_29,2005.0,6688
95_29,2006.0,7605
95_29,2007.0,8471
95_29,2008.0,6800
95_29,2009.0,6637
95_29,2010.0,5685
95_29,2011.0,6219
95_29,2012.0,5745
95_29,2013.0,5244
95_29,2014.0,4874
95_29,2015.0,3829
95_29,2016.0,3528
95_29,2017.0,3947
95_29,2018.0,3549
95_29,2019.0,2629
95_29,2020.0,2138
95_3,2001.0,2444
95_3,2002.0,2817
95_3,2003.0,4600
95_3,2004.0,5644
95_3,2005.0,4725
95_3,2006.0,4050
95_3,2007.0,3495
95_3,2008.0,2721
95_3,2009.0,1945
95_3,2010.0,2219
95_3,2011.0,686
95_3,2012.0,2262
95_3,2013.0,4482
95_3,2014.0,3699
95_3,2015.0,3285
95_3,2016.0,2273
95_3,2017.0,1483
95_3,2018.0,905
95_3,2019.0,0
95_3,2020.0,0
95_30,2001.0,20
95_30,2002.0,21
95_30,2003.0,22
95_30,2004.0,53
95_30,2005.0,63
95_30,2006.0,95
95_30,2007.0,1292
95_30,2008.0,1081
95_30,2009.0,485
95_30,2010.0,873
95_30,2011.0,700
95_30,2012.0,684
95_30,2013.0,924
95_30,2014.0,1089
95_30,2015.0,1128
95_30,2016.0,1226
95_30,2017.0,1253
95_30,2018.0,1642
95_30,2019.0,2219
95_30,2020.0,1020
95_33,2001.0,0
95_33,2002.0,0
95_33,2003.0,0
95_33,2004.0,0
95_33,2005.0,0
95_33,2006.0,0
95_33,2007.0,0
95_33,2008.0,0
95_33,2009.0,0
95_33,2010.0,0
95_33,2011.0,1
95_33,2012.0,13854
95_33,2013.0,20066
95_33,2014.0,21475
95_33,2015.0,16280
95_33,2016.0,12693
95_33,2017.0,12635
95_33,2018.0,12312
95_33,2019.0,8266
95_33,2020.0,3505
95_35,2001.0,0
95_35,2002.0,0
95_35,2003.0,0
95_35,2004.0,0
95_35,2005.0,0
95_35,2006.0,0
95_35,2007.0,0
95_35,2008.0,0
95_35,2009.0,0
95_35,2010.0,0
95_35,2011.0,0
95_35,2012.0,0
95_35,2013.0,0
95_35,2014.0,0
95_35,2015.0,12
95_35,2016.0,0
95_35,2017.0,0
95_35,2018.0,0
95_35,2019.0,0
95_35,2020.0,0
95_37,2001.0,0
95_37,2002.0,0
95_37,2003.0,0
95_37,2004.0,0
95_37,2005.0,0
95_37,2006.0,0
95_37,2007.0,0
95_37,2008.0,0
95_37,2009.0,0
95_37,2010.0,0
95_37,2011.0,0
95_37,2012.0,0
95_37,2013.0,0
95_37,2014.0,0
95_37,2015.0,0
95_37,2016.0,0
95_37,2017.0,0
95_37,2018.0,0
95_37,2019.0,6758
95_37,2020.0,7521
95_4,2001.0,1145
95_4,2002.0,2012
95_4,2003.0,2290
95_4,2004.0,2358
95_4,2005.0,2703
95_4,2006.0,393
95_4,2007.0,1
95_4,2008.0,0
95_4,2009.0,1
95_4,2010.0,7
95_4,2011.0,2
95_4,2012.0,0
95_4,2013.0,0
95_4,2014.0,0
95_4,2015.0,0
95_4,2016.0,0
95_4,2017.0,0
95_4,2018.0,0
95_4,2019.0,0
95_4,2020.0,0
95_5,2001.0,0
95_5,2002.0,3
95_5,2003.0,1
95_5,2004.0,3
95_5,2005.0,8
95_5,2006.0,38
95_5,2007.0,65
95_5,2008.0,410
95_5,2009.0,692
95_5,2010.0,934
95_5,2011.0,1205
95_5,2012.0,1244
95_5,2013.0,1279
95_5,2014.0,1281
95_5,2015.0,2074
95_5,2016.0,2130
95_5,2017.0,2780
95_5,2018.0,2525
95_5,2019.0,1162
95_5,2020.0,266
95_7,2001.0,0
95_7,2002.0,0
95_7,2003.0,0
95_7,2004.0,0
95_7,2005.0,0
95_7,2006.0,0
95_7,2007.0,0
95_7,2008.0,0
95_7,2009.0,0
95_7,2010.0,0
95_7,2011.0,0
95_7,2012.0,14
95_7,2013.0,49
95_7,2014.0,40
95_7,2015.0,55
95_7,2016.0,0
95_7,2017.0,0
95_7,2018.0,3
95_7,2019.0,1440
95_7,2020.0,1532
95_9,2001.0,0
95_9,2002.0,0
95_9,2003.0,0
95_9,2004.0,0
95_9,2005.0,0
95_9,2006.0,0
95_9,2007.0,0
95_9,2008.0,0
95_9,2009.0,0
95_9,2010.0,0
95_9,2011.0,1
95_9,2012.0,0
95_9,2013.0,0
95_9,2014.0,0
95_9,2015.0,0
95_9,2016.0,0
95_9,2017.0,1
95_9,2018.0,0
95_9,2019.0,1201
95_9,2020.0,188
96_1,2001.0,1
96_1,2002.0,0
96_1,2003.0,0
96_1,2004.0,0
96_1,2005.0,0
96_1,2006.0,165
96_1,2007.0,2948
96_1,2008.0,3984
96_1,2009.0,6321
96_1,2010.0,5801
96_1,2011.0,3426
96_1,2012.0,3010
96_1,2013.0,1006
96_1,2014.0,0
96_1,2015.0,0
96_1,2016.0,0
96_1,2017.0,0
96_1,2018.0,0
96_1,2019.0,0
96_1,2020.0,0
96_10,2001.0,1
96_10,2002.0,0
96_10,2003.0,0
96_10,2004.0,0
96_10,2005.0,0
96_10,2006.0,0
96_10,2007.0,0
96_10,2008.0,0
96_10,2009.0,0
96_10,2010.0,252
96_10,2011.0,2703
96_10,2012.0,4765
96_10,2013.0,3638
96_10,2014.0,3757
96_10,2015.0,3359
96_10,2016.0,3795
96_10,2017.0,3158
96_10,2018.0,3798
96_10,2019.0,4648
96_10,2020.0,2928
96_12,2001.0,2854
96_12,2002.0,3935
96_12,2003.0,3899
96_12,2004.0,4264
96_12,2005.0,4489
96_12,2006.0,3432
96_12,2007.0,3269
96_12,2008.0,3812
96_12,2009.0,4070
96_12,2010.0,3022
96_12,2011.0,2161
96_12,2012.0,1569
96_12,2013.0,1709
96_12,2014.0,1967
96_12,2015.0,1983
96_12,2016.0,747
96_12,2017.0,15
96_12,2018.0,1
96_12,2019.0,0
96_12,2020.0,0
96_14,2001.0,1
96_14,2002.0,0
96_14,2003.0,0
96_14,2004.0,0
96_14,2005.0,0
96_14,2006.0,0
96_14,2007.0,0
96_14,2008.0,0
96_14,2009.0,0
96_14,2010.0,0
96_14,2011.0,0
96_14,2012.0,0
96_14,2013.0,0
96_14,2014.0,0
96_14,2015.0,0
96_14,2016.0,429
96_14,2017.0,2859
96_14,2018.0,3864
96_14,2019.0,4296
96_14,2020.0,2353
96_16,2001.0,0
96_16,2002.0,0
96_16,2003.0,0
96_16,2004.0,0
96_16,2005.0,0
96_16,2006.0,0
96_16,2007.0,0
96_16,2008.0,308
96_16,2009.0,3373
96_16,2010.0,4548
96_16,2011.0,4727
96_16,2012.0,5046
96_16,2013.0,5250
96_16,2014.0,9102
96_16,2015.0,12830
96_16,2016.0,14808
96_16,2017.0,14994
96_16,2018.0,10840
96_16,2019.0,11182
96_16,2020.0,7694
96_17,2001.0,0
96_17,2002.0,119
96_17,2003.0,626
96_17,2004.0,963
96_17,2005.0,1524
96_17,2006.0,1347
96_17,2007.0,1423
96_17,2008.0,1059
96_17,2009.0,1067
96_17,2010.0,1447
96_17,2011.0,1863
96_17,2012.0,1360
96_17,2013.0,1549
96_17,2014.0,1710
96_17,2015.0,1586
96_17,2016.0,1006
96_17,2017.0,17
96_17,2018.0,0
96_17,2019.0,0
96_17,2020.0,0
96_18,2001.0,0
96_18,2002.0,0
96_18,2003.0,1507
96_18,2004.0,3901
96_18,2005.0,4614
96_18,2006.0,3547
96_18,2007.0,3232
96_18,2008.0,1879
96_18,2009.0,3633
96_18,2010.0,6392
96_18,2011.0,4368
96_18,2012.0,3003
96_18,2013.0,2438
96_18,2014.0,2319
96_18,2015.0,2756
96_18,2016.0,5254
96_18,2017.0,5564
96_18,2018.0,6475
96_18,2019.0,7495
96_18,2020.0,4969
96_19,2001.0,1
96_19,2002.0,1
96_19,2003.0,0
96_19,2004.0,0
96_19,2005.0,0
96_19,2006.0,0
96_19,2007.0,1
96_19,2008.0,2
96_19,2009.0,0
96_19,2010.0,0
96_19,2011.0,1
96_19,2012.0,0
96_19,2013.0,0
96_19,2014.0,0
96_19,2015.0,0
96_19,2016.0,0
96_19,2017.0,0
96_19,2018.0,0
96_19,2019.0,0
96_19,2020.0,0
96_2,2001.0,335
96_2,2002.0,408
96_2,2003.0,647
96_2,2004.0,682
96_2,2005.0,551
96_2,2006.0,1315
96_2,2007.0,1395
96_2,2008.0,1284
96_2,2009.0,990
96_2,2010.0,763
96_2,2011.0,485
96_2,2012.0,280
96_2,2013.0,230
96_2,2014.0,2
96_2,2015.0,0
96_2,2016.0,0
96_2,2017.0,0
96_2,2018.0,0
96_2,2019.0,0
96_2,2020.0,0
96_20,2001.0,0
96_20,2002.0,0
96_20,2003.0,0
96_20,2004.0,0
96_20,2005.0,0
96_20,2006.0,0
96_20,2007.0,0
96_20,2008.0,0
96_20,2009.0,0
96_20,2010.0,0
96_20,2011.0,0
96_20,2012.0,0
96_20,2013.0,0
96_20,2014.0,0
96_20,2015.0,0
96_20,2016.0,0
96_20,2017.0,8
96_20,2018.0,6616
96_20,2019.0,14894
96_20,2020.0,24281
96_3,2001.0,747
96_3,2002.0,1015
96_3,2003.0,1466
96_3,2004.0,2360
96_3,2005.0,2995
96_3,2006.0,3007
96_3,2007.0,2979
96_3,2008.0,4364
96_3,2009.0,3260
96_3,2010.0,2599
96_3,2011.0,1736
96_3,2012.0,1424
96_3,2013.0,39
96_3,2014.0,1
96_3,2015.0,0
96_3,2016.0,0
96_3,2017.0,0
96_3,2018.0,0
96_3,2019.0,0
96_3,2020.0,0
96_4,2001.0,595
96_4,2002.0,1386
96_4,2003.0,1886
96_4,2004.0,2054
96_4,2005.0,2214
96_4,2006.0,1547
96_4,2007.0,896
96_4,2008.0,468
96_4,2009.0,61
96_4,2010.0,775
96_4,2011.0,2171
96_4,2012.0,2008
96_4,2013.0,1583
96_4,2014.0,1600
96_4,2015.0,1343
96_4,2016.0,1190
96_4,2017.0,1109
96_4,2018.0,888
96_4,2019.0,1098
96_4,2020.0,1078
96_5,2001.0,482
96_5,2002.0,694
96_5,2003.0,800
96_5,2004.0,766
96_5,2005.0,757
96_5,2006.0,555
96_5,2007.0,1075
96_5,2008.0,903
96_5,2009.0,550
96_5,2010.0,684
96_5,2011.0,458
96_5,2012.0,386
96_5,2013.0,439
96_5,2014.0,388
96_5,2015.0,394
96_5,2016.0,176
96_5,2017.0,0
96_5,2018.0,0
96_5,2019.0,0
96_5,2020.0,0
96_6,2001.0,0
96_6,2002.0,0
96_6,2003.0,0
96_6,2004.0,0
96_6,2005.0,0
96_6,2006.0,0
96_6,2007.0,0
96_6,2008.0,0
96_6,2009.0,0
96_6,2010.0,0
96_6,2011.0,0
96_6,2012.0,0
96_6,2013.0,0
96_6,2014.0,0
96_6,2015.0,0
96_6,2016.0,283
96_6,2017.0,1368
96_6,2018.0,2389
96_6,2019.0,2050
96_6,2020.0,1025
96_7,2001.0,1150
96_7,2002.0,1525
96_7,2003.0,2079
96_7,2004.0,1537
96_7,2005.0,2
96_7,2006.0,0
96_7,2007.0,0
96_7,2008.0,1
96_7,2009.0,6
96_7,2010.0,1
96_7,2011.0,0
96_7,2012.0,2499
96_7,2013.0,11707
96_7,2014.0,16427
96_7,2015.0,15667
96_7,2016.0,15226
96_7,2017.0,13181
96_7,2018.0,12787
96_7,2019.0,8110
96_7,2020.0,0
96_9,2001.0,0
96_9,2002.0,0
96_9,2003.0,0
96_9,2004.0,1657
96_9,2005.0,3816
96_9,2006.0,4310
96_9,2007.0,4133
96_9,2008.0,7165
96_9,2009.0,5811
96_9,2010.0,5602
96_9,2011.0,4577
96_9,2012.0,3230
96_9,2013.0,6
96_9,2014.0,0
96_9,2015.0,0
96_9,2016.0,0
96_9,2017.0,0
96_9,2018.0,1
96_9,2019.0,0
96_9,2020.0,0
99_1,2001.0,0
99_1,2002.0,0
99_1,2003.0,0
99_1,2004.0,0
99_1,2005.0,0
99_1,2006.0,0
99_1,2007.0,0
99_1,2008.0,0
99_1,2009.0,0
99_1,2010.0,0
99_1,2011.0,0
99_1,2012.0,0
99_1,2013.0,0
99_1,2014.0,0
99_1,2015.0,7
99_1,2016.0,10
99_1,2017.0,2
99_1,2018.0,0
99_1,2019.0,0
99_1,2020.0,0
